zipcode,borough,neighborhoods,year,week_start,week_of_year,week_sin,week_cos,season,latitude,longitude,temp_mean,temp_max,temp_min,humidity_mean,precip_sum,temp_mean_lag7,temp_mean_lag14,humidity_mean_lag7,precip_7d,precip_14d,degree_days_14d,positives_last_1w,positives_last_2_4w,zip_detection_status,positive_count,elevated
00083,Manhattan,Central Park,2026,2026-06-01,22,0.4647,-0.8855,summer,40.7829,-73.9654,22.986,29.171,16.857,45.714,8.4,19.543,20.286,57.429,4.9,13.3,117.9,0,0,Detected in the past 2 weeks,0,0
00083,Manhattan,Central Park,2026,2026-06-08,23,0.3546,-0.935,summer,40.7829,-73.9654,25.257,30.643,20.414,55.714,12.5,22.986,19.543,45.714,8.4,20.9,156.9,0,0,Detected in the past 2 weeks,0,0
00083,Manhattan,Central Park,2026,2026-06-15,24,0.2393,-0.9709,summer,40.7829,-73.9654,23.1,27.743,18.329,52.143,21.2,25.257,22.986,55.714,12.5,33.7,181.2,0,0,Detected in the past 2 weeks,0,0
00083,Manhattan,Central Park,2026,2026-06-22,25,0.1205,-0.9927,summer,40.7829,-73.9654,22.6,26.157,19.386,72.714,46.3,23.1,25.257,52.143,21.2,67.5,176.0,0,0,Detected in the past 2 weeks,0,0
00083,Manhattan,Central Park,2026,2026-06-29,26,-0.0,-1.0,summer,40.7829,-73.9654,28.771,34.386,23.957,62.0,49.4,22.6,23.1,72.714,46.3,95.7,199.9,0,0,Detected in the past 2 weeks,0,0
00083,Manhattan,Central Park,2026,2026-07-06,27,-0.1205,-0.9927,summer,40.7829,-73.9654,23.071,26.9,19.986,80.429,84.4,28.771,22.6,62.0,49.4,133.8,198.8,0,0,Detected in the past 2 weeks,0,0
00083,Manhattan,Central Park,2026,2026-07-13,28,-0.2393,-0.9709,summer,40.7829,-73.9654,25.9,30.4,21.771,61.571,34.2,23.071,28.771,80.429,84.4,118.6,219.0,0,0,Detected in the past 2 weeks,0,0
00083,Manhattan,Central Park,2026,2026-07-20,29,-0.3546,-0.935,summer,40.7829,-73.9654,23.529,28.657,18.714,58.571,15.7,25.9,23.071,61.571,34.2,49.9,187.1,0,0,Detected in the past 2 weeks,1,1
00083,Manhattan,Central Park,2026,2026-07-27,30,-0.4647,-0.8855,summer,40.7829,-73.9654,23.729,27.914,20.686,79.0,103.5,23.529,25.9,58.571,15.7,119.2,187.6,1,0,Detected in the past 2 weeks,1,1
00083,Manhattan,Central Park,2026,2026-08-03,31,-0.5681,-0.823,summer,40.7829,-73.9654,25.786,30.529,22.1,75.857,52.9,23.729,23.529,79.0,103.5,156.4,188.3,1,1,Detected in the past 2 weeks,1,1
00083,Manhattan,Central Park,2026,2026-08-10,32,-0.6631,-0.7485,summer,40.7829,-73.9654,24.843,29.643,20.771,67.857,24.1,25.786,23.729,75.857,52.9,77.0,195.8,1,2,Detected in the past 2 weeks,1,1
00083,Manhattan,Central Park,2026,2026-08-17,33,-0.7485,-0.6631,summer,40.7829,-73.9654,23.54,28.04,19.72,78.2,38.8,24.843,25.786,67.857,24.1,62.9,177.5,1,3,Detected in the past 2 weeks,0,0
10001,Manhattan,,2026,2026-06-01,22,0.4647,-0.8855,summer,40.75065,-73.9973,22.943,29.514,16.571,47.143,9.4,19.529,20.214,58.571,5.5,14.9,117.3,0,0,Not detected,0,0
10001,Manhattan,,2026,2026-06-08,23,0.3546,-0.935,summer,40.75065,-73.9973,25.471,30.914,20.457,55.0,12.5,22.943,19.529,47.143,9.4,21.9,158.0,0,0,Not detected,0,0
10001,Manhattan,,2026,2026-06-15,24,0.2393,-0.9709,summer,40.75065,-73.9973,23.271,28.071,18.414,51.857,21.4,25.471,22.943,55.0,12.5,33.9,183.5,0,0,Not detected,0,0
10001,Manhattan,,2026,2026-06-22,25,0.1205,-0.9927,summer,40.75065,-73.9973,22.929,26.529,19.6,72.0,50.7,23.271,25.471,51.857,21.4,72.1,181.2,0,0,Not detected,0,0
10001,Manhattan,,2026,2026-06-29,26,-0.0,-1.0,summer,40.75065,-73.9973,29.414,35.257,24.071,59.429,31.8,22.929,23.271,72.0,50.7,82.5,207.6,0,0,Not detected,0,0
10001,Manhattan,,2026,2026-07-06,27,-0.1205,-0.9927,summer,40.75065,-73.9973,23.357,27.386,20.114,79.286,73.3,29.414,22.929,59.429,31.8,105.1,207.2,0,0,Not detected,0,0
10001,Manhattan,,2026,2026-07-13,28,-0.2393,-0.9709,summer,40.75065,-73.9973,26.543,31.343,22.186,58.286,32.8,23.357,29.414,79.286,73.3,106.1,229.6,0,0,Not detected,0,0
10001,Manhattan,,2026,2026-07-20,29,-0.3546,-0.935,summer,40.75065,-73.9973,23.457,28.643,18.643,60.286,21.7,26.543,23.357,58.286,32.8,54.5,192.9,0,0,Not detected,0,0
10001,Manhattan,,2026,2026-07-27,30,-0.4647,-0.8855,summer,40.75065,-73.9973,23.914,28.243,20.757,78.429,96.9,23.457,26.543,60.286,21.7,118.6,192.3,0,0,Not detected,0,0
10001,Manhattan,,2026,2026-08-03,31,-0.5681,-0.823,summer,40.75065,-73.9973,26.143,31.1,22.243,74.286,47.3,23.914,23.457,78.429,96.9,144.2,191.5,0,0,Not detected,0,0
10001,Manhattan,,2026,2026-08-10,32,-0.6631,-0.7485,summer,40.75065,-73.9973,25.2,29.986,20.971,66.857,31.5,26.143,23.914,74.286,47.3,78.8,202.3,0,0,Not detected,0,0
10001,Manhattan,,2026,2026-08-17,33,-0.7485,-0.6631,summer,40.75065,-73.9973,23.76,28.42,19.92,78.2,43.3,25.2,26.143,66.857,31.5,74.8,183.4,0,0,Not detected,0,0
10002,Manhattan,"Little Italy, Chinatown, Sara D. Roosevelt Park",2026,2026-06-01,22,0.4647,-0.8855,summer,40.71597,-73.9869,22.943,29.514,16.571,47.143,9.4,19.529,20.214,58.571,5.5,14.9,117.3,0,0,Detected in the past 2 weeks,0,0
10002,Manhattan,"Little Italy, Chinatown, Sara D. Roosevelt Park",2026,2026-06-08,23,0.3546,-0.935,summer,40.71597,-73.9869,25.471,30.914,20.457,55.0,12.5,22.943,19.529,47.143,9.4,21.9,158.0,0,0,Detected in the past 2 weeks,0,0
10002,Manhattan,"Little Italy, Chinatown, Sara D. Roosevelt Park",2026,2026-06-15,24,0.2393,-0.9709,summer,40.71597,-73.9869,23.271,28.071,18.414,51.857,21.4,25.471,22.943,55.0,12.5,33.9,183.5,0,0,Detected in the past 2 weeks,0,0
10002,Manhattan,"Little Italy, Chinatown, Sara D. Roosevelt Park",2026,2026-06-22,25,0.1205,-0.9927,summer,40.71597,-73.9869,22.929,26.529,19.6,72.0,50.7,23.271,25.471,51.857,21.4,72.1,181.2,0,0,Detected in the past 2 weeks,0,0
10002,Manhattan,"Little Italy, Chinatown, Sara D. Roosevelt Park",2026,2026-06-29,26,-0.0,-1.0,summer,40.71597,-73.9869,29.414,35.257,24.071,59.429,31.8,22.929,23.271,72.0,50.7,82.5,207.6,0,0,Detected in the past 2 weeks,0,0
10002,Manhattan,"Little Italy, Chinatown, Sara D. Roosevelt Park",2026,2026-07-06,27,-0.1205,-0.9927,summer,40.71597,-73.9869,23.357,27.386,20.114,79.286,73.3,29.414,22.929,59.429,31.8,105.1,207.2,0,0,Detected in the past 2 weeks,0,0
10002,Manhattan,"Little Italy, Chinatown, Sara D. Roosevelt Park",2026,2026-07-13,28,-0.2393,-0.9709,summer,40.71597,-73.9869,26.543,31.343,22.186,58.286,32.8,23.357,29.414,79.286,73.3,106.1,229.6,0,0,Detected in the past 2 weeks,0,0
10002,Manhattan,"Little Italy, Chinatown, Sara D. Roosevelt Park",2026,2026-07-20,29,-0.3546,-0.935,summer,40.71597,-73.9869,23.457,28.643,18.643,60.286,21.7,26.543,23.357,58.286,32.8,54.5,192.9,0,0,Detected in the past 2 weeks,0,0
10002,Manhattan,"Little Italy, Chinatown, Sara D. Roosevelt Park",2026,2026-07-27,30,-0.4647,-0.8855,summer,40.71597,-73.9869,23.914,28.243,20.757,78.429,96.9,23.457,26.543,60.286,21.7,118.6,192.3,0,0,Detected in the past 2 weeks,1,1
10002,Manhattan,"Little Italy, Chinatown, Sara D. Roosevelt Park",2026,2026-08-03,31,-0.5681,-0.823,summer,40.71597,-73.9869,26.143,31.1,22.243,74.286,47.3,23.914,23.457,78.429,96.9,144.2,191.5,1,0,Detected in the past 2 weeks,1,1
10002,Manhattan,"Little Italy, Chinatown, Sara D. Roosevelt Park",2026,2026-08-10,32,-0.6631,-0.7485,summer,40.71597,-73.9869,25.2,29.986,20.971,66.857,31.5,26.143,23.914,74.286,47.3,78.8,202.3,1,1,Detected in the past 2 weeks,1,1
10002,Manhattan,"Little Italy, Chinatown, Sara D. Roosevelt Park",2026,2026-08-17,33,-0.7485,-0.6631,summer,40.71597,-73.9869,23.76,28.42,19.92,78.2,43.3,25.2,26.143,66.857,31.5,74.8,183.4,1,2,Detected in the past 2 weeks,0,0
10003,Manhattan,,2026,2026-06-01,22,0.4647,-0.8855,summer,40.73186,-73.98912,22.943,29.514,16.571,47.143,9.4,19.529,20.214,58.571,5.5,14.9,117.3,0,0,Not detected,0,0
10003,Manhattan,,2026,2026-06-08,23,0.3546,-0.935,summer,40.73186,-73.98912,25.471,30.914,20.457,55.0,12.5,22.943,19.529,47.143,9.4,21.9,158.0,0,0,Not detected,0,0
10003,Manhattan,,2026,2026-06-15,24,0.2393,-0.9709,summer,40.73186,-73.98912,23.271,28.071,18.414,51.857,21.4,25.471,22.943,55.0,12.5,33.9,183.5,0,0,Not detected,0,0
10003,Manhattan,,2026,2026-06-22,25,0.1205,-0.9927,summer,40.73186,-73.98912,22.929,26.529,19.6,72.0,50.7,23.271,25.471,51.857,21.4,72.1,181.2,0,0,Not detected,0,0
10003,Manhattan,,2026,2026-06-29,26,-0.0,-1.0,summer,40.73186,-73.98912,29.414,35.257,24.071,59.429,31.8,22.929,23.271,72.0,50.7,82.5,207.6,0,0,Not detected,0,0
10003,Manhattan,,2026,2026-07-06,27,-0.1205,-0.9927,summer,40.73186,-73.98912,23.357,27.386,20.114,79.286,73.3,29.414,22.929,59.429,31.8,105.1,207.2,0,0,Not detected,0,0
10003,Manhattan,,2026,2026-07-13,28,-0.2393,-0.9709,summer,40.73186,-73.98912,26.543,31.343,22.186,58.286,32.8,23.357,29.414,79.286,73.3,106.1,229.6,0,0,Not detected,0,0
10003,Manhattan,,2026,2026-07-20,29,-0.3546,-0.935,summer,40.73186,-73.98912,23.457,28.643,18.643,60.286,21.7,26.543,23.357,58.286,32.8,54.5,192.9,0,0,Not detected,0,0
10003,Manhattan,,2026,2026-07-27,30,-0.4647,-0.8855,summer,40.73186,-73.98912,23.914,28.243,20.757,78.429,96.9,23.457,26.543,60.286,21.7,118.6,192.3,0,0,Not detected,0,0
10003,Manhattan,,2026,2026-08-03,31,-0.5681,-0.823,summer,40.73186,-73.98912,26.143,31.1,22.243,74.286,47.3,23.914,23.457,78.429,96.9,144.2,191.5,0,0,Not detected,0,0
10003,Manhattan,,2026,2026-08-10,32,-0.6631,-0.7485,summer,40.73186,-73.98912,25.2,29.986,20.971,66.857,31.5,26.143,23.914,74.286,47.3,78.8,202.3,0,0,Not detected,0,0
10003,Manhattan,,2026,2026-08-17,33,-0.7485,-0.6631,summer,40.73186,-73.98912,23.76,28.42,19.92,78.2,43.3,25.2,26.143,66.857,31.5,74.8,183.4,0,0,Not detected,0,0
10004,Manhattan,,2026,2026-06-01,22,0.4647,-0.8855,summer,40.6898,-74.01739,22.943,29.514,16.571,47.143,9.4,19.543,20.229,58.571,5.5,14.9,117.5,0,0,Not detected,0,0
10004,Manhattan,,2026,2026-06-08,23,0.3546,-0.935,summer,40.6898,-74.01739,25.471,30.914,20.457,55.0,12.5,22.943,19.543,47.143,9.4,21.9,158.1,0,0,Not detected,0,0
10004,Manhattan,,2026,2026-06-15,24,0.2393,-0.9709,summer,40.6898,-74.01739,23.3,28.071,18.414,51.857,21.4,25.471,22.943,55.0,12.5,33.9,183.7,0,0,Not detected,0,0
10004,Manhattan,,2026,2026-06-22,25,0.1205,-0.9927,summer,40.6898,-74.01739,22.929,26.529,19.6,72.0,50.7,23.3,25.471,51.857,21.4,72.1,181.4,0,0,Not detected,0,0
10004,Manhattan,,2026,2026-06-29,26,-0.0,-1.0,summer,40.6898,-74.01739,29.443,35.257,24.071,59.429,31.8,22.929,23.3,72.0,50.7,82.5,208.0,0,0,Not detected,0,0
10004,Manhattan,,2026,2026-07-06,27,-0.1205,-0.9927,summer,40.6898,-74.01739,23.386,27.386,20.114,79.286,73.3,29.443,22.929,59.429,31.8,105.1,207.6,0,0,Not detected,0,0
10004,Manhattan,,2026,2026-07-13,28,-0.2393,-0.9709,summer,40.6898,-74.01739,26.557,31.343,22.186,58.286,32.8,23.386,29.443,79.286,73.3,106.1,230.1,0,0,Not detected,0,0
10004,Manhattan,,2026,2026-07-20,29,-0.3546,-0.935,summer,40.6898,-74.01739,23.486,28.643,18.643,60.286,21.7,26.557,23.386,58.286,32.8,54.5,193.3,0,0,Not detected,0,0
10004,Manhattan,,2026,2026-07-27,30,-0.4647,-0.8855,summer,40.6898,-74.01739,23.929,28.243,20.757,78.429,96.9,23.486,26.557,60.286,21.7,118.6,192.7,0,0,Not detected,0,0
10004,Manhattan,,2026,2026-08-03,31,-0.5681,-0.823,summer,40.6898,-74.01739,26.157,31.1,22.243,74.286,47.3,23.929,23.486,78.429,96.9,144.2,191.8,0,0,Not detected,0,0
10004,Manhattan,,2026,2026-08-10,32,-0.6631,-0.7485,summer,40.6898,-74.01739,25.2,29.986,20.971,66.857,31.5,26.157,23.929,74.286,47.3,78.8,202.5,0,0,Not detected,0,0
10004,Manhattan,,2026,2026-08-17,33,-0.7485,-0.6631,summer,40.6898,-74.01739,23.78,28.42,19.92,78.2,43.3,25.2,26.157,66.857,31.5,74.8,183.6,0,0,Not detected,0,0
10005,Manhattan,,2026,2026-06-01,22,0.4647,-0.8855,summer,40.70622,-74.00869,22.943,29.514,16.571,47.143,9.4,19.529,20.214,58.571,5.5,14.9,117.3,0,0,Not detected,0,0
10005,Manhattan,,2026,2026-06-08,23,0.3546,-0.935,summer,40.70622,-74.00869,25.471,30.914,20.457,55.0,12.5,22.943,19.529,47.143,9.4,21.9,158.0,0,0,Not detected,0,0
10005,Manhattan,,2026,2026-06-15,24,0.2393,-0.9709,summer,40.70622,-74.00869,23.271,28.071,18.414,51.857,21.4,25.471,22.943,55.0,12.5,33.9,183.5,0,0,Not detected,0,0
10005,Manhattan,,2026,2026-06-22,25,0.1205,-0.9927,summer,40.70622,-74.00869,22.929,26.529,19.6,72.0,50.7,23.271,25.471,51.857,21.4,72.1,181.2,0,0,Not detected,0,0
10005,Manhattan,,2026,2026-06-29,26,-0.0,-1.0,summer,40.70622,-74.00869,29.414,35.257,24.071,59.429,31.8,22.929,23.271,72.0,50.7,82.5,207.6,0,0,Not detected,0,0
10005,Manhattan,,2026,2026-07-06,27,-0.1205,-0.9927,summer,40.70622,-74.00869,23.357,27.386,20.114,79.286,73.3,29.414,22.929,59.429,31.8,105.1,207.2,0,0,Not detected,0,0
10005,Manhattan,,2026,2026-07-13,28,-0.2393,-0.9709,summer,40.70622,-74.00869,26.543,31.343,22.186,58.286,32.8,23.357,29.414,79.286,73.3,106.1,229.6,0,0,Not detected,0,0
10005,Manhattan,,2026,2026-07-20,29,-0.3546,-0.935,summer,40.70622,-74.00869,23.457,28.643,18.643,60.286,21.7,26.543,23.357,58.286,32.8,54.5,192.9,0,0,Not detected,0,0
10005,Manhattan,,2026,2026-07-27,30,-0.4647,-0.8855,summer,40.70622,-74.00869,23.914,28.243,20.757,78.429,96.9,23.457,26.543,60.286,21.7,118.6,192.3,0,0,Not detected,0,0
10005,Manhattan,,2026,2026-08-03,31,-0.5681,-0.823,summer,40.70622,-74.00869,26.143,31.1,22.243,74.286,47.3,23.914,23.457,78.429,96.9,144.2,191.5,0,0,Not detected,0,0
10005,Manhattan,,2026,2026-08-10,32,-0.6631,-0.7485,summer,40.70622,-74.00869,25.2,29.986,20.971,66.857,31.5,26.143,23.914,74.286,47.3,78.8,202.3,0,0,Not detected,0,0
10005,Manhattan,,2026,2026-08-17,33,-0.7485,-0.6631,summer,40.70622,-74.00869,23.76,28.42,19.92,78.2,43.3,25.2,26.143,66.857,31.5,74.8,183.4,0,0,Not detected,0,0
10006,Manhattan,Financial District,2026,2026-06-01,22,0.4647,-0.8855,summer,40.70949,-74.01305,22.943,29.514,16.571,47.143,9.4,19.529,20.214,58.571,5.5,14.9,117.3,0,0,Detected in the past 2 weeks,0,0
10006,Manhattan,Financial District,2026,2026-06-08,23,0.3546,-0.935,summer,40.70949,-74.01305,25.471,30.914,20.457,55.0,12.5,22.943,19.529,47.143,9.4,21.9,158.0,0,0,Detected in the past 2 weeks,0,0
10006,Manhattan,Financial District,2026,2026-06-15,24,0.2393,-0.9709,summer,40.70949,-74.01305,23.271,28.071,18.414,51.857,21.4,25.471,22.943,55.0,12.5,33.9,183.5,0,0,Detected in the past 2 weeks,0,0
10006,Manhattan,Financial District,2026,2026-06-22,25,0.1205,-0.9927,summer,40.70949,-74.01305,22.929,26.529,19.6,72.0,50.7,23.271,25.471,51.857,21.4,72.1,181.2,0,0,Detected in the past 2 weeks,0,0
10006,Manhattan,Financial District,2026,2026-06-29,26,-0.0,-1.0,summer,40.70949,-74.01305,29.414,35.257,24.071,59.429,31.8,22.929,23.271,72.0,50.7,82.5,207.6,0,0,Detected in the past 2 weeks,0,0
10006,Manhattan,Financial District,2026,2026-07-06,27,-0.1205,-0.9927,summer,40.70949,-74.01305,23.357,27.386,20.114,79.286,73.3,29.414,22.929,59.429,31.8,105.1,207.2,0,0,Detected in the past 2 weeks,0,0
10006,Manhattan,Financial District,2026,2026-07-13,28,-0.2393,-0.9709,summer,40.70949,-74.01305,26.543,31.343,22.186,58.286,32.8,23.357,29.414,79.286,73.3,106.1,229.6,0,0,Detected in the past 2 weeks,0,0
10006,Manhattan,Financial District,2026,2026-07-20,29,-0.3546,-0.935,summer,40.70949,-74.01305,23.457,28.643,18.643,60.286,21.7,26.543,23.357,58.286,32.8,54.5,192.9,0,0,Detected in the past 2 weeks,0,0
10006,Manhattan,Financial District,2026,2026-07-27,30,-0.4647,-0.8855,summer,40.70949,-74.01305,23.914,28.243,20.757,78.429,96.9,23.457,26.543,60.286,21.7,118.6,192.3,0,0,Detected in the past 2 weeks,0,0
10006,Manhattan,Financial District,2026,2026-08-03,31,-0.5681,-0.823,summer,40.70949,-74.01305,26.143,31.1,22.243,74.286,47.3,23.914,23.457,78.429,96.9,144.2,191.5,0,0,Detected in the past 2 weeks,1,1
10006,Manhattan,Financial District,2026,2026-08-10,32,-0.6631,-0.7485,summer,40.70949,-74.01305,25.2,29.986,20.971,66.857,31.5,26.143,23.914,74.286,47.3,78.8,202.3,1,0,Detected in the past 2 weeks,0,0
10006,Manhattan,Financial District,2026,2026-08-17,33,-0.7485,-0.6631,summer,40.70949,-74.01305,23.76,28.42,19.92,78.2,43.3,25.2,26.143,66.857,31.5,74.8,183.4,0,1,Detected in the past 2 weeks,0,0
10007,Manhattan,,2026,2026-06-01,22,0.4647,-0.8855,summer,40.71387,-74.00787,22.943,29.514,16.571,47.143,9.4,19.529,20.214,58.571,5.5,14.9,117.3,0,0,Not detected,0,0
10007,Manhattan,,2026,2026-06-08,23,0.3546,-0.935,summer,40.71387,-74.00787,25.471,30.914,20.457,55.0,12.5,22.943,19.529,47.143,9.4,21.9,158.0,0,0,Not detected,0,0
10007,Manhattan,,2026,2026-06-15,24,0.2393,-0.9709,summer,40.71387,-74.00787,23.271,28.071,18.414,51.857,21.4,25.471,22.943,55.0,12.5,33.9,183.5,0,0,Not detected,0,0
10007,Manhattan,,2026,2026-06-22,25,0.1205,-0.9927,summer,40.71387,-74.00787,22.929,26.529,19.6,72.0,50.7,23.271,25.471,51.857,21.4,72.1,181.2,0,0,Not detected,0,0
10007,Manhattan,,2026,2026-06-29,26,-0.0,-1.0,summer,40.71387,-74.00787,29.414,35.257,24.071,59.429,31.8,22.929,23.271,72.0,50.7,82.5,207.6,0,0,Not detected,0,0
10007,Manhattan,,2026,2026-07-06,27,-0.1205,-0.9927,summer,40.71387,-74.00787,23.357,27.386,20.114,79.286,73.3,29.414,22.929,59.429,31.8,105.1,207.2,0,0,Not detected,0,0
10007,Manhattan,,2026,2026-07-13,28,-0.2393,-0.9709,summer,40.71387,-74.00787,26.543,31.343,22.186,58.286,32.8,23.357,29.414,79.286,73.3,106.1,229.6,0,0,Not detected,0,0
10007,Manhattan,,2026,2026-07-20,29,-0.3546,-0.935,summer,40.71387,-74.00787,23.457,28.643,18.643,60.286,21.7,26.543,23.357,58.286,32.8,54.5,192.9,0,0,Not detected,0,0
10007,Manhattan,,2026,2026-07-27,30,-0.4647,-0.8855,summer,40.71387,-74.00787,23.914,28.243,20.757,78.429,96.9,23.457,26.543,60.286,21.7,118.6,192.3,0,0,Not detected,0,0
10007,Manhattan,,2026,2026-08-03,31,-0.5681,-0.823,summer,40.71387,-74.00787,26.143,31.1,22.243,74.286,47.3,23.914,23.457,78.429,96.9,144.2,191.5,0,0,Not detected,0,0
10007,Manhattan,,2026,2026-08-10,32,-0.6631,-0.7485,summer,40.71387,-74.00787,25.2,29.986,20.971,66.857,31.5,26.143,23.914,74.286,47.3,78.8,202.3,0,0,Not detected,0,0
10007,Manhattan,,2026,2026-08-17,33,-0.7485,-0.6631,summer,40.71387,-74.00787,23.76,28.42,19.92,78.2,43.3,25.2,26.143,66.857,31.5,74.8,183.4,0,0,Not detected,0,0
10009,Manhattan,,2026,2026-06-01,22,0.4647,-0.8855,summer,40.72639,-73.9786,22.943,29.514,16.571,47.143,9.4,19.529,20.214,58.571,5.5,14.9,117.3,0,0,Not detected,0,0
10009,Manhattan,,2026,2026-06-08,23,0.3546,-0.935,summer,40.72639,-73.9786,25.471,30.914,20.457,55.0,12.5,22.943,19.529,47.143,9.4,21.9,158.0,0,0,Not detected,0,0
10009,Manhattan,,2026,2026-06-15,24,0.2393,-0.9709,summer,40.72639,-73.9786,23.271,28.071,18.414,51.857,21.4,25.471,22.943,55.0,12.5,33.9,183.5,0,0,Not detected,0,0
10009,Manhattan,,2026,2026-06-22,25,0.1205,-0.9927,summer,40.72639,-73.9786,22.929,26.529,19.6,72.0,50.7,23.271,25.471,51.857,21.4,72.1,181.2,0,0,Not detected,0,0
10009,Manhattan,,2026,2026-06-29,26,-0.0,-1.0,summer,40.72639,-73.9786,29.414,35.257,24.071,59.429,31.8,22.929,23.271,72.0,50.7,82.5,207.6,0,0,Not detected,0,0
10009,Manhattan,,2026,2026-07-06,27,-0.1205,-0.9927,summer,40.72639,-73.9786,23.357,27.386,20.114,79.286,73.3,29.414,22.929,59.429,31.8,105.1,207.2,0,0,Not detected,0,0
10009,Manhattan,,2026,2026-07-13,28,-0.2393,-0.9709,summer,40.72639,-73.9786,26.543,31.343,22.186,58.286,32.8,23.357,29.414,79.286,73.3,106.1,229.6,0,0,Not detected,0,0
10009,Manhattan,,2026,2026-07-20,29,-0.3546,-0.935,summer,40.72639,-73.9786,23.457,28.643,18.643,60.286,21.7,26.543,23.357,58.286,32.8,54.5,192.9,0,0,Not detected,0,0
10009,Manhattan,,2026,2026-07-27,30,-0.4647,-0.8855,summer,40.72639,-73.9786,23.914,28.243,20.757,78.429,96.9,23.457,26.543,60.286,21.7,118.6,192.3,0,0,Not detected,0,0
10009,Manhattan,,2026,2026-08-03,31,-0.5681,-0.823,summer,40.72639,-73.9786,26.143,31.1,22.243,74.286,47.3,23.914,23.457,78.429,96.9,144.2,191.5,0,0,Not detected,0,0
10009,Manhattan,,2026,2026-08-10,32,-0.6631,-0.7485,summer,40.72639,-73.9786,25.2,29.986,20.971,66.857,31.5,26.143,23.914,74.286,47.3,78.8,202.3,0,0,Not detected,0,0
10009,Manhattan,,2026,2026-08-17,33,-0.7485,-0.6631,summer,40.72639,-73.9786,23.76,28.42,19.92,78.2,43.3,25.2,26.143,66.857,31.5,74.8,183.4,0,0,Not detected,0,0
10010,Manhattan,,2026,2026-06-01,22,0.4647,-0.8855,summer,40.73904,-73.98262,22.943,29.514,16.571,47.143,9.4,19.529,20.214,58.571,5.5,14.9,117.3,0,0,Not detected,0,0
10010,Manhattan,,2026,2026-06-08,23,0.3546,-0.935,summer,40.73904,-73.98262,25.471,30.914,20.457,55.0,12.5,22.943,19.529,47.143,9.4,21.9,158.0,0,0,Not detected,0,0
10010,Manhattan,,2026,2026-06-15,24,0.2393,-0.9709,summer,40.73904,-73.98262,23.271,28.071,18.414,51.857,21.4,25.471,22.943,55.0,12.5,33.9,183.5,0,0,Not detected,0,0
10010,Manhattan,,2026,2026-06-22,25,0.1205,-0.9927,summer,40.73904,-73.98262,22.929,26.529,19.6,72.0,50.7,23.271,25.471,51.857,21.4,72.1,181.2,0,0,Not detected,0,0
10010,Manhattan,,2026,2026-06-29,26,-0.0,-1.0,summer,40.73904,-73.98262,29.414,35.257,24.071,59.429,31.8,22.929,23.271,72.0,50.7,82.5,207.6,0,0,Not detected,0,0
10010,Manhattan,,2026,2026-07-06,27,-0.1205,-0.9927,summer,40.73904,-73.98262,23.357,27.386,20.114,79.286,73.3,29.414,22.929,59.429,31.8,105.1,207.2,0,0,Not detected,0,0
10010,Manhattan,,2026,2026-07-13,28,-0.2393,-0.9709,summer,40.73904,-73.98262,26.543,31.343,22.186,58.286,32.8,23.357,29.414,79.286,73.3,106.1,229.6,0,0,Not detected,0,0
10010,Manhattan,,2026,2026-07-20,29,-0.3546,-0.935,summer,40.73904,-73.98262,23.457,28.643,18.643,60.286,21.7,26.543,23.357,58.286,32.8,54.5,192.9,0,0,Not detected,0,0
10010,Manhattan,,2026,2026-07-27,30,-0.4647,-0.8855,summer,40.73904,-73.98262,23.914,28.243,20.757,78.429,96.9,23.457,26.543,60.286,21.7,118.6,192.3,0,0,Not detected,0,0
10010,Manhattan,,2026,2026-08-03,31,-0.5681,-0.823,summer,40.73904,-73.98262,26.143,31.1,22.243,74.286,47.3,23.914,23.457,78.429,96.9,144.2,191.5,0,0,Not detected,0,0
10010,Manhattan,,2026,2026-08-10,32,-0.6631,-0.7485,summer,40.73904,-73.98262,25.2,29.986,20.971,66.857,31.5,26.143,23.914,74.286,47.3,78.8,202.3,0,0,Not detected,0,0
10010,Manhattan,,2026,2026-08-17,33,-0.7485,-0.6631,summer,40.73904,-73.98262,23.76,28.42,19.92,78.2,43.3,25.2,26.143,66.857,31.5,74.8,183.4,0,0,Not detected,0,0
10011,Manhattan,Greenwich Village,2026,2026-06-01,22,0.4647,-0.8855,summer,40.74184,-74.00053,22.943,29.514,16.571,47.143,9.4,19.529,20.214,58.571,5.5,14.9,117.3,0,0,Detected in the past 2 weeks,0,0
10011,Manhattan,Greenwich Village,2026,2026-06-08,23,0.3546,-0.935,summer,40.74184,-74.00053,25.471,30.914,20.457,55.0,12.5,22.943,19.529,47.143,9.4,21.9,158.0,0,0,Detected in the past 2 weeks,0,0
10011,Manhattan,Greenwich Village,2026,2026-06-15,24,0.2393,-0.9709,summer,40.74184,-74.00053,23.271,28.071,18.414,51.857,21.4,25.471,22.943,55.0,12.5,33.9,183.5,0,0,Detected in the past 2 weeks,0,0
10011,Manhattan,Greenwich Village,2026,2026-06-22,25,0.1205,-0.9927,summer,40.74184,-74.00053,22.929,26.529,19.6,72.0,50.7,23.271,25.471,51.857,21.4,72.1,181.2,0,0,Detected in the past 2 weeks,0,0
10011,Manhattan,Greenwich Village,2026,2026-06-29,26,-0.0,-1.0,summer,40.74184,-74.00053,29.414,35.257,24.071,59.429,31.8,22.929,23.271,72.0,50.7,82.5,207.6,0,0,Detected in the past 2 weeks,0,0
10011,Manhattan,Greenwich Village,2026,2026-07-06,27,-0.1205,-0.9927,summer,40.74184,-74.00053,23.357,27.386,20.114,79.286,73.3,29.414,22.929,59.429,31.8,105.1,207.2,0,0,Detected in the past 2 weeks,0,0
10011,Manhattan,Greenwich Village,2026,2026-07-13,28,-0.2393,-0.9709,summer,40.74184,-74.00053,26.543,31.343,22.186,58.286,32.8,23.357,29.414,79.286,73.3,106.1,229.6,0,0,Detected in the past 2 weeks,0,0
10011,Manhattan,Greenwich Village,2026,2026-07-20,29,-0.3546,-0.935,summer,40.74184,-74.00053,23.457,28.643,18.643,60.286,21.7,26.543,23.357,58.286,32.8,54.5,192.9,0,0,Detected in the past 2 weeks,0,0
10011,Manhattan,Greenwich Village,2026,2026-07-27,30,-0.4647,-0.8855,summer,40.74184,-74.00053,23.914,28.243,20.757,78.429,96.9,23.457,26.543,60.286,21.7,118.6,192.3,0,0,Detected in the past 2 weeks,0,0
10011,Manhattan,Greenwich Village,2026,2026-08-03,31,-0.5681,-0.823,summer,40.74184,-74.00053,26.143,31.1,22.243,74.286,47.3,23.914,23.457,78.429,96.9,144.2,191.5,0,0,Detected in the past 2 weeks,1,1
10011,Manhattan,Greenwich Village,2026,2026-08-10,32,-0.6631,-0.7485,summer,40.74184,-74.00053,25.2,29.986,20.971,66.857,31.5,26.143,23.914,74.286,47.3,78.8,202.3,1,0,Detected in the past 2 weeks,1,1
10011,Manhattan,Greenwich Village,2026,2026-08-17,33,-0.7485,-0.6631,summer,40.74184,-74.00053,23.76,28.42,19.92,78.2,43.3,25.2,26.143,66.857,31.5,74.8,183.4,1,1,Detected in the past 2 weeks,0,0
10012,Manhattan,,2026,2026-06-01,22,0.4647,-0.8855,summer,40.72563,-73.99794,22.943,29.514,16.571,47.143,9.4,19.529,20.214,58.571,5.5,14.9,117.3,0,0,Not detected,0,0
10012,Manhattan,,2026,2026-06-08,23,0.3546,-0.935,summer,40.72563,-73.99794,25.471,30.914,20.457,55.0,12.5,22.943,19.529,47.143,9.4,21.9,158.0,0,0,Not detected,0,0
10012,Manhattan,,2026,2026-06-15,24,0.2393,-0.9709,summer,40.72563,-73.99794,23.271,28.071,18.414,51.857,21.4,25.471,22.943,55.0,12.5,33.9,183.5,0,0,Not detected,0,0
10012,Manhattan,,2026,2026-06-22,25,0.1205,-0.9927,summer,40.72563,-73.99794,22.929,26.529,19.6,72.0,50.7,23.271,25.471,51.857,21.4,72.1,181.2,0,0,Not detected,0,0
10012,Manhattan,,2026,2026-06-29,26,-0.0,-1.0,summer,40.72563,-73.99794,29.414,35.257,24.071,59.429,31.8,22.929,23.271,72.0,50.7,82.5,207.6,0,0,Not detected,0,0
10012,Manhattan,,2026,2026-07-06,27,-0.1205,-0.9927,summer,40.72563,-73.99794,23.357,27.386,20.114,79.286,73.3,29.414,22.929,59.429,31.8,105.1,207.2,0,0,Not detected,0,0
10012,Manhattan,,2026,2026-07-13,28,-0.2393,-0.9709,summer,40.72563,-73.99794,26.543,31.343,22.186,58.286,32.8,23.357,29.414,79.286,73.3,106.1,229.6,0,0,Not detected,0,0
10012,Manhattan,,2026,2026-07-20,29,-0.3546,-0.935,summer,40.72563,-73.99794,23.457,28.643,18.643,60.286,21.7,26.543,23.357,58.286,32.8,54.5,192.9,0,0,Not detected,0,0
10012,Manhattan,,2026,2026-07-27,30,-0.4647,-0.8855,summer,40.72563,-73.99794,23.914,28.243,20.757,78.429,96.9,23.457,26.543,60.286,21.7,118.6,192.3,0,0,Not detected,0,0
10012,Manhattan,,2026,2026-08-03,31,-0.5681,-0.823,summer,40.72563,-73.99794,26.143,31.1,22.243,74.286,47.3,23.914,23.457,78.429,96.9,144.2,191.5,0,0,Not detected,0,0
10012,Manhattan,,2026,2026-08-10,32,-0.6631,-0.7485,summer,40.72563,-73.99794,25.2,29.986,20.971,66.857,31.5,26.143,23.914,74.286,47.3,78.8,202.3,0,0,Not detected,0,0
10012,Manhattan,,2026,2026-08-17,33,-0.7485,-0.6631,summer,40.72563,-73.99794,23.76,28.42,19.92,78.2,43.3,25.2,26.143,66.857,31.5,74.8,183.4,0,0,Not detected,0,0
10013,Manhattan,,2026,2026-06-01,22,0.4647,-0.8855,summer,40.72005,-74.00481,22.943,29.514,16.571,47.143,9.4,19.529,20.214,58.571,5.5,14.9,117.3,0,0,Not detected,0,0
10013,Manhattan,,2026,2026-06-08,23,0.3546,-0.935,summer,40.72005,-74.00481,25.471,30.914,20.457,55.0,12.5,22.943,19.529,47.143,9.4,21.9,158.0,0,0,Not detected,0,0
10013,Manhattan,,2026,2026-06-15,24,0.2393,-0.9709,summer,40.72005,-74.00481,23.271,28.071,18.414,51.857,21.4,25.471,22.943,55.0,12.5,33.9,183.5,0,0,Not detected,0,0
10013,Manhattan,,2026,2026-06-22,25,0.1205,-0.9927,summer,40.72005,-74.00481,22.929,26.529,19.6,72.0,50.7,23.271,25.471,51.857,21.4,72.1,181.2,0,0,Not detected,0,0
10013,Manhattan,,2026,2026-06-29,26,-0.0,-1.0,summer,40.72005,-74.00481,29.414,35.257,24.071,59.429,31.8,22.929,23.271,72.0,50.7,82.5,207.6,0,0,Not detected,0,0
10013,Manhattan,,2026,2026-07-06,27,-0.1205,-0.9927,summer,40.72005,-74.00481,23.357,27.386,20.114,79.286,73.3,29.414,22.929,59.429,31.8,105.1,207.2,0,0,Not detected,0,0
10013,Manhattan,,2026,2026-07-13,28,-0.2393,-0.9709,summer,40.72005,-74.00481,26.543,31.343,22.186,58.286,32.8,23.357,29.414,79.286,73.3,106.1,229.6,0,0,Not detected,0,0
10013,Manhattan,,2026,2026-07-20,29,-0.3546,-0.935,summer,40.72005,-74.00481,23.457,28.643,18.643,60.286,21.7,26.543,23.357,58.286,32.8,54.5,192.9,0,0,Not detected,0,0
10013,Manhattan,,2026,2026-07-27,30,-0.4647,-0.8855,summer,40.72005,-74.00481,23.914,28.243,20.757,78.429,96.9,23.457,26.543,60.286,21.7,118.6,192.3,0,0,Not detected,0,0
10013,Manhattan,,2026,2026-08-03,31,-0.5681,-0.823,summer,40.72005,-74.00481,26.143,31.1,22.243,74.286,47.3,23.914,23.457,78.429,96.9,144.2,191.5,0,0,Not detected,0,0
10013,Manhattan,,2026,2026-08-10,32,-0.6631,-0.7485,summer,40.72005,-74.00481,25.2,29.986,20.971,66.857,31.5,26.143,23.914,74.286,47.3,78.8,202.3,0,0,Not detected,0,0
10013,Manhattan,,2026,2026-08-17,33,-0.7485,-0.6631,summer,40.72005,-74.00481,23.76,28.42,19.92,78.2,43.3,25.2,26.143,66.857,31.5,74.8,183.4,0,0,Not detected,0,0
10014,Manhattan,,2026,2026-06-01,22,0.4647,-0.8855,summer,40.73414,-74.00603,22.943,29.514,16.571,47.143,9.4,19.529,20.214,58.571,5.5,14.9,117.3,0,0,Not detected,0,0
10014,Manhattan,,2026,2026-06-08,23,0.3546,-0.935,summer,40.73414,-74.00603,25.471,30.914,20.457,55.0,12.5,22.943,19.529,47.143,9.4,21.9,158.0,0,0,Not detected,0,0
10014,Manhattan,,2026,2026-06-15,24,0.2393,-0.9709,summer,40.73414,-74.00603,23.271,28.071,18.414,51.857,21.4,25.471,22.943,55.0,12.5,33.9,183.5,0,0,Not detected,0,0
10014,Manhattan,,2026,2026-06-22,25,0.1205,-0.9927,summer,40.73414,-74.00603,22.929,26.529,19.6,72.0,50.7,23.271,25.471,51.857,21.4,72.1,181.2,0,0,Not detected,0,0
10014,Manhattan,,2026,2026-06-29,26,-0.0,-1.0,summer,40.73414,-74.00603,29.414,35.257,24.071,59.429,31.8,22.929,23.271,72.0,50.7,82.5,207.6,0,0,Not detected,0,0
10014,Manhattan,,2026,2026-07-06,27,-0.1205,-0.9927,summer,40.73414,-74.00603,23.357,27.386,20.114,79.286,73.3,29.414,22.929,59.429,31.8,105.1,207.2,0,0,Not detected,0,0
10014,Manhattan,,2026,2026-07-13,28,-0.2393,-0.9709,summer,40.73414,-74.00603,26.543,31.343,22.186,58.286,32.8,23.357,29.414,79.286,73.3,106.1,229.6,0,0,Not detected,0,0
10014,Manhattan,,2026,2026-07-20,29,-0.3546,-0.935,summer,40.73414,-74.00603,23.457,28.643,18.643,60.286,21.7,26.543,23.357,58.286,32.8,54.5,192.9,0,0,Not detected,0,0
10014,Manhattan,,2026,2026-07-27,30,-0.4647,-0.8855,summer,40.73414,-74.00603,23.914,28.243,20.757,78.429,96.9,23.457,26.543,60.286,21.7,118.6,192.3,0,0,Not detected,0,0
10014,Manhattan,,2026,2026-08-03,31,-0.5681,-0.823,summer,40.73414,-74.00603,26.143,31.1,22.243,74.286,47.3,23.914,23.457,78.429,96.9,144.2,191.5,0,0,Not detected,0,0
10014,Manhattan,,2026,2026-08-10,32,-0.6631,-0.7485,summer,40.73414,-74.00603,25.2,29.986,20.971,66.857,31.5,26.143,23.914,74.286,47.3,78.8,202.3,0,0,Not detected,0,0
10014,Manhattan,,2026,2026-08-17,33,-0.7485,-0.6631,summer,40.73414,-74.00603,23.76,28.42,19.92,78.2,43.3,25.2,26.143,66.857,31.5,74.8,183.4,0,0,Not detected,0,0
10016,Manhattan,,2026,2026-06-01,22,0.4647,-0.8855,summer,40.74518,-73.97805,22.943,29.514,16.571,47.143,9.4,19.529,20.214,58.571,5.5,14.9,117.3,0,0,Not detected,0,0
10016,Manhattan,,2026,2026-06-08,23,0.3546,-0.935,summer,40.74518,-73.97805,25.471,30.914,20.457,55.0,12.5,22.943,19.529,47.143,9.4,21.9,158.0,0,0,Not detected,0,0
10016,Manhattan,,2026,2026-06-15,24,0.2393,-0.9709,summer,40.74518,-73.97805,23.271,28.071,18.414,51.857,21.4,25.471,22.943,55.0,12.5,33.9,183.5,0,0,Not detected,0,0
10016,Manhattan,,2026,2026-06-22,25,0.1205,-0.9927,summer,40.74518,-73.97805,22.929,26.529,19.6,72.0,50.7,23.271,25.471,51.857,21.4,72.1,181.2,0,0,Not detected,0,0
10016,Manhattan,,2026,2026-06-29,26,-0.0,-1.0,summer,40.74518,-73.97805,29.414,35.257,24.071,59.429,31.8,22.929,23.271,72.0,50.7,82.5,207.6,0,0,Not detected,0,0
10016,Manhattan,,2026,2026-07-06,27,-0.1205,-0.9927,summer,40.74518,-73.97805,23.357,27.386,20.114,79.286,73.3,29.414,22.929,59.429,31.8,105.1,207.2,0,0,Not detected,0,0
10016,Manhattan,,2026,2026-07-13,28,-0.2393,-0.9709,summer,40.74518,-73.97805,26.543,31.343,22.186,58.286,32.8,23.357,29.414,79.286,73.3,106.1,229.6,0,0,Not detected,0,0
10016,Manhattan,,2026,2026-07-20,29,-0.3546,-0.935,summer,40.74518,-73.97805,23.457,28.643,18.643,60.286,21.7,26.543,23.357,58.286,32.8,54.5,192.9,0,0,Not detected,0,0
10016,Manhattan,,2026,2026-07-27,30,-0.4647,-0.8855,summer,40.74518,-73.97805,23.914,28.243,20.757,78.429,96.9,23.457,26.543,60.286,21.7,118.6,192.3,0,0,Not detected,0,0
10016,Manhattan,,2026,2026-08-03,31,-0.5681,-0.823,summer,40.74518,-73.97805,26.143,31.1,22.243,74.286,47.3,23.914,23.457,78.429,96.9,144.2,191.5,0,0,Not detected,0,0
10016,Manhattan,,2026,2026-08-10,32,-0.6631,-0.7485,summer,40.74518,-73.97805,25.2,29.986,20.971,66.857,31.5,26.143,23.914,74.286,47.3,78.8,202.3,0,0,Not detected,0,0
10016,Manhattan,,2026,2026-08-17,33,-0.7485,-0.6631,summer,40.74518,-73.97805,23.76,28.42,19.92,78.2,43.3,25.2,26.143,66.857,31.5,74.8,183.4,0,0,Not detected,0,0
10017,Manhattan,,2026,2026-06-01,22,0.4647,-0.8855,summer,40.75239,-73.97268,22.7,29.314,16.557,47.857,7.9,19.371,20.114,60.286,5.2,13.1,114.5,0,0,Not detected,0,0
10017,Manhattan,,2026,2026-06-08,23,0.3546,-0.935,summer,40.75239,-73.97268,25.029,30.429,20.414,56.857,11.5,22.7,19.371,47.857,7.9,19.4,152.1,0,0,Not detected,0,0
10017,Manhattan,,2026,2026-06-15,24,0.2393,-0.9709,summer,40.75239,-73.97268,23.329,28.214,18.443,52.429,18.4,25.029,22.7,56.857,11.5,29.9,179.4,0,0,Not detected,0,0
10017,Manhattan,,2026,2026-06-22,25,0.1205,-0.9927,summer,40.75239,-73.97268,22.757,26.429,19.457,73.571,60.5,23.329,25.029,52.429,18.4,78.9,177.6,0,0,Not detected,0,0
10017,Manhattan,,2026,2026-06-29,26,-0.0,-1.0,summer,40.75239,-73.97268,28.971,34.714,23.914,61.571,37.1,22.757,23.329,73.571,60.5,97.6,203.7,0,0,Not detected,0,0
10017,Manhattan,,2026,2026-07-06,27,-0.1205,-0.9927,summer,40.75239,-73.97268,23.371,27.371,20.043,78.429,75.9,28.971,22.757,61.571,37.1,113.0,203.3,0,0,Not detected,0,0
10017,Manhattan,,2026,2026-07-13,28,-0.2393,-0.9709,summer,40.75239,-73.97268,26.757,31.586,22.4,57.286,42.7,23.371,28.971,78.429,75.9,118.6,228.4,0,0,Not detected,0,0
10017,Manhattan,,2026,2026-07-20,29,-0.3546,-0.935,summer,40.75239,-73.97268,23.814,29.043,19.1,58.286,17.0,26.757,23.371,57.286,42.7,59.7,197.1,0,0,Not detected,0,0
10017,Manhattan,,2026,2026-07-27,30,-0.4647,-0.8855,summer,40.75239,-73.97268,23.971,28.114,20.871,78.857,73.1,23.814,26.757,58.286,17.0,90.1,196.5,0,0,Not detected,0,0
10017,Manhattan,,2026,2026-08-03,31,-0.5681,-0.823,summer,40.75239,-73.97268,26.3,31.186,22.357,74.143,50.6,23.971,23.814,78.857,73.1,123.7,195.5,0,0,Not detected,0,0
10017,Manhattan,,2026,2026-08-10,32,-0.6631,-0.7485,summer,40.75239,-73.97268,25.371,30.243,21.143,65.714,26.7,26.3,23.971,74.143,50.6,77.3,204.6,0,0,Not detected,0,0
10017,Manhattan,,2026,2026-08-17,33,-0.7485,-0.6631,summer,40.75239,-73.97268,23.72,28.46,19.96,78.8,49.2,25.371,26.3,65.714,26.7,75.9,185.6,0,0,Not detected,0,0
10018,Manhattan,,2026,2026-06-01,22,0.4647,-0.8855,summer,40.75533,-73.9927,22.986,29.171,16.857,45.714,8.4,19.543,20.286,57.429,4.9,13.3,117.9,0,0,Not detected,0,0
10018,Manhattan,,2026,2026-06-08,23,0.3546,-0.935,summer,40.75533,-73.9927,25.257,30.643,20.414,55.714,12.5,22.986,19.543,45.714,8.4,20.9,156.9,0,0,Not detected,0,0
10018,Manhattan,,2026,2026-06-15,24,0.2393,-0.9709,summer,40.75533,-73.9927,23.1,27.743,18.329,52.143,21.2,25.257,22.986,55.714,12.5,33.7,181.2,0,0,Not detected,0,0
10018,Manhattan,,2026,2026-06-22,25,0.1205,-0.9927,summer,40.75533,-73.9927,22.6,26.157,19.386,72.714,46.3,23.1,25.257,52.143,21.2,67.5,176.0,0,0,Not detected,0,0
10018,Manhattan,,2026,2026-06-29,26,-0.0,-1.0,summer,40.75533,-73.9927,28.771,34.386,23.957,62.0,49.4,22.6,23.1,72.714,46.3,95.7,199.9,0,0,Not detected,0,0
10018,Manhattan,,2026,2026-07-06,27,-0.1205,-0.9927,summer,40.75533,-73.9927,23.071,26.9,19.986,80.429,84.4,28.771,22.6,62.0,49.4,133.8,198.8,0,0,Not detected,0,0
10018,Manhattan,,2026,2026-07-13,28,-0.2393,-0.9709,summer,40.75533,-73.9927,25.9,30.4,21.771,61.571,34.2,23.071,28.771,80.429,84.4,118.6,219.0,0,0,Not detected,0,0
10018,Manhattan,,2026,2026-07-20,29,-0.3546,-0.935,summer,40.75533,-73.9927,23.529,28.657,18.714,58.571,15.7,25.9,23.071,61.571,34.2,49.9,187.1,0,0,Not detected,0,0
10018,Manhattan,,2026,2026-07-27,30,-0.4647,-0.8855,summer,40.75533,-73.9927,23.729,27.914,20.686,79.0,103.5,23.529,25.9,58.571,15.7,119.2,187.6,0,0,Not detected,0,0
10018,Manhattan,,2026,2026-08-03,31,-0.5681,-0.823,summer,40.75533,-73.9927,25.786,30.529,22.1,75.857,52.9,23.729,23.529,79.0,103.5,156.4,188.3,0,0,Not detected,0,0
10018,Manhattan,,2026,2026-08-10,32,-0.6631,-0.7485,summer,40.75533,-73.9927,24.843,29.643,20.771,67.857,24.1,25.786,23.729,75.857,52.9,77.0,195.8,0,0,Not detected,0,0
10018,Manhattan,,2026,2026-08-17,33,-0.7485,-0.6631,summer,40.75533,-73.9927,23.54,28.04,19.72,78.2,38.8,24.843,25.786,67.857,24.1,62.9,177.5,0,0,Not detected,0,0
10019,Manhattan,,2026,2026-06-01,22,0.4647,-0.8855,summer,40.76573,-73.98507,22.986,29.171,16.857,45.714,8.4,19.543,20.286,57.429,4.9,13.3,117.9,0,0,Not detected,0,0
10019,Manhattan,,2026,2026-06-08,23,0.3546,-0.935,summer,40.76573,-73.98507,25.257,30.643,20.414,55.714,12.5,22.986,19.543,45.714,8.4,20.9,156.9,0,0,Not detected,0,0
10019,Manhattan,,2026,2026-06-15,24,0.2393,-0.9709,summer,40.76573,-73.98507,23.1,27.743,18.329,52.143,21.2,25.257,22.986,55.714,12.5,33.7,181.2,0,0,Not detected,0,0
10019,Manhattan,,2026,2026-06-22,25,0.1205,-0.9927,summer,40.76573,-73.98507,22.6,26.157,19.386,72.714,46.3,23.1,25.257,52.143,21.2,67.5,176.0,0,0,Not detected,0,0
10019,Manhattan,,2026,2026-06-29,26,-0.0,-1.0,summer,40.76573,-73.98507,28.771,34.386,23.957,62.0,49.4,22.6,23.1,72.714,46.3,95.7,199.9,0,0,Not detected,0,0
10019,Manhattan,,2026,2026-07-06,27,-0.1205,-0.9927,summer,40.76573,-73.98507,23.071,26.9,19.986,80.429,84.4,28.771,22.6,62.0,49.4,133.8,198.8,0,0,Not detected,0,0
10019,Manhattan,,2026,2026-07-13,28,-0.2393,-0.9709,summer,40.76573,-73.98507,25.9,30.4,21.771,61.571,34.2,23.071,28.771,80.429,84.4,118.6,219.0,0,0,Not detected,0,0
10019,Manhattan,,2026,2026-07-20,29,-0.3546,-0.935,summer,40.76573,-73.98507,23.529,28.657,18.714,58.571,15.7,25.9,23.071,61.571,34.2,49.9,187.1,0,0,Not detected,0,0
10019,Manhattan,,2026,2026-07-27,30,-0.4647,-0.8855,summer,40.76573,-73.98507,23.729,27.914,20.686,79.0,103.5,23.529,25.9,58.571,15.7,119.2,187.6,0,0,Not detected,0,0
10019,Manhattan,,2026,2026-08-03,31,-0.5681,-0.823,summer,40.76573,-73.98507,25.786,30.529,22.1,75.857,52.9,23.729,23.529,79.0,103.5,156.4,188.3,0,0,Not detected,0,0
10019,Manhattan,,2026,2026-08-10,32,-0.6631,-0.7485,summer,40.76573,-73.98507,24.843,29.643,20.771,67.857,24.1,25.786,23.729,75.857,52.9,77.0,195.8,0,0,Not detected,0,0
10019,Manhattan,,2026,2026-08-17,33,-0.7485,-0.6631,summer,40.76573,-73.98507,23.54,28.04,19.72,78.2,38.8,24.843,25.786,67.857,24.1,62.9,177.5,0,0,Not detected,0,0
10020,Manhattan,,2026,2026-06-01,22,0.4647,-0.8855,summer,40.75917,-73.98072,22.986,29.171,16.857,45.714,8.4,19.543,20.286,57.429,4.9,13.3,117.9,0,0,Not detected,0,0
10020,Manhattan,,2026,2026-06-08,23,0.3546,-0.935,summer,40.75917,-73.98072,25.257,30.643,20.414,55.714,12.5,22.986,19.543,45.714,8.4,20.9,156.9,0,0,Not detected,0,0
10020,Manhattan,,2026,2026-06-15,24,0.2393,-0.9709,summer,40.75917,-73.98072,23.1,27.743,18.329,52.143,21.2,25.257,22.986,55.714,12.5,33.7,181.2,0,0,Not detected,0,0
10020,Manhattan,,2026,2026-06-22,25,0.1205,-0.9927,summer,40.75917,-73.98072,22.6,26.157,19.386,72.714,46.3,23.1,25.257,52.143,21.2,67.5,176.0,0,0,Not detected,0,0
10020,Manhattan,,2026,2026-06-29,26,-0.0,-1.0,summer,40.75917,-73.98072,28.771,34.386,23.957,62.0,49.4,22.6,23.1,72.714,46.3,95.7,199.9,0,0,Not detected,0,0
10020,Manhattan,,2026,2026-07-06,27,-0.1205,-0.9927,summer,40.75917,-73.98072,23.071,26.9,19.986,80.429,84.4,28.771,22.6,62.0,49.4,133.8,198.8,0,0,Not detected,0,0
10020,Manhattan,,2026,2026-07-13,28,-0.2393,-0.9709,summer,40.75917,-73.98072,25.9,30.4,21.771,61.571,34.2,23.071,28.771,80.429,84.4,118.6,219.0,0,0,Not detected,0,0
10020,Manhattan,,2026,2026-07-20,29,-0.3546,-0.935,summer,40.75917,-73.98072,23.529,28.657,18.714,58.571,15.7,25.9,23.071,61.571,34.2,49.9,187.1,0,0,Not detected,0,0
10020,Manhattan,,2026,2026-07-27,30,-0.4647,-0.8855,summer,40.75917,-73.98072,23.729,27.914,20.686,79.0,103.5,23.529,25.9,58.571,15.7,119.2,187.6,0,0,Not detected,0,0
10020,Manhattan,,2026,2026-08-03,31,-0.5681,-0.823,summer,40.75917,-73.98072,25.786,30.529,22.1,75.857,52.9,23.729,23.529,79.0,103.5,156.4,188.3,0,0,Not detected,0,0
10020,Manhattan,,2026,2026-08-10,32,-0.6631,-0.7485,summer,40.75917,-73.98072,24.843,29.643,20.771,67.857,24.1,25.786,23.729,75.857,52.9,77.0,195.8,0,0,Not detected,0,0
10020,Manhattan,,2026,2026-08-17,33,-0.7485,-0.6631,summer,40.75917,-73.98072,23.54,28.04,19.72,78.2,38.8,24.843,25.786,67.857,24.1,62.9,177.5,0,0,Not detected,0,0
10021,Manhattan,,2026,2026-06-01,22,0.4647,-0.8855,summer,40.76964,-73.95902,22.7,29.314,16.557,47.857,7.9,19.371,20.114,60.286,5.2,13.1,114.5,0,0,Not detected,0,0
10021,Manhattan,,2026,2026-06-08,23,0.3546,-0.935,summer,40.76964,-73.95902,25.029,30.429,20.414,56.857,11.5,22.7,19.371,47.857,7.9,19.4,152.1,0,0,Not detected,0,0
10021,Manhattan,,2026,2026-06-15,24,0.2393,-0.9709,summer,40.76964,-73.95902,23.329,28.214,18.443,52.429,18.4,25.029,22.7,56.857,11.5,29.9,179.4,0,0,Not detected,0,0
10021,Manhattan,,2026,2026-06-22,25,0.1205,-0.9927,summer,40.76964,-73.95902,22.757,26.429,19.457,73.571,60.5,23.329,25.029,52.429,18.4,78.9,177.6,0,0,Not detected,0,0
10021,Manhattan,,2026,2026-06-29,26,-0.0,-1.0,summer,40.76964,-73.95902,28.971,34.714,23.914,61.571,37.1,22.757,23.329,73.571,60.5,97.6,203.7,0,0,Not detected,0,0
10021,Manhattan,,2026,2026-07-06,27,-0.1205,-0.9927,summer,40.76964,-73.95902,23.371,27.371,20.043,78.429,75.9,28.971,22.757,61.571,37.1,113.0,203.3,0,0,Not detected,0,0
10021,Manhattan,,2026,2026-07-13,28,-0.2393,-0.9709,summer,40.76964,-73.95902,26.757,31.586,22.4,57.286,42.7,23.371,28.971,78.429,75.9,118.6,228.4,0,0,Not detected,0,0
10021,Manhattan,,2026,2026-07-20,29,-0.3546,-0.935,summer,40.76964,-73.95902,23.814,29.043,19.1,58.286,17.0,26.757,23.371,57.286,42.7,59.7,197.1,0,0,Not detected,0,0
10021,Manhattan,,2026,2026-07-27,30,-0.4647,-0.8855,summer,40.76964,-73.95902,23.971,28.114,20.871,78.857,73.1,23.814,26.757,58.286,17.0,90.1,196.5,0,0,Not detected,0,0
10021,Manhattan,,2026,2026-08-03,31,-0.5681,-0.823,summer,40.76964,-73.95902,26.3,31.186,22.357,74.143,50.6,23.971,23.814,78.857,73.1,123.7,195.5,0,0,Not detected,0,0
10021,Manhattan,,2026,2026-08-10,32,-0.6631,-0.7485,summer,40.76964,-73.95902,25.371,30.243,21.143,65.714,26.7,26.3,23.971,74.143,50.6,77.3,204.6,0,0,Not detected,0,0
10021,Manhattan,,2026,2026-08-17,33,-0.7485,-0.6631,summer,40.76964,-73.95902,23.72,28.46,19.96,78.8,49.2,25.371,26.3,65.714,26.7,75.9,185.6,0,0,Not detected,0,0
10022,Manhattan,,2026,2026-06-01,22,0.4647,-0.8855,summer,40.75857,-73.96793,22.7,29.314,16.557,47.857,7.9,19.371,20.114,60.286,5.2,13.1,114.5,0,0,Not detected,0,0
10022,Manhattan,,2026,2026-06-08,23,0.3546,-0.935,summer,40.75857,-73.96793,25.029,30.429,20.414,56.857,11.5,22.7,19.371,47.857,7.9,19.4,152.1,0,0,Not detected,0,0
10022,Manhattan,,2026,2026-06-15,24,0.2393,-0.9709,summer,40.75857,-73.96793,23.329,28.214,18.443,52.429,18.4,25.029,22.7,56.857,11.5,29.9,179.4,0,0,Not detected,0,0
10022,Manhattan,,2026,2026-06-22,25,0.1205,-0.9927,summer,40.75857,-73.96793,22.757,26.429,19.457,73.571,60.5,23.329,25.029,52.429,18.4,78.9,177.6,0,0,Not detected,0,0
10022,Manhattan,,2026,2026-06-29,26,-0.0,-1.0,summer,40.75857,-73.96793,28.971,34.714,23.914,61.571,37.1,22.757,23.329,73.571,60.5,97.6,203.7,0,0,Not detected,0,0
10022,Manhattan,,2026,2026-07-06,27,-0.1205,-0.9927,summer,40.75857,-73.96793,23.371,27.371,20.043,78.429,75.9,28.971,22.757,61.571,37.1,113.0,203.3,0,0,Not detected,0,0
10022,Manhattan,,2026,2026-07-13,28,-0.2393,-0.9709,summer,40.75857,-73.96793,26.757,31.586,22.4,57.286,42.7,23.371,28.971,78.429,75.9,118.6,228.4,0,0,Not detected,0,0
10022,Manhattan,,2026,2026-07-20,29,-0.3546,-0.935,summer,40.75857,-73.96793,23.814,29.043,19.1,58.286,17.0,26.757,23.371,57.286,42.7,59.7,197.1,0,0,Not detected,0,0
10022,Manhattan,,2026,2026-07-27,30,-0.4647,-0.8855,summer,40.75857,-73.96793,23.971,28.114,20.871,78.857,73.1,23.814,26.757,58.286,17.0,90.1,196.5,0,0,Not detected,0,0
10022,Manhattan,,2026,2026-08-03,31,-0.5681,-0.823,summer,40.75857,-73.96793,26.3,31.186,22.357,74.143,50.6,23.971,23.814,78.857,73.1,123.7,195.5,0,0,Not detected,0,0
10022,Manhattan,,2026,2026-08-10,32,-0.6631,-0.7485,summer,40.75857,-73.96793,25.371,30.243,21.143,65.714,26.7,26.3,23.971,74.143,50.6,77.3,204.6,0,0,Not detected,0,0
10022,Manhattan,,2026,2026-08-17,33,-0.7485,-0.6631,summer,40.75857,-73.96793,23.72,28.46,19.96,78.8,49.2,25.371,26.3,65.714,26.7,75.9,185.6,0,0,Not detected,0,0
10023,Manhattan,,2026,2026-06-01,22,0.4647,-0.8855,summer,40.77457,-73.97902,22.986,29.171,16.857,45.714,8.4,19.543,20.286,57.429,4.9,13.3,117.9,0,0,Not detected,0,0
10023,Manhattan,,2026,2026-06-08,23,0.3546,-0.935,summer,40.77457,-73.97902,25.257,30.643,20.414,55.714,12.5,22.986,19.543,45.714,8.4,20.9,156.9,0,0,Not detected,0,0
10023,Manhattan,,2026,2026-06-15,24,0.2393,-0.9709,summer,40.77457,-73.97902,23.1,27.743,18.329,52.143,21.2,25.257,22.986,55.714,12.5,33.7,181.2,0,0,Not detected,0,0
10023,Manhattan,,2026,2026-06-22,25,0.1205,-0.9927,summer,40.77457,-73.97902,22.6,26.157,19.386,72.714,46.3,23.1,25.257,52.143,21.2,67.5,176.0,0,0,Not detected,0,0
10023,Manhattan,,2026,2026-06-29,26,-0.0,-1.0,summer,40.77457,-73.97902,28.771,34.386,23.957,62.0,49.4,22.6,23.1,72.714,46.3,95.7,199.9,0,0,Not detected,0,0
10023,Manhattan,,2026,2026-07-06,27,-0.1205,-0.9927,summer,40.77457,-73.97902,23.071,26.9,19.986,80.429,84.4,28.771,22.6,62.0,49.4,133.8,198.8,0,0,Not detected,0,0
10023,Manhattan,,2026,2026-07-13,28,-0.2393,-0.9709,summer,40.77457,-73.97902,25.9,30.4,21.771,61.571,34.2,23.071,28.771,80.429,84.4,118.6,219.0,0,0,Not detected,0,0
10023,Manhattan,,2026,2026-07-20,29,-0.3546,-0.935,summer,40.77457,-73.97902,23.529,28.657,18.714,58.571,15.7,25.9,23.071,61.571,34.2,49.9,187.1,0,0,Not detected,0,0
10023,Manhattan,,2026,2026-07-27,30,-0.4647,-0.8855,summer,40.77457,-73.97902,23.729,27.914,20.686,79.0,103.5,23.529,25.9,58.571,15.7,119.2,187.6,0,0,Not detected,0,0
10023,Manhattan,,2026,2026-08-03,31,-0.5681,-0.823,summer,40.77457,-73.97902,25.786,30.529,22.1,75.857,52.9,23.729,23.529,79.0,103.5,156.4,188.3,0,0,Not detected,0,0
10023,Manhattan,,2026,2026-08-10,32,-0.6631,-0.7485,summer,40.77457,-73.97902,24.843,29.643,20.771,67.857,24.1,25.786,23.729,75.857,52.9,77.0,195.8,0,0,Not detected,0,0
10023,Manhattan,,2026,2026-08-17,33,-0.7485,-0.6631,summer,40.77457,-73.97902,23.54,28.04,19.72,78.2,38.8,24.843,25.786,67.857,24.1,62.9,177.5,0,0,Not detected,0,0
10024,Manhattan,,2026,2026-06-01,22,0.4647,-0.8855,summer,40.78566,-73.97127,22.986,29.171,16.857,45.714,8.4,19.543,20.286,57.429,4.9,13.3,117.9,0,0,Not detected,0,0
10024,Manhattan,,2026,2026-06-08,23,0.3546,-0.935,summer,40.78566,-73.97127,25.257,30.643,20.414,55.714,12.5,22.986,19.543,45.714,8.4,20.9,156.9,0,0,Not detected,0,0
10024,Manhattan,,2026,2026-06-15,24,0.2393,-0.9709,summer,40.78566,-73.97127,23.1,27.743,18.329,52.143,21.2,25.257,22.986,55.714,12.5,33.7,181.2,0,0,Not detected,0,0
10024,Manhattan,,2026,2026-06-22,25,0.1205,-0.9927,summer,40.78566,-73.97127,22.6,26.157,19.386,72.714,46.3,23.1,25.257,52.143,21.2,67.5,176.0,0,0,Not detected,0,0
10024,Manhattan,,2026,2026-06-29,26,-0.0,-1.0,summer,40.78566,-73.97127,28.771,34.386,23.957,62.0,49.4,22.6,23.1,72.714,46.3,95.7,199.9,0,0,Not detected,0,0
10024,Manhattan,,2026,2026-07-06,27,-0.1205,-0.9927,summer,40.78566,-73.97127,23.071,26.9,19.986,80.429,84.4,28.771,22.6,62.0,49.4,133.8,198.8,0,0,Not detected,0,0
10024,Manhattan,,2026,2026-07-13,28,-0.2393,-0.9709,summer,40.78566,-73.97127,25.9,30.4,21.771,61.571,34.2,23.071,28.771,80.429,84.4,118.6,219.0,0,0,Not detected,0,0
10024,Manhattan,,2026,2026-07-20,29,-0.3546,-0.935,summer,40.78566,-73.97127,23.529,28.657,18.714,58.571,15.7,25.9,23.071,61.571,34.2,49.9,187.1,0,0,Not detected,0,0
10024,Manhattan,,2026,2026-07-27,30,-0.4647,-0.8855,summer,40.78566,-73.97127,23.729,27.914,20.686,79.0,103.5,23.529,25.9,58.571,15.7,119.2,187.6,0,0,Not detected,0,0
10024,Manhattan,,2026,2026-08-03,31,-0.5681,-0.823,summer,40.78566,-73.97127,25.786,30.529,22.1,75.857,52.9,23.729,23.529,79.0,103.5,156.4,188.3,0,0,Not detected,0,0
10024,Manhattan,,2026,2026-08-10,32,-0.6631,-0.7485,summer,40.78566,-73.97127,24.843,29.643,20.771,67.857,24.1,25.786,23.729,75.857,52.9,77.0,195.8,0,0,Not detected,0,0
10024,Manhattan,,2026,2026-08-17,33,-0.7485,-0.6631,summer,40.78566,-73.97127,23.54,28.04,19.72,78.2,38.8,24.843,25.786,67.857,24.1,62.9,177.5,0,0,Not detected,0,0
10025,Manhattan,Manhattan Valley,2026,2026-06-01,22,0.4647,-0.8855,summer,40.79825,-73.96834,22.986,29.171,16.857,45.714,8.4,19.543,20.286,57.429,4.9,13.3,117.9,0,0,Detected in the past 2 weeks,0,0
10025,Manhattan,Manhattan Valley,2026,2026-06-08,23,0.3546,-0.935,summer,40.79825,-73.96834,25.257,30.643,20.414,55.714,12.5,22.986,19.543,45.714,8.4,20.9,156.9,0,0,Detected in the past 2 weeks,0,0
10025,Manhattan,Manhattan Valley,2026,2026-06-15,24,0.2393,-0.9709,summer,40.79825,-73.96834,23.1,27.743,18.329,52.143,21.2,25.257,22.986,55.714,12.5,33.7,181.2,0,0,Detected in the past 2 weeks,0,0
10025,Manhattan,Manhattan Valley,2026,2026-06-22,25,0.1205,-0.9927,summer,40.79825,-73.96834,22.6,26.157,19.386,72.714,46.3,23.1,25.257,52.143,21.2,67.5,176.0,0,0,Detected in the past 2 weeks,0,0
10025,Manhattan,Manhattan Valley,2026,2026-06-29,26,-0.0,-1.0,summer,40.79825,-73.96834,28.771,34.386,23.957,62.0,49.4,22.6,23.1,72.714,46.3,95.7,199.9,0,0,Detected in the past 2 weeks,0,0
10025,Manhattan,Manhattan Valley,2026,2026-07-06,27,-0.1205,-0.9927,summer,40.79825,-73.96834,23.071,26.9,19.986,80.429,84.4,28.771,22.6,62.0,49.4,133.8,198.8,0,0,Detected in the past 2 weeks,0,0
10025,Manhattan,Manhattan Valley,2026,2026-07-13,28,-0.2393,-0.9709,summer,40.79825,-73.96834,25.9,30.4,21.771,61.571,34.2,23.071,28.771,80.429,84.4,118.6,219.0,0,0,Detected in the past 2 weeks,1,1
10025,Manhattan,Manhattan Valley,2026,2026-07-20,29,-0.3546,-0.935,summer,40.79825,-73.96834,23.529,28.657,18.714,58.571,15.7,25.9,23.071,61.571,34.2,49.9,187.1,1,0,Detected in the past 2 weeks,1,1
10025,Manhattan,Manhattan Valley,2026,2026-07-27,30,-0.4647,-0.8855,summer,40.79825,-73.96834,23.729,27.914,20.686,79.0,103.5,23.529,25.9,58.571,15.7,119.2,187.6,1,1,Detected in the past 2 weeks,1,1
10025,Manhattan,Manhattan Valley,2026,2026-08-03,31,-0.5681,-0.823,summer,40.79825,-73.96834,25.786,30.529,22.1,75.857,52.9,23.729,23.529,79.0,103.5,156.4,188.3,1,2,Detected in the past 2 weeks,2,1
10025,Manhattan,Manhattan Valley,2026,2026-08-10,32,-0.6631,-0.7485,summer,40.79825,-73.96834,24.843,29.643,20.771,67.857,24.1,25.786,23.729,75.857,52.9,77.0,195.8,2,3,Detected in the past 2 weeks,1,1
10025,Manhattan,Manhattan Valley,2026,2026-08-17,33,-0.7485,-0.6631,summer,40.79825,-73.96834,23.54,28.04,19.72,78.2,38.8,24.843,25.786,67.857,24.1,62.9,177.5,1,4,Detected in the past 2 weeks,0,0
10026,Manhattan,,2026,2026-06-01,22,0.4647,-0.8855,summer,40.80298,-73.95353,22.786,29.029,16.843,46.143,8.5,19.457,20.257,57.857,5.0,13.5,116.2,0,0,Not detected,0,0
10026,Manhattan,,2026,2026-06-08,23,0.3546,-0.935,summer,40.80298,-73.95353,25.071,30.514,20.571,55.714,12.8,22.786,19.457,46.143,8.5,21.3,153.7,0,0,Not detected,0,0
10026,Manhattan,,2026,2026-06-15,24,0.2393,-0.9709,summer,40.80298,-73.95353,23.214,27.871,18.457,51.714,19.2,25.071,22.786,55.714,12.8,32.0,179.8,0,0,Not detected,0,0
10026,Manhattan,,2026,2026-06-22,25,0.1205,-0.9927,summer,40.80298,-73.95353,22.471,25.957,19.329,74.429,56.4,23.214,25.071,51.714,19.2,75.6,174.9,0,0,Not detected,0,0
10026,Manhattan,,2026,2026-06-29,26,-0.0,-1.0,summer,40.80298,-73.95353,28.743,34.329,23.8,61.857,44.1,22.471,23.214,74.429,56.4,100.5,199.6,0,0,Not detected,0,0
10026,Manhattan,,2026,2026-07-06,27,-0.1205,-0.9927,summer,40.80298,-73.95353,23.143,26.914,20.043,79.571,86.3,28.743,22.471,61.857,44.1,130.4,198.5,0,0,Not detected,0,0
10026,Manhattan,,2026,2026-07-13,28,-0.2393,-0.9709,summer,40.80298,-73.95353,26.343,31.0,22.214,58.714,48.1,23.143,28.743,79.571,86.3,134.4,222.5,0,0,Not detected,0,0
10026,Manhattan,,2026,2026-07-20,29,-0.3546,-0.935,summer,40.80298,-73.95353,23.871,28.914,19.186,57.143,12.4,26.343,23.143,58.714,48.1,60.5,193.1,0,0,Not detected,0,0
10026,Manhattan,,2026,2026-07-27,30,-0.4647,-0.8855,summer,40.80298,-73.95353,23.871,28.029,20.857,78.714,69.5,23.871,26.343,57.143,12.4,81.9,193.9,0,0,Not detected,0,0
10026,Manhattan,,2026,2026-08-03,31,-0.5681,-0.823,summer,40.80298,-73.95353,26.3,31.114,22.357,73.143,48.3,23.871,23.871,78.714,69.5,117.8,195.2,0,0,Not detected,0,0
10026,Manhattan,,2026,2026-08-10,32,-0.6631,-0.7485,summer,40.80298,-73.95353,25.4,30.329,21.086,64.0,20.3,26.3,23.871,73.143,48.3,68.6,203.7,0,0,Not detected,0,0
10026,Manhattan,,2026,2026-08-17,33,-0.7485,-0.6631,summer,40.80298,-73.95353,23.56,28.0,19.9,78.8,43.8,25.4,26.3,64.0,20.3,64.1,185.0,0,0,Not detected,0,0
10027,Manhattan,Harlem,2026,2026-06-01,22,0.4647,-0.8855,summer,40.81266,-73.95498,22.786,29.029,16.843,46.143,8.5,19.457,20.257,57.857,5.0,13.5,116.2,0,0,Detected in the past 2 weeks,0,0
10027,Manhattan,Harlem,2026,2026-06-08,23,0.3546,-0.935,summer,40.81266,-73.95498,25.071,30.514,20.571,55.714,12.8,22.786,19.457,46.143,8.5,21.3,153.7,0,0,Detected in the past 2 weeks,0,0
10027,Manhattan,Harlem,2026,2026-06-15,24,0.2393,-0.9709,summer,40.81266,-73.95498,23.214,27.871,18.457,51.714,19.2,25.071,22.786,55.714,12.8,32.0,179.8,0,0,Detected in the past 2 weeks,0,0
10027,Manhattan,Harlem,2026,2026-06-22,25,0.1205,-0.9927,summer,40.81266,-73.95498,22.471,25.957,19.329,74.429,56.4,23.214,25.071,51.714,19.2,75.6,174.9,0,0,Detected in the past 2 weeks,0,0
10027,Manhattan,Harlem,2026,2026-06-29,26,-0.0,-1.0,summer,40.81266,-73.95498,28.743,34.329,23.8,61.857,44.1,22.471,23.214,74.429,56.4,100.5,199.6,0,0,Detected in the past 2 weeks,0,0
10027,Manhattan,Harlem,2026,2026-07-06,27,-0.1205,-0.9927,summer,40.81266,-73.95498,23.143,26.914,20.043,79.571,86.3,28.743,22.471,61.857,44.1,130.4,198.5,0,0,Detected in the past 2 weeks,0,0
10027,Manhattan,Harlem,2026,2026-07-13,28,-0.2393,-0.9709,summer,40.81266,-73.95498,26.343,31.0,22.214,58.714,48.1,23.143,28.743,79.571,86.3,134.4,222.5,0,0,Detected in the past 2 weeks,0,0
10027,Manhattan,Harlem,2026,2026-07-20,29,-0.3546,-0.935,summer,40.81266,-73.95498,23.871,28.914,19.186,57.143,12.4,26.343,23.143,58.714,48.1,60.5,193.1,0,0,Detected in the past 2 weeks,0,0
10027,Manhattan,Harlem,2026,2026-07-27,30,-0.4647,-0.8855,summer,40.81266,-73.95498,23.871,28.029,20.857,78.714,69.5,23.871,26.343,57.143,12.4,81.9,193.9,0,0,Detected in the past 2 weeks,1,1
10027,Manhattan,Harlem,2026,2026-08-03,31,-0.5681,-0.823,summer,40.81266,-73.95498,26.3,31.114,22.357,73.143,48.3,23.871,23.871,78.714,69.5,117.8,195.2,1,0,Detected in the past 2 weeks,1,1
10027,Manhattan,Harlem,2026,2026-08-10,32,-0.6631,-0.7485,summer,40.81266,-73.95498,25.4,30.329,21.086,64.0,20.3,26.3,23.871,73.143,48.3,68.6,203.7,1,1,Detected in the past 2 weeks,1,1
10027,Manhattan,Harlem,2026,2026-08-17,33,-0.7485,-0.6631,summer,40.81266,-73.95498,23.56,28.0,19.9,78.8,43.8,25.4,26.3,64.0,20.3,64.1,185.0,1,2,Detected in the past 2 weeks,0,0
10028,Manhattan,,2026,2026-06-01,22,0.4647,-0.8855,summer,40.77645,-73.95338,22.7,29.314,16.557,47.857,7.9,19.371,20.114,60.286,5.2,13.1,114.5,0,0,Not detected,0,0
10028,Manhattan,,2026,2026-06-08,23,0.3546,-0.935,summer,40.77645,-73.95338,25.029,30.429,20.414,56.857,11.5,22.7,19.371,47.857,7.9,19.4,152.1,0,0,Not detected,0,0
10028,Manhattan,,2026,2026-06-15,24,0.2393,-0.9709,summer,40.77645,-73.95338,23.329,28.214,18.443,52.429,18.4,25.029,22.7,56.857,11.5,29.9,179.4,0,0,Not detected,0,0
10028,Manhattan,,2026,2026-06-22,25,0.1205,-0.9927,summer,40.77645,-73.95338,22.757,26.429,19.457,73.571,60.5,23.329,25.029,52.429,18.4,78.9,177.6,0,0,Not detected,0,0
10028,Manhattan,,2026,2026-06-29,26,-0.0,-1.0,summer,40.77645,-73.95338,28.971,34.714,23.914,61.571,37.1,22.757,23.329,73.571,60.5,97.6,203.7,0,0,Not detected,0,0
10028,Manhattan,,2026,2026-07-06,27,-0.1205,-0.9927,summer,40.77645,-73.95338,23.371,27.371,20.043,78.429,75.9,28.971,22.757,61.571,37.1,113.0,203.3,0,0,Not detected,0,0
10028,Manhattan,,2026,2026-07-13,28,-0.2393,-0.9709,summer,40.77645,-73.95338,26.757,31.586,22.4,57.286,42.7,23.371,28.971,78.429,75.9,118.6,228.4,0,0,Not detected,0,0
10028,Manhattan,,2026,2026-07-20,29,-0.3546,-0.935,summer,40.77645,-73.95338,23.814,29.043,19.1,58.286,17.0,26.757,23.371,57.286,42.7,59.7,197.1,0,0,Not detected,0,0
10028,Manhattan,,2026,2026-07-27,30,-0.4647,-0.8855,summer,40.77645,-73.95338,23.971,28.114,20.871,78.857,73.1,23.814,26.757,58.286,17.0,90.1,196.5,0,0,Not detected,0,0
10028,Manhattan,,2026,2026-08-03,31,-0.5681,-0.823,summer,40.77645,-73.95338,26.3,31.186,22.357,74.143,50.6,23.971,23.814,78.857,73.1,123.7,195.5,0,0,Not detected,0,0
10028,Manhattan,,2026,2026-08-10,32,-0.6631,-0.7485,summer,40.77645,-73.95338,25.371,30.243,21.143,65.714,26.7,26.3,23.971,74.143,50.6,77.3,204.6,0,0,Not detected,0,0
10028,Manhattan,,2026,2026-08-17,33,-0.7485,-0.6631,summer,40.77645,-73.95338,23.72,28.46,19.96,78.8,49.2,25.371,26.3,65.714,26.7,75.9,185.6,0,0,Not detected,0,0
10029,Manhattan,,2026,2026-06-01,22,0.4647,-0.8855,summer,40.79225,-73.94733,22.786,29.029,16.843,46.143,8.5,19.457,20.257,57.857,5.0,13.5,116.2,0,0,Not detected,0,0
10029,Manhattan,,2026,2026-06-08,23,0.3546,-0.935,summer,40.79225,-73.94733,25.071,30.514,20.571,55.714,12.8,22.786,19.457,46.143,8.5,21.3,153.7,0,0,Not detected,0,0
10029,Manhattan,,2026,2026-06-15,24,0.2393,-0.9709,summer,40.79225,-73.94733,23.214,27.871,18.457,51.714,19.2,25.071,22.786,55.714,12.8,32.0,179.8,0,0,Not detected,0,0
10029,Manhattan,,2026,2026-06-22,25,0.1205,-0.9927,summer,40.79225,-73.94733,22.471,25.957,19.329,74.429,56.4,23.214,25.071,51.714,19.2,75.6,174.9,0,0,Not detected,0,0
10029,Manhattan,,2026,2026-06-29,26,-0.0,-1.0,summer,40.79225,-73.94733,28.743,34.329,23.8,61.857,44.1,22.471,23.214,74.429,56.4,100.5,199.6,0,0,Not detected,0,0
10029,Manhattan,,2026,2026-07-06,27,-0.1205,-0.9927,summer,40.79225,-73.94733,23.143,26.914,20.043,79.571,86.3,28.743,22.471,61.857,44.1,130.4,198.5,0,0,Not detected,0,0
10029,Manhattan,,2026,2026-07-13,28,-0.2393,-0.9709,summer,40.79225,-73.94733,26.343,31.0,22.214,58.714,48.1,23.143,28.743,79.571,86.3,134.4,222.5,0,0,Not detected,0,0
10029,Manhattan,,2026,2026-07-20,29,-0.3546,-0.935,summer,40.79225,-73.94733,23.871,28.914,19.186,57.143,12.4,26.343,23.143,58.714,48.1,60.5,193.1,0,0,Not detected,0,0
10029,Manhattan,,2026,2026-07-27,30,-0.4647,-0.8855,summer,40.79225,-73.94733,23.871,28.029,20.857,78.714,69.5,23.871,26.343,57.143,12.4,81.9,193.9,0,0,Not detected,0,0
10029,Manhattan,,2026,2026-08-03,31,-0.5681,-0.823,summer,40.79225,-73.94733,26.3,31.114,22.357,73.143,48.3,23.871,23.871,78.714,69.5,117.8,195.2,0,0,Not detected,0,0
10029,Manhattan,,2026,2026-08-10,32,-0.6631,-0.7485,summer,40.79225,-73.94733,25.4,30.329,21.086,64.0,20.3,26.3,23.871,73.143,48.3,68.6,203.7,0,0,Not detected,0,0
10029,Manhattan,,2026,2026-08-17,33,-0.7485,-0.6631,summer,40.79225,-73.94733,23.56,28.0,19.9,78.8,43.8,25.4,26.3,64.0,20.3,64.1,185.0,0,0,Not detected,0,0
10030,Manhattan,,2026,2026-06-01,22,0.4647,-0.8855,summer,40.81825,-73.94283,22.786,29.029,16.843,46.143,8.5,19.457,20.257,57.857,5.0,13.5,116.2,0,0,Not detected,0,0
10030,Manhattan,,2026,2026-06-08,23,0.3546,-0.935,summer,40.81825,-73.94283,25.071,30.514,20.571,55.714,12.8,22.786,19.457,46.143,8.5,21.3,153.7,0,0,Not detected,0,0
10030,Manhattan,,2026,2026-06-15,24,0.2393,-0.9709,summer,40.81825,-73.94283,23.214,27.871,18.457,51.714,19.2,25.071,22.786,55.714,12.8,32.0,179.8,0,0,Not detected,0,0
10030,Manhattan,,2026,2026-06-22,25,0.1205,-0.9927,summer,40.81825,-73.94283,22.471,25.957,19.329,74.429,56.4,23.214,25.071,51.714,19.2,75.6,174.9,0,0,Not detected,0,0
10030,Manhattan,,2026,2026-06-29,26,-0.0,-1.0,summer,40.81825,-73.94283,28.743,34.329,23.8,61.857,44.1,22.471,23.214,74.429,56.4,100.5,199.6,0,0,Not detected,0,0
10030,Manhattan,,2026,2026-07-06,27,-0.1205,-0.9927,summer,40.81825,-73.94283,23.143,26.914,20.043,79.571,86.3,28.743,22.471,61.857,44.1,130.4,198.5,0,0,Not detected,0,0
10030,Manhattan,,2026,2026-07-13,28,-0.2393,-0.9709,summer,40.81825,-73.94283,26.343,31.0,22.214,58.714,48.1,23.143,28.743,79.571,86.3,134.4,222.5,0,0,Not detected,0,0
10030,Manhattan,,2026,2026-07-20,29,-0.3546,-0.935,summer,40.81825,-73.94283,23.871,28.914,19.186,57.143,12.4,26.343,23.143,58.714,48.1,60.5,193.1,0,0,Not detected,0,0
10030,Manhattan,,2026,2026-07-27,30,-0.4647,-0.8855,summer,40.81825,-73.94283,23.871,28.029,20.857,78.714,69.5,23.871,26.343,57.143,12.4,81.9,193.9,0,0,Not detected,0,0
10030,Manhattan,,2026,2026-08-03,31,-0.5681,-0.823,summer,40.81825,-73.94283,26.3,31.114,22.357,73.143,48.3,23.871,23.871,78.714,69.5,117.8,195.2,0,0,Not detected,0,0
10030,Manhattan,,2026,2026-08-10,32,-0.6631,-0.7485,summer,40.81825,-73.94283,25.4,30.329,21.086,64.0,20.3,26.3,23.871,73.143,48.3,68.6,203.7,0,0,Not detected,0,0
10030,Manhattan,,2026,2026-08-17,33,-0.7485,-0.6631,summer,40.81825,-73.94283,23.56,28.0,19.9,78.8,43.8,25.4,26.3,64.0,20.3,64.1,185.0,0,0,Not detected,0,0
10031,Manhattan,Manhattanville,2026,2026-06-01,22,0.4647,-0.8855,summer,40.8248,-73.95021,22.786,29.029,16.843,46.143,8.5,19.457,20.257,57.857,5.0,13.5,116.2,0,0,Detected in the past 2 weeks,0,0
10031,Manhattan,Manhattanville,2026,2026-06-08,23,0.3546,-0.935,summer,40.8248,-73.95021,25.071,30.514,20.571,55.714,12.8,22.786,19.457,46.143,8.5,21.3,153.7,0,0,Detected in the past 2 weeks,0,0
10031,Manhattan,Manhattanville,2026,2026-06-15,24,0.2393,-0.9709,summer,40.8248,-73.95021,23.214,27.871,18.457,51.714,19.2,25.071,22.786,55.714,12.8,32.0,179.8,0,0,Detected in the past 2 weeks,0,0
10031,Manhattan,Manhattanville,2026,2026-06-22,25,0.1205,-0.9927,summer,40.8248,-73.95021,22.471,25.957,19.329,74.429,56.4,23.214,25.071,51.714,19.2,75.6,174.9,0,0,Detected in the past 2 weeks,0,0
10031,Manhattan,Manhattanville,2026,2026-06-29,26,-0.0,-1.0,summer,40.8248,-73.95021,28.743,34.329,23.8,61.857,44.1,22.471,23.214,74.429,56.4,100.5,199.6,0,0,Detected in the past 2 weeks,0,0
10031,Manhattan,Manhattanville,2026,2026-07-06,27,-0.1205,-0.9927,summer,40.8248,-73.95021,23.143,26.914,20.043,79.571,86.3,28.743,22.471,61.857,44.1,130.4,198.5,0,0,Detected in the past 2 weeks,0,0
10031,Manhattan,Manhattanville,2026,2026-07-13,28,-0.2393,-0.9709,summer,40.8248,-73.95021,26.343,31.0,22.214,58.714,48.1,23.143,28.743,79.571,86.3,134.4,222.5,0,0,Detected in the past 2 weeks,0,0
10031,Manhattan,Manhattanville,2026,2026-07-20,29,-0.3546,-0.935,summer,40.8248,-73.95021,23.871,28.914,19.186,57.143,12.4,26.343,23.143,58.714,48.1,60.5,193.1,0,0,Detected in the past 2 weeks,0,0
10031,Manhattan,Manhattanville,2026,2026-07-27,30,-0.4647,-0.8855,summer,40.8248,-73.95021,23.871,28.029,20.857,78.714,69.5,23.871,26.343,57.143,12.4,81.9,193.9,0,0,Detected in the past 2 weeks,0,0
10031,Manhattan,Manhattanville,2026,2026-08-03,31,-0.5681,-0.823,summer,40.8248,-73.95021,26.3,31.114,22.357,73.143,48.3,23.871,23.871,78.714,69.5,117.8,195.2,0,0,Detected in the past 2 weeks,0,0
10031,Manhattan,Manhattanville,2026,2026-08-10,32,-0.6631,-0.7485,summer,40.8248,-73.95021,25.4,30.329,21.086,64.0,20.3,26.3,23.871,73.143,48.3,68.6,203.7,0,0,Detected in the past 2 weeks,1,1
10031,Manhattan,Manhattanville,2026,2026-08-17,33,-0.7485,-0.6631,summer,40.8248,-73.95021,23.56,28.0,19.9,78.8,43.8,25.4,26.3,64.0,20.3,64.1,185.0,1,0,Detected in the past 2 weeks,0,0
10032,Manhattan,"Hamilton Heights, Washington Heights",2026,2026-06-01,22,0.4647,-0.8855,summer,40.83904,-73.94281,22.786,29.029,16.843,46.143,8.5,19.457,20.257,57.857,5.0,13.5,116.2,0,0,Detected in the past 2 weeks,0,0
10032,Manhattan,"Hamilton Heights, Washington Heights",2026,2026-06-08,23,0.3546,-0.935,summer,40.83904,-73.94281,25.071,30.514,20.571,55.714,12.8,22.786,19.457,46.143,8.5,21.3,153.7,0,0,Detected in the past 2 weeks,0,0
10032,Manhattan,"Hamilton Heights, Washington Heights",2026,2026-06-15,24,0.2393,-0.9709,summer,40.83904,-73.94281,23.214,27.871,18.457,51.714,19.2,25.071,22.786,55.714,12.8,32.0,179.8,0,0,Detected in the past 2 weeks,0,0
10032,Manhattan,"Hamilton Heights, Washington Heights",2026,2026-06-22,25,0.1205,-0.9927,summer,40.83904,-73.94281,22.471,25.957,19.329,74.429,56.4,23.214,25.071,51.714,19.2,75.6,174.9,0,0,Detected in the past 2 weeks,0,0
10032,Manhattan,"Hamilton Heights, Washington Heights",2026,2026-06-29,26,-0.0,-1.0,summer,40.83904,-73.94281,28.743,34.329,23.8,61.857,44.1,22.471,23.214,74.429,56.4,100.5,199.6,0,0,Detected in the past 2 weeks,0,0
10032,Manhattan,"Hamilton Heights, Washington Heights",2026,2026-07-06,27,-0.1205,-0.9927,summer,40.83904,-73.94281,23.143,26.914,20.043,79.571,86.3,28.743,22.471,61.857,44.1,130.4,198.5,0,0,Detected in the past 2 weeks,0,0
10032,Manhattan,"Hamilton Heights, Washington Heights",2026,2026-07-13,28,-0.2393,-0.9709,summer,40.83904,-73.94281,26.343,31.0,22.214,58.714,48.1,23.143,28.743,79.571,86.3,134.4,222.5,0,0,Detected in the past 2 weeks,0,0
10032,Manhattan,"Hamilton Heights, Washington Heights",2026,2026-07-20,29,-0.3546,-0.935,summer,40.83904,-73.94281,23.871,28.914,19.186,57.143,12.4,26.343,23.143,58.714,48.1,60.5,193.1,0,0,Detected in the past 2 weeks,0,0
10032,Manhattan,"Hamilton Heights, Washington Heights",2026,2026-07-27,30,-0.4647,-0.8855,summer,40.83904,-73.94281,23.871,28.029,20.857,78.714,69.5,23.871,26.343,57.143,12.4,81.9,193.9,0,0,Detected in the past 2 weeks,0,0
10032,Manhattan,"Hamilton Heights, Washington Heights",2026,2026-08-03,31,-0.5681,-0.823,summer,40.83904,-73.94281,26.3,31.114,22.357,73.143,48.3,23.871,23.871,78.714,69.5,117.8,195.2,0,0,Detected in the past 2 weeks,1,1
10032,Manhattan,"Hamilton Heights, Washington Heights",2026,2026-08-10,32,-0.6631,-0.7485,summer,40.83904,-73.94281,25.4,30.329,21.086,64.0,20.3,26.3,23.871,73.143,48.3,68.6,203.7,1,0,Detected in the past 2 weeks,1,1
10032,Manhattan,"Hamilton Heights, Washington Heights",2026,2026-08-17,33,-0.7485,-0.6631,summer,40.83904,-73.94281,23.56,28.0,19.9,78.8,43.8,25.4,26.3,64.0,20.3,64.1,185.0,1,1,Detected in the past 2 weeks,0,0
10033,Manhattan,Washington Heights,2026,2026-06-01,22,0.4647,-0.8855,summer,40.84748,-73.93551,22.786,29.029,16.843,46.143,8.5,19.457,20.257,57.857,5.0,13.5,116.2,0,0,Detected in the past 2 weeks,0,0
10033,Manhattan,Washington Heights,2026,2026-06-08,23,0.3546,-0.935,summer,40.84748,-73.93551,25.071,30.514,20.571,55.714,12.8,22.786,19.457,46.143,8.5,21.3,153.7,0,0,Detected in the past 2 weeks,0,0
10033,Manhattan,Washington Heights,2026,2026-06-15,24,0.2393,-0.9709,summer,40.84748,-73.93551,23.214,27.871,18.457,51.714,19.2,25.071,22.786,55.714,12.8,32.0,179.8,0,0,Detected in the past 2 weeks,0,0
10033,Manhattan,Washington Heights,2026,2026-06-22,25,0.1205,-0.9927,summer,40.84748,-73.93551,22.471,25.957,19.329,74.429,56.4,23.214,25.071,51.714,19.2,75.6,174.9,0,0,Detected in the past 2 weeks,0,0
10033,Manhattan,Washington Heights,2026,2026-06-29,26,-0.0,-1.0,summer,40.84748,-73.93551,28.743,34.329,23.8,61.857,44.1,22.471,23.214,74.429,56.4,100.5,199.6,0,0,Detected in the past 2 weeks,0,0
10033,Manhattan,Washington Heights,2026,2026-07-06,27,-0.1205,-0.9927,summer,40.84748,-73.93551,23.143,26.914,20.043,79.571,86.3,28.743,22.471,61.857,44.1,130.4,198.5,0,0,Detected in the past 2 weeks,0,0
10033,Manhattan,Washington Heights,2026,2026-07-13,28,-0.2393,-0.9709,summer,40.84748,-73.93551,26.343,31.0,22.214,58.714,48.1,23.143,28.743,79.571,86.3,134.4,222.5,0,0,Detected in the past 2 weeks,0,0
10033,Manhattan,Washington Heights,2026,2026-07-20,29,-0.3546,-0.935,summer,40.84748,-73.93551,23.871,28.914,19.186,57.143,12.4,26.343,23.143,58.714,48.1,60.5,193.1,0,0,Detected in the past 2 weeks,0,0
10033,Manhattan,Washington Heights,2026,2026-07-27,30,-0.4647,-0.8855,summer,40.84748,-73.93551,23.871,28.029,20.857,78.714,69.5,23.871,26.343,57.143,12.4,81.9,193.9,0,0,Detected in the past 2 weeks,0,0
10033,Manhattan,Washington Heights,2026,2026-08-03,31,-0.5681,-0.823,summer,40.84748,-73.93551,26.3,31.114,22.357,73.143,48.3,23.871,23.871,78.714,69.5,117.8,195.2,0,0,Detected in the past 2 weeks,0,0
10033,Manhattan,Washington Heights,2026,2026-08-10,32,-0.6631,-0.7485,summer,40.84748,-73.93551,25.4,30.329,21.086,64.0,20.3,26.3,23.871,73.143,48.3,68.6,203.7,0,0,Detected in the past 2 weeks,1,1
10033,Manhattan,Washington Heights,2026,2026-08-17,33,-0.7485,-0.6631,summer,40.84748,-73.93551,23.56,28.0,19.9,78.8,43.8,25.4,26.3,64.0,20.3,64.1,185.0,1,0,Detected in the past 2 weeks,0,0
10034,Manhattan,,2026,2026-06-01,22,0.4647,-0.8855,summer,40.86708,-73.92431,22.543,28.6,16.729,47.143,8.5,19.314,20.043,57.571,5.9,14.4,112.3,0,0,Not detected,0,0
10034,Manhattan,,2026,2026-06-08,23,0.3546,-0.935,summer,40.86708,-73.92431,24.7,30.014,20.3,57.857,14.6,22.543,19.314,47.143,8.5,23.1,148.4,0,0,Not detected,0,0
10034,Manhattan,,2026,2026-06-15,24,0.2393,-0.9709,summer,40.86708,-73.92431,22.886,27.486,18.171,52.0,18.8,24.7,22.543,57.857,14.6,33.4,173.8,0,0,Not detected,0,0
10034,Manhattan,,2026,2026-06-22,25,0.1205,-0.9927,summer,40.86708,-73.92431,22.186,25.686,19.043,74.429,44.9,22.886,24.7,52.0,18.8,63.7,168.0,0,0,Not detected,0,0
10034,Manhattan,,2026,2026-06-29,26,-0.0,-1.0,summer,40.86708,-73.92431,28.5,34.114,23.6,62.286,43.5,22.186,22.886,74.429,44.9,88.4,193.8,0,0,Not detected,0,0
10034,Manhattan,,2026,2026-07-06,27,-0.1205,-0.9927,summer,40.86708,-73.92431,22.943,26.614,19.986,79.857,83.8,28.5,22.186,62.286,43.5,127.3,194.1,0,0,Not detected,0,0
10034,Manhattan,,2026,2026-07-13,28,-0.2393,-0.9709,summer,40.86708,-73.92431,26.086,30.671,21.971,59.0,41.7,22.943,28.5,79.857,83.8,125.5,217.8,0,0,Not detected,0,0
10034,Manhattan,,2026,2026-07-20,29,-0.3546,-0.935,summer,40.86708,-73.92431,23.943,29.029,19.143,54.571,10.4,26.086,22.943,59.0,41.7,52.1,190.6,0,0,Not detected,0,0
10034,Manhattan,,2026,2026-07-27,30,-0.4647,-0.8855,summer,40.86708,-73.92431,23.714,27.986,20.757,79.143,67.7,23.943,26.086,54.571,10.4,78.1,191.6,0,0,Not detected,0,0
10034,Manhattan,,2026,2026-08-03,31,-0.5681,-0.823,summer,40.86708,-73.92431,26.043,30.986,22.186,73.714,55.5,23.714,23.943,79.143,67.7,123.2,192.8,0,0,Not detected,0,0
10034,Manhattan,,2026,2026-08-10,32,-0.6631,-0.7485,summer,40.86708,-73.92431,25.1,30.143,20.857,64.571,21.9,26.043,23.714,73.714,55.5,77.4,198.7,0,0,Not detected,0,0
10034,Manhattan,,2026,2026-08-17,33,-0.7485,-0.6631,summer,40.86708,-73.92431,23.48,27.98,19.8,77.8,37.3,25.1,26.043,64.571,21.9,59.2,180.9,0,0,Not detected,0,0
10035,Manhattan,,2026,2026-06-01,22,0.4647,-0.8855,summer,40.79525,-73.93042,22.786,29.029,16.843,46.143,8.5,19.457,20.257,57.857,5.0,13.5,116.2,0,0,Not detected,0,0
10035,Manhattan,,2026,2026-06-08,23,0.3546,-0.935,summer,40.79525,-73.93042,25.071,30.514,20.571,55.714,12.8,22.786,19.457,46.143,8.5,21.3,153.7,0,0,Not detected,0,0
10035,Manhattan,,2026,2026-06-15,24,0.2393,-0.9709,summer,40.79525,-73.93042,23.214,27.871,18.457,51.714,19.2,25.071,22.786,55.714,12.8,32.0,179.8,0,0,Not detected,0,0
10035,Manhattan,,2026,2026-06-22,25,0.1205,-0.9927,summer,40.79525,-73.93042,22.471,25.957,19.329,74.429,56.4,23.214,25.071,51.714,19.2,75.6,174.9,0,0,Not detected,0,0
10035,Manhattan,,2026,2026-06-29,26,-0.0,-1.0,summer,40.79525,-73.93042,28.743,34.329,23.8,61.857,44.1,22.471,23.214,74.429,56.4,100.5,199.6,0,0,Not detected,0,0
10035,Manhattan,,2026,2026-07-06,27,-0.1205,-0.9927,summer,40.79525,-73.93042,23.143,26.914,20.043,79.571,86.3,28.743,22.471,61.857,44.1,130.4,198.5,0,0,Not detected,0,0
10035,Manhattan,,2026,2026-07-13,28,-0.2393,-0.9709,summer,40.79525,-73.93042,26.343,31.0,22.214,58.714,48.1,23.143,28.743,79.571,86.3,134.4,222.5,0,0,Not detected,0,0
10035,Manhattan,,2026,2026-07-20,29,-0.3546,-0.935,summer,40.79525,-73.93042,23.871,28.914,19.186,57.143,12.4,26.343,23.143,58.714,48.1,60.5,193.1,0,0,Not detected,0,0
10035,Manhattan,,2026,2026-07-27,30,-0.4647,-0.8855,summer,40.79525,-73.93042,23.871,28.029,20.857,78.714,69.5,23.871,26.343,57.143,12.4,81.9,193.9,0,0,Not detected,0,0
10035,Manhattan,,2026,2026-08-03,31,-0.5681,-0.823,summer,40.79525,-73.93042,26.3,31.114,22.357,73.143,48.3,23.871,23.871,78.714,69.5,117.8,195.2,0,0,Not detected,0,0
10035,Manhattan,,2026,2026-08-10,32,-0.6631,-0.7485,summer,40.79525,-73.93042,25.4,30.329,21.086,64.0,20.3,26.3,23.871,73.143,48.3,68.6,203.7,0,0,Not detected,0,0
10035,Manhattan,,2026,2026-08-17,33,-0.7485,-0.6631,summer,40.79525,-73.93042,23.56,28.0,19.9,78.8,43.8,25.4,26.3,64.0,20.3,64.1,185.0,0,0,Not detected,0,0
10036,Manhattan,,2026,2026-06-01,22,0.4647,-0.8855,summer,40.75979,-73.99068,22.986,29.171,16.857,45.714,8.4,19.543,20.286,57.429,4.9,13.3,117.9,0,0,Not detected,0,0
10036,Manhattan,,2026,2026-06-08,23,0.3546,-0.935,summer,40.75979,-73.99068,25.257,30.643,20.414,55.714,12.5,22.986,19.543,45.714,8.4,20.9,156.9,0,0,Not detected,0,0
10036,Manhattan,,2026,2026-06-15,24,0.2393,-0.9709,summer,40.75979,-73.99068,23.1,27.743,18.329,52.143,21.2,25.257,22.986,55.714,12.5,33.7,181.2,0,0,Not detected,0,0
10036,Manhattan,,2026,2026-06-22,25,0.1205,-0.9927,summer,40.75979,-73.99068,22.6,26.157,19.386,72.714,46.3,23.1,25.257,52.143,21.2,67.5,176.0,0,0,Not detected,0,0
10036,Manhattan,,2026,2026-06-29,26,-0.0,-1.0,summer,40.75979,-73.99068,28.771,34.386,23.957,62.0,49.4,22.6,23.1,72.714,46.3,95.7,199.9,0,0,Not detected,0,0
10036,Manhattan,,2026,2026-07-06,27,-0.1205,-0.9927,summer,40.75979,-73.99068,23.071,26.9,19.986,80.429,84.4,28.771,22.6,62.0,49.4,133.8,198.8,0,0,Not detected,0,0
10036,Manhattan,,2026,2026-07-13,28,-0.2393,-0.9709,summer,40.75979,-73.99068,25.9,30.4,21.771,61.571,34.2,23.071,28.771,80.429,84.4,118.6,219.0,0,0,Not detected,0,0
10036,Manhattan,,2026,2026-07-20,29,-0.3546,-0.935,summer,40.75979,-73.99068,23.529,28.657,18.714,58.571,15.7,25.9,23.071,61.571,34.2,49.9,187.1,0,0,Not detected,0,0
10036,Manhattan,,2026,2026-07-27,30,-0.4647,-0.8855,summer,40.75979,-73.99068,23.729,27.914,20.686,79.0,103.5,23.529,25.9,58.571,15.7,119.2,187.6,0,0,Not detected,0,0
10036,Manhattan,,2026,2026-08-03,31,-0.5681,-0.823,summer,40.75979,-73.99068,25.786,30.529,22.1,75.857,52.9,23.729,23.529,79.0,103.5,156.4,188.3,0,0,Not detected,0,0
10036,Manhattan,,2026,2026-08-10,32,-0.6631,-0.7485,summer,40.75979,-73.99068,24.843,29.643,20.771,67.857,24.1,25.786,23.729,75.857,52.9,77.0,195.8,0,0,Not detected,0,0
10036,Manhattan,,2026,2026-08-17,33,-0.7485,-0.6631,summer,40.75979,-73.99068,23.54,28.04,19.72,78.2,38.8,24.843,25.786,67.857,24.1,62.9,177.5,0,0,Not detected,0,0
10037,Manhattan,,2026,2026-06-01,22,0.4647,-0.8855,summer,40.81303,-73.93771,22.786,29.029,16.843,46.143,8.5,19.457,20.257,57.857,5.0,13.5,116.2,0,0,Not detected,0,0
10037,Manhattan,,2026,2026-06-08,23,0.3546,-0.935,summer,40.81303,-73.93771,25.071,30.514,20.571,55.714,12.8,22.786,19.457,46.143,8.5,21.3,153.7,0,0,Not detected,0,0
10037,Manhattan,,2026,2026-06-15,24,0.2393,-0.9709,summer,40.81303,-73.93771,23.214,27.871,18.457,51.714,19.2,25.071,22.786,55.714,12.8,32.0,179.8,0,0,Not detected,0,0
10037,Manhattan,,2026,2026-06-22,25,0.1205,-0.9927,summer,40.81303,-73.93771,22.471,25.957,19.329,74.429,56.4,23.214,25.071,51.714,19.2,75.6,174.9,0,0,Not detected,0,0
10037,Manhattan,,2026,2026-06-29,26,-0.0,-1.0,summer,40.81303,-73.93771,28.743,34.329,23.8,61.857,44.1,22.471,23.214,74.429,56.4,100.5,199.6,0,0,Not detected,0,0
10037,Manhattan,,2026,2026-07-06,27,-0.1205,-0.9927,summer,40.81303,-73.93771,23.143,26.914,20.043,79.571,86.3,28.743,22.471,61.857,44.1,130.4,198.5,0,0,Not detected,0,0
10037,Manhattan,,2026,2026-07-13,28,-0.2393,-0.9709,summer,40.81303,-73.93771,26.343,31.0,22.214,58.714,48.1,23.143,28.743,79.571,86.3,134.4,222.5,0,0,Not detected,0,0
10037,Manhattan,,2026,2026-07-20,29,-0.3546,-0.935,summer,40.81303,-73.93771,23.871,28.914,19.186,57.143,12.4,26.343,23.143,58.714,48.1,60.5,193.1,0,0,Not detected,0,0
10037,Manhattan,,2026,2026-07-27,30,-0.4647,-0.8855,summer,40.81303,-73.93771,23.871,28.029,20.857,78.714,69.5,23.871,26.343,57.143,12.4,81.9,193.9,0,0,Not detected,0,0
10037,Manhattan,,2026,2026-08-03,31,-0.5681,-0.823,summer,40.81303,-73.93771,26.3,31.114,22.357,73.143,48.3,23.871,23.871,78.714,69.5,117.8,195.2,0,0,Not detected,0,0
10037,Manhattan,,2026,2026-08-10,32,-0.6631,-0.7485,summer,40.81303,-73.93771,25.4,30.329,21.086,64.0,20.3,26.3,23.871,73.143,48.3,68.6,203.7,0,0,Not detected,0,0
10037,Manhattan,,2026,2026-08-17,33,-0.7485,-0.6631,summer,40.81303,-73.93771,23.56,28.0,19.9,78.8,43.8,25.4,26.3,64.0,20.3,64.1,185.0,0,0,Not detected,0,0
10038,Manhattan,,2026,2026-06-01,22,0.4647,-0.8855,summer,40.70926,-74.0029,22.943,29.514,16.571,47.143,9.4,19.529,20.214,58.571,5.5,14.9,117.3,0,0,Not detected,0,0
10038,Manhattan,,2026,2026-06-08,23,0.3546,-0.935,summer,40.70926,-74.0029,25.471,30.914,20.457,55.0,12.5,22.943,19.529,47.143,9.4,21.9,158.0,0,0,Not detected,0,0
10038,Manhattan,,2026,2026-06-15,24,0.2393,-0.9709,summer,40.70926,-74.0029,23.271,28.071,18.414,51.857,21.4,25.471,22.943,55.0,12.5,33.9,183.5,0,0,Not detected,0,0
10038,Manhattan,,2026,2026-06-22,25,0.1205,-0.9927,summer,40.70926,-74.0029,22.929,26.529,19.6,72.0,50.7,23.271,25.471,51.857,21.4,72.1,181.2,0,0,Not detected,0,0
10038,Manhattan,,2026,2026-06-29,26,-0.0,-1.0,summer,40.70926,-74.0029,29.414,35.257,24.071,59.429,31.8,22.929,23.271,72.0,50.7,82.5,207.6,0,0,Not detected,0,0
10038,Manhattan,,2026,2026-07-06,27,-0.1205,-0.9927,summer,40.70926,-74.0029,23.357,27.386,20.114,79.286,73.3,29.414,22.929,59.429,31.8,105.1,207.2,0,0,Not detected,0,0
10038,Manhattan,,2026,2026-07-13,28,-0.2393,-0.9709,summer,40.70926,-74.0029,26.543,31.343,22.186,58.286,32.8,23.357,29.414,79.286,73.3,106.1,229.6,0,0,Not detected,0,0
10038,Manhattan,,2026,2026-07-20,29,-0.3546,-0.935,summer,40.70926,-74.0029,23.457,28.643,18.643,60.286,21.7,26.543,23.357,58.286,32.8,54.5,192.9,0,0,Not detected,0,0
10038,Manhattan,,2026,2026-07-27,30,-0.4647,-0.8855,summer,40.70926,-74.0029,23.914,28.243,20.757,78.429,96.9,23.457,26.543,60.286,21.7,118.6,192.3,0,0,Not detected,0,0
10038,Manhattan,,2026,2026-08-03,31,-0.5681,-0.823,summer,40.70926,-74.0029,26.143,31.1,22.243,74.286,47.3,23.914,23.457,78.429,96.9,144.2,191.5,0,0,Not detected,0,0
10038,Manhattan,,2026,2026-08-10,32,-0.6631,-0.7485,summer,40.70926,-74.0029,25.2,29.986,20.971,66.857,31.5,26.143,23.914,74.286,47.3,78.8,202.3,0,0,Not detected,0,0
10038,Manhattan,,2026,2026-08-17,33,-0.7485,-0.6631,summer,40.70926,-74.0029,23.76,28.42,19.92,78.2,43.3,25.2,26.143,66.857,31.5,74.8,183.4,0,0,Not detected,0,0
10039,Manhattan,,2026,2026-06-01,22,0.4647,-0.8855,summer,40.82629,-73.93753,22.786,29.029,16.843,46.143,8.5,19.457,20.257,57.857,5.0,13.5,116.2,0,0,Not detected,0,0
10039,Manhattan,,2026,2026-06-08,23,0.3546,-0.935,summer,40.82629,-73.93753,25.071,30.514,20.571,55.714,12.8,22.786,19.457,46.143,8.5,21.3,153.7,0,0,Not detected,0,0
10039,Manhattan,,2026,2026-06-15,24,0.2393,-0.9709,summer,40.82629,-73.93753,23.214,27.871,18.457,51.714,19.2,25.071,22.786,55.714,12.8,32.0,179.8,0,0,Not detected,0,0
10039,Manhattan,,2026,2026-06-22,25,0.1205,-0.9927,summer,40.82629,-73.93753,22.471,25.957,19.329,74.429,56.4,23.214,25.071,51.714,19.2,75.6,174.9,0,0,Not detected,0,0
10039,Manhattan,,2026,2026-06-29,26,-0.0,-1.0,summer,40.82629,-73.93753,28.743,34.329,23.8,61.857,44.1,22.471,23.214,74.429,56.4,100.5,199.6,0,0,Not detected,0,0
10039,Manhattan,,2026,2026-07-06,27,-0.1205,-0.9927,summer,40.82629,-73.93753,23.143,26.914,20.043,79.571,86.3,28.743,22.471,61.857,44.1,130.4,198.5,0,0,Not detected,0,0
10039,Manhattan,,2026,2026-07-13,28,-0.2393,-0.9709,summer,40.82629,-73.93753,26.343,31.0,22.214,58.714,48.1,23.143,28.743,79.571,86.3,134.4,222.5,0,0,Not detected,0,0
10039,Manhattan,,2026,2026-07-20,29,-0.3546,-0.935,summer,40.82629,-73.93753,23.871,28.914,19.186,57.143,12.4,26.343,23.143,58.714,48.1,60.5,193.1,0,0,Not detected,0,0
10039,Manhattan,,2026,2026-07-27,30,-0.4647,-0.8855,summer,40.82629,-73.93753,23.871,28.029,20.857,78.714,69.5,23.871,26.343,57.143,12.4,81.9,193.9,0,0,Not detected,0,0
10039,Manhattan,,2026,2026-08-03,31,-0.5681,-0.823,summer,40.82629,-73.93753,26.3,31.114,22.357,73.143,48.3,23.871,23.871,78.714,69.5,117.8,195.2,0,0,Not detected,0,0
10039,Manhattan,,2026,2026-08-10,32,-0.6631,-0.7485,summer,40.82629,-73.93753,25.4,30.329,21.086,64.0,20.3,26.3,23.871,73.143,48.3,68.6,203.7,0,0,Not detected,0,0
10039,Manhattan,,2026,2026-08-17,33,-0.7485,-0.6631,summer,40.82629,-73.93753,23.56,28.0,19.9,78.8,43.8,25.4,26.3,64.0,20.3,64.1,185.0,0,0,Not detected,0,0
10040,Manhattan,,2026,2026-06-01,22,0.4647,-0.8855,summer,40.8581,-73.9296,22.543,28.6,16.729,47.143,8.5,19.314,20.043,57.571,5.9,14.4,112.3,0,0,Not detected,0,0
10040,Manhattan,,2026,2026-06-08,23,0.3546,-0.935,summer,40.8581,-73.9296,24.7,30.014,20.3,57.857,14.6,22.543,19.314,47.143,8.5,23.1,148.4,0,0,Not detected,0,0
10040,Manhattan,,2026,2026-06-15,24,0.2393,-0.9709,summer,40.8581,-73.9296,22.886,27.486,18.171,52.0,18.8,24.7,22.543,57.857,14.6,33.4,173.8,0,0,Not detected,0,0
10040,Manhattan,,2026,2026-06-22,25,0.1205,-0.9927,summer,40.8581,-73.9296,22.186,25.686,19.043,74.429,44.9,22.886,24.7,52.0,18.8,63.7,168.0,0,0,Not detected,0,0
10040,Manhattan,,2026,2026-06-29,26,-0.0,-1.0,summer,40.8581,-73.9296,28.5,34.114,23.6,62.286,43.5,22.186,22.886,74.429,44.9,88.4,193.8,0,0,Not detected,0,0
10040,Manhattan,,2026,2026-07-06,27,-0.1205,-0.9927,summer,40.8581,-73.9296,22.943,26.614,19.986,79.857,83.8,28.5,22.186,62.286,43.5,127.3,194.1,0,0,Not detected,0,0
10040,Manhattan,,2026,2026-07-13,28,-0.2393,-0.9709,summer,40.8581,-73.9296,26.086,30.671,21.971,59.0,41.7,22.943,28.5,79.857,83.8,125.5,217.8,0,0,Not detected,0,0
10040,Manhattan,,2026,2026-07-20,29,-0.3546,-0.935,summer,40.8581,-73.9296,23.943,29.029,19.143,54.571,10.4,26.086,22.943,59.0,41.7,52.1,190.6,0,0,Not detected,0,0
10040,Manhattan,,2026,2026-07-27,30,-0.4647,-0.8855,summer,40.8581,-73.9296,23.714,27.986,20.757,79.143,67.7,23.943,26.086,54.571,10.4,78.1,191.6,0,0,Not detected,0,0
10040,Manhattan,,2026,2026-08-03,31,-0.5681,-0.823,summer,40.8581,-73.9296,26.043,30.986,22.186,73.714,55.5,23.714,23.943,79.143,67.7,123.2,192.8,0,0,Not detected,0,0
10040,Manhattan,,2026,2026-08-10,32,-0.6631,-0.7485,summer,40.8581,-73.9296,25.1,30.143,20.857,64.571,21.9,26.043,23.714,73.714,55.5,77.4,198.7,0,0,Not detected,0,0
10040,Manhattan,,2026,2026-08-17,33,-0.7485,-0.6631,summer,40.8581,-73.9296,23.48,27.98,19.8,77.8,37.3,25.1,26.043,64.571,21.9,59.2,180.9,0,0,Not detected,0,0
10044,Manhattan,,2026,2026-06-01,22,0.4647,-0.8855,summer,40.76191,-73.94997,22.7,29.314,16.557,47.857,7.9,19.371,20.114,60.286,5.2,13.1,114.5,0,0,Not detected,0,0
10044,Manhattan,,2026,2026-06-08,23,0.3546,-0.935,summer,40.76191,-73.94997,25.029,30.429,20.414,56.857,11.5,22.7,19.371,47.857,7.9,19.4,152.1,0,0,Not detected,0,0
10044,Manhattan,,2026,2026-06-15,24,0.2393,-0.9709,summer,40.76191,-73.94997,23.329,28.214,18.443,52.429,18.4,25.029,22.7,56.857,11.5,29.9,179.4,0,0,Not detected,0,0
10044,Manhattan,,2026,2026-06-22,25,0.1205,-0.9927,summer,40.76191,-73.94997,22.757,26.429,19.457,73.571,60.5,23.329,25.029,52.429,18.4,78.9,177.6,0,0,Not detected,0,0
10044,Manhattan,,2026,2026-06-29,26,-0.0,-1.0,summer,40.76191,-73.94997,28.971,34.714,23.914,61.571,37.1,22.757,23.329,73.571,60.5,97.6,203.7,0,0,Not detected,0,0
10044,Manhattan,,2026,2026-07-06,27,-0.1205,-0.9927,summer,40.76191,-73.94997,23.371,27.371,20.043,78.429,75.9,28.971,22.757,61.571,37.1,113.0,203.3,0,0,Not detected,0,0
10044,Manhattan,,2026,2026-07-13,28,-0.2393,-0.9709,summer,40.76191,-73.94997,26.757,31.586,22.4,57.286,42.7,23.371,28.971,78.429,75.9,118.6,228.4,0,0,Not detected,0,0
10044,Manhattan,,2026,2026-07-20,29,-0.3546,-0.935,summer,40.76191,-73.94997,23.814,29.043,19.1,58.286,17.0,26.757,23.371,57.286,42.7,59.7,197.1,0,0,Not detected,0,0
10044,Manhattan,,2026,2026-07-27,30,-0.4647,-0.8855,summer,40.76191,-73.94997,23.971,28.114,20.871,78.857,73.1,23.814,26.757,58.286,17.0,90.1,196.5,0,0,Not detected,0,0
10044,Manhattan,,2026,2026-08-03,31,-0.5681,-0.823,summer,40.76191,-73.94997,26.3,31.186,22.357,74.143,50.6,23.971,23.814,78.857,73.1,123.7,195.5,0,0,Not detected,0,0
10044,Manhattan,,2026,2026-08-10,32,-0.6631,-0.7485,summer,40.76191,-73.94997,25.371,30.243,21.143,65.714,26.7,26.3,23.971,74.143,50.6,77.3,204.6,0,0,Not detected,0,0
10044,Manhattan,,2026,2026-08-17,33,-0.7485,-0.6631,summer,40.76191,-73.94997,23.72,28.46,19.96,78.8,49.2,25.371,26.3,65.714,26.7,75.9,185.6,0,0,Not detected,0,0
10048,Manhattan,,2026,2026-06-01,22,0.4647,-0.8855,summer,40.7831,-73.9712,22.986,29.171,16.857,45.714,8.4,19.543,20.286,57.429,4.9,13.3,117.9,0,0,Not detected,0,0
10048,Manhattan,,2026,2026-06-08,23,0.3546,-0.935,summer,40.7831,-73.9712,25.257,30.643,20.414,55.714,12.5,22.986,19.543,45.714,8.4,20.9,156.9,0,0,Not detected,0,0
10048,Manhattan,,2026,2026-06-15,24,0.2393,-0.9709,summer,40.7831,-73.9712,23.1,27.743,18.329,52.143,21.2,25.257,22.986,55.714,12.5,33.7,181.2,0,0,Not detected,0,0
10048,Manhattan,,2026,2026-06-22,25,0.1205,-0.9927,summer,40.7831,-73.9712,22.6,26.157,19.386,72.714,46.3,23.1,25.257,52.143,21.2,67.5,176.0,0,0,Not detected,0,0
10048,Manhattan,,2026,2026-06-29,26,-0.0,-1.0,summer,40.7831,-73.9712,28.771,34.386,23.957,62.0,49.4,22.6,23.1,72.714,46.3,95.7,199.9,0,0,Not detected,0,0
10048,Manhattan,,2026,2026-07-06,27,-0.1205,-0.9927,summer,40.7831,-73.9712,23.071,26.9,19.986,80.429,84.4,28.771,22.6,62.0,49.4,133.8,198.8,0,0,Not detected,0,0
10048,Manhattan,,2026,2026-07-13,28,-0.2393,-0.9709,summer,40.7831,-73.9712,25.9,30.4,21.771,61.571,34.2,23.071,28.771,80.429,84.4,118.6,219.0,0,0,Not detected,0,0
10048,Manhattan,,2026,2026-07-20,29,-0.3546,-0.935,summer,40.7831,-73.9712,23.529,28.657,18.714,58.571,15.7,25.9,23.071,61.571,34.2,49.9,187.1,0,0,Not detected,0,0
10048,Manhattan,,2026,2026-07-27,30,-0.4647,-0.8855,summer,40.7831,-73.9712,23.729,27.914,20.686,79.0,103.5,23.529,25.9,58.571,15.7,119.2,187.6,0,0,Not detected,0,0
10048,Manhattan,,2026,2026-08-03,31,-0.5681,-0.823,summer,40.7831,-73.9712,25.786,30.529,22.1,75.857,52.9,23.729,23.529,79.0,103.5,156.4,188.3,0,0,Not detected,0,0
10048,Manhattan,,2026,2026-08-10,32,-0.6631,-0.7485,summer,40.7831,-73.9712,24.843,29.643,20.771,67.857,24.1,25.786,23.729,75.857,52.9,77.0,195.8,0,0,Not detected,0,0
10048,Manhattan,,2026,2026-08-17,33,-0.7485,-0.6631,summer,40.7831,-73.9712,23.54,28.04,19.72,78.2,38.8,24.843,25.786,67.857,24.1,62.9,177.5,0,0,Not detected,0,0
10065,Manhattan,,2026,2026-06-01,22,0.4647,-0.8855,summer,40.76469,-73.96326,22.7,29.314,16.557,47.857,7.9,19.371,20.114,60.286,5.2,13.1,114.5,0,0,Not detected,0,0
10065,Manhattan,,2026,2026-06-08,23,0.3546,-0.935,summer,40.76469,-73.96326,25.029,30.429,20.414,56.857,11.5,22.7,19.371,47.857,7.9,19.4,152.1,0,0,Not detected,0,0
10065,Manhattan,,2026,2026-06-15,24,0.2393,-0.9709,summer,40.76469,-73.96326,23.329,28.214,18.443,52.429,18.4,25.029,22.7,56.857,11.5,29.9,179.4,0,0,Not detected,0,0
10065,Manhattan,,2026,2026-06-22,25,0.1205,-0.9927,summer,40.76469,-73.96326,22.757,26.429,19.457,73.571,60.5,23.329,25.029,52.429,18.4,78.9,177.6,0,0,Not detected,0,0
10065,Manhattan,,2026,2026-06-29,26,-0.0,-1.0,summer,40.76469,-73.96326,28.971,34.714,23.914,61.571,37.1,22.757,23.329,73.571,60.5,97.6,203.7,0,0,Not detected,0,0
10065,Manhattan,,2026,2026-07-06,27,-0.1205,-0.9927,summer,40.76469,-73.96326,23.371,27.371,20.043,78.429,75.9,28.971,22.757,61.571,37.1,113.0,203.3,0,0,Not detected,0,0
10065,Manhattan,,2026,2026-07-13,28,-0.2393,-0.9709,summer,40.76469,-73.96326,26.757,31.586,22.4,57.286,42.7,23.371,28.971,78.429,75.9,118.6,228.4,0,0,Not detected,0,0
10065,Manhattan,,2026,2026-07-20,29,-0.3546,-0.935,summer,40.76469,-73.96326,23.814,29.043,19.1,58.286,17.0,26.757,23.371,57.286,42.7,59.7,197.1,0,0,Not detected,0,0
10065,Manhattan,,2026,2026-07-27,30,-0.4647,-0.8855,summer,40.76469,-73.96326,23.971,28.114,20.871,78.857,73.1,23.814,26.757,58.286,17.0,90.1,196.5,0,0,Not detected,0,0
10065,Manhattan,,2026,2026-08-03,31,-0.5681,-0.823,summer,40.76469,-73.96326,26.3,31.186,22.357,74.143,50.6,23.971,23.814,78.857,73.1,123.7,195.5,0,0,Not detected,0,0
10065,Manhattan,,2026,2026-08-10,32,-0.6631,-0.7485,summer,40.76469,-73.96326,25.371,30.243,21.143,65.714,26.7,26.3,23.971,74.143,50.6,77.3,204.6,0,0,Not detected,0,0
10065,Manhattan,,2026,2026-08-17,33,-0.7485,-0.6631,summer,40.76469,-73.96326,23.72,28.46,19.96,78.8,49.2,25.371,26.3,65.714,26.7,75.9,185.6,0,0,Not detected,0,0
10069,Manhattan,,2026,2026-06-01,22,0.4647,-0.8855,summer,40.77738,-73.98883,22.986,29.171,16.857,45.714,8.4,19.543,20.286,57.429,4.9,13.3,117.9,0,0,Not detected,0,0
10069,Manhattan,,2026,2026-06-08,23,0.3546,-0.935,summer,40.77738,-73.98883,25.257,30.643,20.414,55.714,12.5,22.986,19.543,45.714,8.4,20.9,156.9,0,0,Not detected,0,0
10069,Manhattan,,2026,2026-06-15,24,0.2393,-0.9709,summer,40.77738,-73.98883,23.1,27.743,18.329,52.143,21.2,25.257,22.986,55.714,12.5,33.7,181.2,0,0,Not detected,0,0
10069,Manhattan,,2026,2026-06-22,25,0.1205,-0.9927,summer,40.77738,-73.98883,22.6,26.157,19.386,72.714,46.3,23.1,25.257,52.143,21.2,67.5,176.0,0,0,Not detected,0,0
10069,Manhattan,,2026,2026-06-29,26,-0.0,-1.0,summer,40.77738,-73.98883,28.771,34.386,23.957,62.0,49.4,22.6,23.1,72.714,46.3,95.7,199.9,0,0,Not detected,0,0
10069,Manhattan,,2026,2026-07-06,27,-0.1205,-0.9927,summer,40.77738,-73.98883,23.071,26.9,19.986,80.429,84.4,28.771,22.6,62.0,49.4,133.8,198.8,0,0,Not detected,0,0
10069,Manhattan,,2026,2026-07-13,28,-0.2393,-0.9709,summer,40.77738,-73.98883,25.9,30.4,21.771,61.571,34.2,23.071,28.771,80.429,84.4,118.6,219.0,0,0,Not detected,0,0
10069,Manhattan,,2026,2026-07-20,29,-0.3546,-0.935,summer,40.77738,-73.98883,23.529,28.657,18.714,58.571,15.7,25.9,23.071,61.571,34.2,49.9,187.1,0,0,Not detected,0,0
10069,Manhattan,,2026,2026-07-27,30,-0.4647,-0.8855,summer,40.77738,-73.98883,23.729,27.914,20.686,79.0,103.5,23.529,25.9,58.571,15.7,119.2,187.6,0,0,Not detected,0,0
10069,Manhattan,,2026,2026-08-03,31,-0.5681,-0.823,summer,40.77738,-73.98883,25.786,30.529,22.1,75.857,52.9,23.729,23.529,79.0,103.5,156.4,188.3,0,0,Not detected,0,0
10069,Manhattan,,2026,2026-08-10,32,-0.6631,-0.7485,summer,40.77738,-73.98883,24.843,29.643,20.771,67.857,24.1,25.786,23.729,75.857,52.9,77.0,195.8,0,0,Not detected,0,0
10069,Manhattan,,2026,2026-08-17,33,-0.7485,-0.6631,summer,40.77738,-73.98883,23.54,28.04,19.72,78.2,38.8,24.843,25.786,67.857,24.1,62.9,177.5,0,0,Not detected,0,0
10075,Manhattan,,2026,2026-06-01,22,0.4647,-0.8855,summer,40.77341,-73.95629,22.7,29.314,16.557,47.857,7.9,19.371,20.114,60.286,5.2,13.1,114.5,0,0,Not detected,0,0
10075,Manhattan,,2026,2026-06-08,23,0.3546,-0.935,summer,40.77341,-73.95629,25.029,30.429,20.414,56.857,11.5,22.7,19.371,47.857,7.9,19.4,152.1,0,0,Not detected,0,0
10075,Manhattan,,2026,2026-06-15,24,0.2393,-0.9709,summer,40.77341,-73.95629,23.329,28.214,18.443,52.429,18.4,25.029,22.7,56.857,11.5,29.9,179.4,0,0,Not detected,0,0
10075,Manhattan,,2026,2026-06-22,25,0.1205,-0.9927,summer,40.77341,-73.95629,22.757,26.429,19.457,73.571,60.5,23.329,25.029,52.429,18.4,78.9,177.6,0,0,Not detected,0,0
10075,Manhattan,,2026,2026-06-29,26,-0.0,-1.0,summer,40.77341,-73.95629,28.971,34.714,23.914,61.571,37.1,22.757,23.329,73.571,60.5,97.6,203.7,0,0,Not detected,0,0
10075,Manhattan,,2026,2026-07-06,27,-0.1205,-0.9927,summer,40.77341,-73.95629,23.371,27.371,20.043,78.429,75.9,28.971,22.757,61.571,37.1,113.0,203.3,0,0,Not detected,0,0
10075,Manhattan,,2026,2026-07-13,28,-0.2393,-0.9709,summer,40.77341,-73.95629,26.757,31.586,22.4,57.286,42.7,23.371,28.971,78.429,75.9,118.6,228.4,0,0,Not detected,0,0
10075,Manhattan,,2026,2026-07-20,29,-0.3546,-0.935,summer,40.77341,-73.95629,23.814,29.043,19.1,58.286,17.0,26.757,23.371,57.286,42.7,59.7,197.1,0,0,Not detected,0,0
10075,Manhattan,,2026,2026-07-27,30,-0.4647,-0.8855,summer,40.77341,-73.95629,23.971,28.114,20.871,78.857,73.1,23.814,26.757,58.286,17.0,90.1,196.5,0,0,Not detected,0,0
10075,Manhattan,,2026,2026-08-03,31,-0.5681,-0.823,summer,40.77341,-73.95629,26.3,31.186,22.357,74.143,50.6,23.971,23.814,78.857,73.1,123.7,195.5,0,0,Not detected,0,0
10075,Manhattan,,2026,2026-08-10,32,-0.6631,-0.7485,summer,40.77341,-73.95629,25.371,30.243,21.143,65.714,26.7,26.3,23.971,74.143,50.6,77.3,204.6,0,0,Not detected,0,0
10075,Manhattan,,2026,2026-08-17,33,-0.7485,-0.6631,summer,40.77341,-73.95629,23.72,28.46,19.96,78.8,49.2,25.371,26.3,65.714,26.7,75.9,185.6,0,0,Not detected,0,0
10111,Manhattan,,2026,2026-06-01,22,0.4647,-0.8855,summer,40.75953,-73.97858,22.986,29.171,16.857,45.714,8.4,19.543,20.286,57.429,4.9,13.3,117.9,0,0,Not detected,0,0
10111,Manhattan,,2026,2026-06-08,23,0.3546,-0.935,summer,40.75953,-73.97858,25.257,30.643,20.414,55.714,12.5,22.986,19.543,45.714,8.4,20.9,156.9,0,0,Not detected,0,0
10111,Manhattan,,2026,2026-06-15,24,0.2393,-0.9709,summer,40.75953,-73.97858,23.1,27.743,18.329,52.143,21.2,25.257,22.986,55.714,12.5,33.7,181.2,0,0,Not detected,0,0
10111,Manhattan,,2026,2026-06-22,25,0.1205,-0.9927,summer,40.75953,-73.97858,22.6,26.157,19.386,72.714,46.3,23.1,25.257,52.143,21.2,67.5,176.0,0,0,Not detected,0,0
10111,Manhattan,,2026,2026-06-29,26,-0.0,-1.0,summer,40.75953,-73.97858,28.771,34.386,23.957,62.0,49.4,22.6,23.1,72.714,46.3,95.7,199.9,0,0,Not detected,0,0
10111,Manhattan,,2026,2026-07-06,27,-0.1205,-0.9927,summer,40.75953,-73.97858,23.071,26.9,19.986,80.429,84.4,28.771,22.6,62.0,49.4,133.8,198.8,0,0,Not detected,0,0
10111,Manhattan,,2026,2026-07-13,28,-0.2393,-0.9709,summer,40.75953,-73.97858,25.9,30.4,21.771,61.571,34.2,23.071,28.771,80.429,84.4,118.6,219.0,0,0,Not detected,0,0
10111,Manhattan,,2026,2026-07-20,29,-0.3546,-0.935,summer,40.75953,-73.97858,23.529,28.657,18.714,58.571,15.7,25.9,23.071,61.571,34.2,49.9,187.1,0,0,Not detected,0,0
10111,Manhattan,,2026,2026-07-27,30,-0.4647,-0.8855,summer,40.75953,-73.97858,23.729,27.914,20.686,79.0,103.5,23.529,25.9,58.571,15.7,119.2,187.6,0,0,Not detected,0,0
10111,Manhattan,,2026,2026-08-03,31,-0.5681,-0.823,summer,40.75953,-73.97858,25.786,30.529,22.1,75.857,52.9,23.729,23.529,79.0,103.5,156.4,188.3,0,0,Not detected,0,0
10111,Manhattan,,2026,2026-08-10,32,-0.6631,-0.7485,summer,40.75953,-73.97858,24.843,29.643,20.771,67.857,24.1,25.786,23.729,75.857,52.9,77.0,195.8,0,0,Not detected,0,0
10111,Manhattan,,2026,2026-08-17,33,-0.7485,-0.6631,summer,40.75953,-73.97858,23.54,28.04,19.72,78.2,38.8,24.843,25.786,67.857,24.1,62.9,177.5,0,0,Not detected,0,0
10115,Manhattan,,2026,2026-06-01,22,0.4647,-0.8855,summer,40.81085,-73.96374,22.986,29.171,16.857,45.714,8.4,19.543,20.286,57.429,4.9,13.3,117.9,0,0,Not detected,0,0
10115,Manhattan,,2026,2026-06-08,23,0.3546,-0.935,summer,40.81085,-73.96374,25.257,30.643,20.414,55.714,12.5,22.986,19.543,45.714,8.4,20.9,156.9,0,0,Not detected,0,0
10115,Manhattan,,2026,2026-06-15,24,0.2393,-0.9709,summer,40.81085,-73.96374,23.1,27.743,18.329,52.143,21.2,25.257,22.986,55.714,12.5,33.7,181.2,0,0,Not detected,0,0
10115,Manhattan,,2026,2026-06-22,25,0.1205,-0.9927,summer,40.81085,-73.96374,22.6,26.157,19.386,72.714,46.3,23.1,25.257,52.143,21.2,67.5,176.0,0,0,Not detected,0,0
10115,Manhattan,,2026,2026-06-29,26,-0.0,-1.0,summer,40.81085,-73.96374,28.771,34.386,23.957,62.0,49.4,22.6,23.1,72.714,46.3,95.7,199.9,0,0,Not detected,0,0
10115,Manhattan,,2026,2026-07-06,27,-0.1205,-0.9927,summer,40.81085,-73.96374,23.071,26.9,19.986,80.429,84.4,28.771,22.6,62.0,49.4,133.8,198.8,0,0,Not detected,0,0
10115,Manhattan,,2026,2026-07-13,28,-0.2393,-0.9709,summer,40.81085,-73.96374,25.9,30.4,21.771,61.571,34.2,23.071,28.771,80.429,84.4,118.6,219.0,0,0,Not detected,0,0
10115,Manhattan,,2026,2026-07-20,29,-0.3546,-0.935,summer,40.81085,-73.96374,23.529,28.657,18.714,58.571,15.7,25.9,23.071,61.571,34.2,49.9,187.1,0,0,Not detected,0,0
10115,Manhattan,,2026,2026-07-27,30,-0.4647,-0.8855,summer,40.81085,-73.96374,23.729,27.914,20.686,79.0,103.5,23.529,25.9,58.571,15.7,119.2,187.6,0,0,Not detected,0,0
10115,Manhattan,,2026,2026-08-03,31,-0.5681,-0.823,summer,40.81085,-73.96374,25.786,30.529,22.1,75.857,52.9,23.729,23.529,79.0,103.5,156.4,188.3,0,0,Not detected,0,0
10115,Manhattan,,2026,2026-08-10,32,-0.6631,-0.7485,summer,40.81085,-73.96374,24.843,29.643,20.771,67.857,24.1,25.786,23.729,75.857,52.9,77.0,195.8,0,0,Not detected,0,0
10115,Manhattan,,2026,2026-08-17,33,-0.7485,-0.6631,summer,40.81085,-73.96374,23.54,28.04,19.72,78.2,38.8,24.843,25.786,67.857,24.1,62.9,177.5,0,0,Not detected,0,0
10128,Manhattan,,2026,2026-06-01,22,0.4647,-0.8855,summer,40.7815,-73.9502,22.7,29.314,16.557,47.857,7.9,19.371,20.114,60.286,5.2,13.1,114.5,0,0,Not detected,0,0
10128,Manhattan,,2026,2026-06-08,23,0.3546,-0.935,summer,40.7815,-73.9502,25.029,30.429,20.414,56.857,11.5,22.7,19.371,47.857,7.9,19.4,152.1,0,0,Not detected,0,0
10128,Manhattan,,2026,2026-06-15,24,0.2393,-0.9709,summer,40.7815,-73.9502,23.329,28.214,18.443,52.429,18.4,25.029,22.7,56.857,11.5,29.9,179.4,0,0,Not detected,0,0
10128,Manhattan,,2026,2026-06-22,25,0.1205,-0.9927,summer,40.7815,-73.9502,22.757,26.429,19.457,73.571,60.5,23.329,25.029,52.429,18.4,78.9,177.6,0,0,Not detected,0,0
10128,Manhattan,,2026,2026-06-29,26,-0.0,-1.0,summer,40.7815,-73.9502,28.971,34.714,23.914,61.571,37.1,22.757,23.329,73.571,60.5,97.6,203.7,0,0,Not detected,0,0
10128,Manhattan,,2026,2026-07-06,27,-0.1205,-0.9927,summer,40.7815,-73.9502,23.371,27.371,20.043,78.429,75.9,28.971,22.757,61.571,37.1,113.0,203.3,0,0,Not detected,0,0
10128,Manhattan,,2026,2026-07-13,28,-0.2393,-0.9709,summer,40.7815,-73.9502,26.757,31.586,22.4,57.286,42.7,23.371,28.971,78.429,75.9,118.6,228.4,0,0,Not detected,0,0
10128,Manhattan,,2026,2026-07-20,29,-0.3546,-0.935,summer,40.7815,-73.9502,23.814,29.043,19.1,58.286,17.0,26.757,23.371,57.286,42.7,59.7,197.1,0,0,Not detected,0,0
10128,Manhattan,,2026,2026-07-27,30,-0.4647,-0.8855,summer,40.7815,-73.9502,23.971,28.114,20.871,78.857,73.1,23.814,26.757,58.286,17.0,90.1,196.5,0,0,Not detected,0,0
10128,Manhattan,,2026,2026-08-03,31,-0.5681,-0.823,summer,40.7815,-73.9502,26.3,31.186,22.357,74.143,50.6,23.971,23.814,78.857,73.1,123.7,195.5,0,0,Not detected,0,0
10128,Manhattan,,2026,2026-08-10,32,-0.6631,-0.7485,summer,40.7815,-73.9502,25.371,30.243,21.143,65.714,26.7,26.3,23.971,74.143,50.6,77.3,204.6,0,0,Not detected,0,0
10128,Manhattan,,2026,2026-08-17,33,-0.7485,-0.6631,summer,40.7815,-73.9502,23.72,28.46,19.96,78.8,49.2,25.371,26.3,65.714,26.7,75.9,185.6,0,0,Not detected,0,0
10280,Manhattan,,2026,2026-06-01,22,0.4647,-0.8855,summer,40.7097,-74.01659,22.943,29.514,16.571,47.143,9.4,19.529,20.214,58.571,5.5,14.9,117.3,0,0,Not detected,0,0
10280,Manhattan,,2026,2026-06-08,23,0.3546,-0.935,summer,40.7097,-74.01659,25.471,30.914,20.457,55.0,12.5,22.943,19.529,47.143,9.4,21.9,158.0,0,0,Not detected,0,0
10280,Manhattan,,2026,2026-06-15,24,0.2393,-0.9709,summer,40.7097,-74.01659,23.271,28.071,18.414,51.857,21.4,25.471,22.943,55.0,12.5,33.9,183.5,0,0,Not detected,0,0
10280,Manhattan,,2026,2026-06-22,25,0.1205,-0.9927,summer,40.7097,-74.01659,22.929,26.529,19.6,72.0,50.7,23.271,25.471,51.857,21.4,72.1,181.2,0,0,Not detected,0,0
10280,Manhattan,,2026,2026-06-29,26,-0.0,-1.0,summer,40.7097,-74.01659,29.414,35.257,24.071,59.429,31.8,22.929,23.271,72.0,50.7,82.5,207.6,0,0,Not detected,0,0
10280,Manhattan,,2026,2026-07-06,27,-0.1205,-0.9927,summer,40.7097,-74.01659,23.357,27.386,20.114,79.286,73.3,29.414,22.929,59.429,31.8,105.1,207.2,0,0,Not detected,0,0
10280,Manhattan,,2026,2026-07-13,28,-0.2393,-0.9709,summer,40.7097,-74.01659,26.543,31.343,22.186,58.286,32.8,23.357,29.414,79.286,73.3,106.1,229.6,0,0,Not detected,0,0
10280,Manhattan,,2026,2026-07-20,29,-0.3546,-0.935,summer,40.7097,-74.01659,23.457,28.643,18.643,60.286,21.7,26.543,23.357,58.286,32.8,54.5,192.9,0,0,Not detected,0,0
10280,Manhattan,,2026,2026-07-27,30,-0.4647,-0.8855,summer,40.7097,-74.01659,23.914,28.243,20.757,78.429,96.9,23.457,26.543,60.286,21.7,118.6,192.3,0,0,Not detected,0,0
10280,Manhattan,,2026,2026-08-03,31,-0.5681,-0.823,summer,40.7097,-74.01659,26.143,31.1,22.243,74.286,47.3,23.914,23.457,78.429,96.9,144.2,191.5,0,0,Not detected,0,0
10280,Manhattan,,2026,2026-08-10,32,-0.6631,-0.7485,summer,40.7097,-74.01659,25.2,29.986,20.971,66.857,31.5,26.143,23.914,74.286,47.3,78.8,202.3,0,0,Not detected,0,0
10280,Manhattan,,2026,2026-08-17,33,-0.7485,-0.6631,summer,40.7097,-74.01659,23.76,28.42,19.92,78.2,43.3,25.2,26.143,66.857,31.5,74.8,183.4,0,0,Not detected,0,0
10281,Manhattan,,2026,2026-06-01,22,0.4647,-0.8855,summer,40.7831,-73.9712,22.986,29.171,16.857,45.714,8.4,19.543,20.286,57.429,4.9,13.3,117.9,0,0,Not detected,0,0
10281,Manhattan,,2026,2026-06-08,23,0.3546,-0.935,summer,40.7831,-73.9712,25.257,30.643,20.414,55.714,12.5,22.986,19.543,45.714,8.4,20.9,156.9,0,0,Not detected,0,0
10281,Manhattan,,2026,2026-06-15,24,0.2393,-0.9709,summer,40.7831,-73.9712,23.1,27.743,18.329,52.143,21.2,25.257,22.986,55.714,12.5,33.7,181.2,0,0,Not detected,0,0
10281,Manhattan,,2026,2026-06-22,25,0.1205,-0.9927,summer,40.7831,-73.9712,22.6,26.157,19.386,72.714,46.3,23.1,25.257,52.143,21.2,67.5,176.0,0,0,Not detected,0,0
10281,Manhattan,,2026,2026-06-29,26,-0.0,-1.0,summer,40.7831,-73.9712,28.771,34.386,23.957,62.0,49.4,22.6,23.1,72.714,46.3,95.7,199.9,0,0,Not detected,0,0
10281,Manhattan,,2026,2026-07-06,27,-0.1205,-0.9927,summer,40.7831,-73.9712,23.071,26.9,19.986,80.429,84.4,28.771,22.6,62.0,49.4,133.8,198.8,0,0,Not detected,0,0
10281,Manhattan,,2026,2026-07-13,28,-0.2393,-0.9709,summer,40.7831,-73.9712,25.9,30.4,21.771,61.571,34.2,23.071,28.771,80.429,84.4,118.6,219.0,0,0,Not detected,0,0
10281,Manhattan,,2026,2026-07-20,29,-0.3546,-0.935,summer,40.7831,-73.9712,23.529,28.657,18.714,58.571,15.7,25.9,23.071,61.571,34.2,49.9,187.1,0,0,Not detected,0,0
10281,Manhattan,,2026,2026-07-27,30,-0.4647,-0.8855,summer,40.7831,-73.9712,23.729,27.914,20.686,79.0,103.5,23.529,25.9,58.571,15.7,119.2,187.6,0,0,Not detected,0,0
10281,Manhattan,,2026,2026-08-03,31,-0.5681,-0.823,summer,40.7831,-73.9712,25.786,30.529,22.1,75.857,52.9,23.729,23.529,79.0,103.5,156.4,188.3,0,0,Not detected,0,0
10281,Manhattan,,2026,2026-08-10,32,-0.6631,-0.7485,summer,40.7831,-73.9712,24.843,29.643,20.771,67.857,24.1,25.786,23.729,75.857,52.9,77.0,195.8,0,0,Not detected,0,0
10281,Manhattan,,2026,2026-08-17,33,-0.7485,-0.6631,summer,40.7831,-73.9712,23.54,28.04,19.72,78.2,38.8,24.843,25.786,67.857,24.1,62.9,177.5,0,0,Not detected,0,0
10282,Manhattan,,2026,2026-06-01,22,0.4647,-0.8855,summer,40.71638,-74.015,22.943,29.514,16.571,47.143,9.4,19.529,20.214,58.571,5.5,14.9,117.3,0,0,Not detected,0,0
10282,Manhattan,,2026,2026-06-08,23,0.3546,-0.935,summer,40.71638,-74.015,25.471,30.914,20.457,55.0,12.5,22.943,19.529,47.143,9.4,21.9,158.0,0,0,Not detected,0,0
10282,Manhattan,,2026,2026-06-15,24,0.2393,-0.9709,summer,40.71638,-74.015,23.271,28.071,18.414,51.857,21.4,25.471,22.943,55.0,12.5,33.9,183.5,0,0,Not detected,0,0
10282,Manhattan,,2026,2026-06-22,25,0.1205,-0.9927,summer,40.71638,-74.015,22.929,26.529,19.6,72.0,50.7,23.271,25.471,51.857,21.4,72.1,181.2,0,0,Not detected,0,0
10282,Manhattan,,2026,2026-06-29,26,-0.0,-1.0,summer,40.71638,-74.015,29.414,35.257,24.071,59.429,31.8,22.929,23.271,72.0,50.7,82.5,207.6,0,0,Not detected,0,0
10282,Manhattan,,2026,2026-07-06,27,-0.1205,-0.9927,summer,40.71638,-74.015,23.357,27.386,20.114,79.286,73.3,29.414,22.929,59.429,31.8,105.1,207.2,0,0,Not detected,0,0
10282,Manhattan,,2026,2026-07-13,28,-0.2393,-0.9709,summer,40.71638,-74.015,26.543,31.343,22.186,58.286,32.8,23.357,29.414,79.286,73.3,106.1,229.6,0,0,Not detected,0,0
10282,Manhattan,,2026,2026-07-20,29,-0.3546,-0.935,summer,40.71638,-74.015,23.457,28.643,18.643,60.286,21.7,26.543,23.357,58.286,32.8,54.5,192.9,0,0,Not detected,0,0
10282,Manhattan,,2026,2026-07-27,30,-0.4647,-0.8855,summer,40.71638,-74.015,23.914,28.243,20.757,78.429,96.9,23.457,26.543,60.286,21.7,118.6,192.3,0,0,Not detected,0,0
10282,Manhattan,,2026,2026-08-03,31,-0.5681,-0.823,summer,40.71638,-74.015,26.143,31.1,22.243,74.286,47.3,23.914,23.457,78.429,96.9,144.2,191.5,0,0,Not detected,0,0
10282,Manhattan,,2026,2026-08-10,32,-0.6631,-0.7485,summer,40.71638,-74.015,25.2,29.986,20.971,66.857,31.5,26.143,23.914,74.286,47.3,78.8,202.3,0,0,Not detected,0,0
10282,Manhattan,,2026,2026-08-17,33,-0.7485,-0.6631,summer,40.71638,-74.015,23.76,28.42,19.92,78.2,43.3,25.2,26.143,66.857,31.5,74.8,183.4,0,0,Not detected,0,0
10301,Staten Island,"Castleton Corners, Westerleigh, Silver Lake, Grymes Hill, Randall Manor",2026,2026-06-01,22,0.4647,-0.8855,summer,40.6275,-74.09438,22.2,28.586,16.543,50.857,9.6,19.414,19.757,59.571,4.8,14.4,109.3,0,0,Detected in the past 2 weeks,0,0
10301,Staten Island,"Castleton Corners, Westerleigh, Silver Lake, Grymes Hill, Randall Manor",2026,2026-06-08,23,0.3546,-0.935,summer,40.6275,-74.09438,24.843,29.757,20.386,57.857,13.7,22.2,19.414,50.857,9.6,23.3,147.9,0,0,Detected in the past 2 weeks,0,0
10301,Staten Island,"Castleton Corners, Westerleigh, Silver Lake, Grymes Hill, Randall Manor",2026,2026-06-15,24,0.2393,-0.9709,summer,40.6275,-74.09438,23.071,27.3,18.543,53.571,18.6,24.843,22.2,57.857,13.7,32.3,173.8,0,0,Detected in the past 2 weeks,0,0
10301,Staten Island,"Castleton Corners, Westerleigh, Silver Lake, Grymes Hill, Randall Manor",2026,2026-06-22,25,0.1205,-0.9927,summer,40.6275,-74.09438,22.529,25.686,19.486,75.0,40.4,23.071,24.843,53.571,18.6,59.0,173.0,0,0,Detected in the past 2 weeks,0,0
10301,Staten Island,"Castleton Corners, Westerleigh, Silver Lake, Grymes Hill, Randall Manor",2026,2026-06-29,26,-0.0,-1.0,summer,40.6275,-74.09438,29.214,34.329,24.029,59.143,20.6,22.529,23.071,75.0,40.4,61.0,201.8,0,0,Detected in the past 2 weeks,1,1
10301,Staten Island,"Castleton Corners, Westerleigh, Silver Lake, Grymes Hill, Randall Manor",2026,2026-07-06,27,-0.1205,-0.9927,summer,40.6275,-74.09438,23.343,27.071,20.414,79.0,46.3,29.214,22.529,59.143,20.6,66.9,203.1,1,0,Detected in the past 2 weeks,1,1
10301,Staten Island,"Castleton Corners, Westerleigh, Silver Lake, Grymes Hill, Randall Manor",2026,2026-07-13,28,-0.2393,-0.9709,summer,40.6275,-74.09438,26.571,31.343,22.414,59.286,46.2,23.343,29.214,79.0,46.3,92.5,229.1,1,1,Detected in the past 2 weeks,1,1
10301,Staten Island,"Castleton Corners, Westerleigh, Silver Lake, Grymes Hill, Randall Manor",2026,2026-07-20,29,-0.3546,-0.935,summer,40.6275,-74.09438,23.329,27.643,19.086,60.286,12.2,26.571,23.343,59.286,46.2,58.4,191.6,1,2,Detected in the past 2 weeks,1,1
10301,Staten Island,"Castleton Corners, Westerleigh, Silver Lake, Grymes Hill, Randall Manor",2026,2026-07-27,30,-0.4647,-0.8855,summer,40.6275,-74.09438,24.0,27.857,21.243,78.714,76.9,23.329,26.571,60.286,12.2,89.1,192.7,1,3,Detected in the past 2 weeks,2,1
10301,Staten Island,"Castleton Corners, Westerleigh, Silver Lake, Grymes Hill, Randall Manor",2026,2026-08-03,31,-0.5681,-0.823,summer,40.6275,-74.09438,26.057,30.357,22.429,75.429,48.7,24.0,23.329,78.714,76.9,125.6,190.9,2,3,Detected in the past 2 weeks,1,1
10301,Staten Island,"Castleton Corners, Westerleigh, Silver Lake, Grymes Hill, Randall Manor",2026,2026-08-10,32,-0.6631,-0.7485,summer,40.6275,-74.09438,25.414,29.514,21.557,66.0,25.9,26.057,24.0,75.429,48.7,74.6,204.3,1,4,Detected in the past 2 weeks,1,1
10301,Staten Island,"Castleton Corners, Westerleigh, Silver Lake, Grymes Hill, Randall Manor",2026,2026-08-17,33,-0.7485,-0.6631,summer,40.6275,-74.09438,23.8,27.94,20.5,79.8,61.4,25.414,26.057,66.0,25.9,87.3,184.5,1,4,Detected in the past 2 weeks,0,0
10302,Staten Island,"Mariners Harbor, Port Richmond",2026,2026-06-01,22,0.4647,-0.8855,summer,40.63081,-74.13766,22.2,28.586,16.543,50.857,9.6,19.414,19.757,59.571,4.8,14.4,109.3,0,0,Detected earlier this season,0,0
10302,Staten Island,"Mariners Harbor, Port Richmond",2026,2026-06-08,23,0.3546,-0.935,summer,40.63081,-74.13766,24.843,29.757,20.386,57.857,13.7,22.2,19.414,50.857,9.6,23.3,147.9,0,0,Detected earlier this season,0,0
10302,Staten Island,"Mariners Harbor, Port Richmond",2026,2026-06-15,24,0.2393,-0.9709,summer,40.63081,-74.13766,23.071,27.3,18.543,53.571,18.6,24.843,22.2,57.857,13.7,32.3,173.8,0,0,Detected earlier this season,0,0
10302,Staten Island,"Mariners Harbor, Port Richmond",2026,2026-06-22,25,0.1205,-0.9927,summer,40.63081,-74.13766,22.529,25.686,19.486,75.0,40.4,23.071,24.843,53.571,18.6,59.0,173.0,0,0,Detected earlier this season,0,0
10302,Staten Island,"Mariners Harbor, Port Richmond",2026,2026-06-29,26,-0.0,-1.0,summer,40.63081,-74.13766,29.214,34.329,24.029,59.143,20.6,22.529,23.071,75.0,40.4,61.0,201.8,0,0,Detected earlier this season,0,0
10302,Staten Island,"Mariners Harbor, Port Richmond",2026,2026-07-06,27,-0.1205,-0.9927,summer,40.63081,-74.13766,23.343,27.071,20.414,79.0,46.3,29.214,22.529,59.143,20.6,66.9,203.1,0,0,Detected earlier this season,0,0
10302,Staten Island,"Mariners Harbor, Port Richmond",2026,2026-07-13,28,-0.2393,-0.9709,summer,40.63081,-74.13766,26.571,31.343,22.414,59.286,46.2,23.343,29.214,79.0,46.3,92.5,229.1,0,0,Detected earlier this season,1,1
10302,Staten Island,"Mariners Harbor, Port Richmond",2026,2026-07-20,29,-0.3546,-0.935,summer,40.63081,-74.13766,23.329,27.643,19.086,60.286,12.2,26.571,23.343,59.286,46.2,58.4,191.6,1,0,Detected earlier this season,1,1
10302,Staten Island,"Mariners Harbor, Port Richmond",2026,2026-07-27,30,-0.4647,-0.8855,summer,40.63081,-74.13766,24.0,27.857,21.243,78.714,76.9,23.329,26.571,60.286,12.2,89.1,192.7,1,1,Detected earlier this season,0,0
10302,Staten Island,"Mariners Harbor, Port Richmond",2026,2026-08-03,31,-0.5681,-0.823,summer,40.63081,-74.13766,26.057,30.357,22.429,75.429,48.7,24.0,23.329,78.714,76.9,125.6,190.9,0,2,Detected earlier this season,2,1
10302,Staten Island,"Mariners Harbor, Port Richmond",2026,2026-08-10,32,-0.6631,-0.7485,summer,40.63081,-74.13766,25.414,29.514,21.557,66.0,25.9,26.057,24.0,75.429,48.7,74.6,204.3,2,2,Detected earlier this season,0,0
10302,Staten Island,"Mariners Harbor, Port Richmond",2026,2026-08-17,33,-0.7485,-0.6631,summer,40.63081,-74.13766,23.8,27.94,20.5,79.8,61.4,25.414,26.057,66.0,25.9,87.3,184.5,0,3,Detected earlier this season,0,0
10303,Staten Island,"Arlington, Graniteville, Mariners Harbor",2026,2026-06-01,22,0.4647,-0.8855,summer,40.62989,-74.17413,22.814,29.114,16.4,47.571,9.0,19.357,19.914,59.857,4.1,13.1,113.0,0,0,Detected in the past 2 weeks,0,0
10303,Staten Island,"Arlington, Graniteville, Mariners Harbor",2026,2026-06-08,23,0.3546,-0.935,summer,40.62989,-74.17413,25.486,30.971,20.286,54.429,15.7,22.814,19.357,47.571,9.0,24.7,156.3,0,0,Detected in the past 2 weeks,0,0
10303,Staten Island,"Arlington, Graniteville, Mariners Harbor",2026,2026-06-15,24,0.2393,-0.9709,summer,40.62989,-74.17413,22.971,27.486,18.086,53.143,22.5,25.486,22.814,54.429,15.7,38.2,181.1,0,0,Detected in the past 2 weeks,0,0
10303,Staten Island,"Arlington, Graniteville, Mariners Harbor",2026,2026-06-22,25,0.1205,-0.9927,summer,40.62989,-74.17413,22.786,26.286,19.486,72.429,37.0,22.971,25.486,53.143,22.5,59.5,178.1,0,0,Detected in the past 2 weeks,1,1
10303,Staten Island,"Arlington, Graniteville, Mariners Harbor",2026,2026-06-29,26,-0.0,-1.0,summer,40.62989,-74.17413,29.643,35.014,23.957,57.286,22.1,22.786,22.971,72.429,37.0,59.1,206.2,1,0,Detected in the past 2 weeks,0,0
10303,Staten Island,"Arlington, Graniteville, Mariners Harbor",2026,2026-07-06,27,-0.1205,-0.9927,summer,40.62989,-74.17413,23.243,27.014,20.286,80.429,62.1,29.643,22.786,57.286,22.1,84.2,207.3,0,1,Detected in the past 2 weeks,1,1
10303,Staten Island,"Arlington, Graniteville, Mariners Harbor",2026,2026-07-13,28,-0.2393,-0.9709,summer,40.62989,-74.17413,26.229,30.957,21.829,60.857,33.1,23.243,29.643,80.429,62.1,95.2,228.5,1,1,Detected in the past 2 weeks,2,1
10303,Staten Island,"Arlington, Graniteville, Mariners Harbor",2026,2026-07-20,29,-0.3546,-0.935,summer,40.62989,-74.17413,23.157,28.229,18.529,61.714,14.4,26.229,23.243,60.857,33.1,47.5,187.5,2,2,Detected in the past 2 weeks,1,1
10303,Staten Island,"Arlington, Graniteville, Mariners Harbor",2026,2026-07-27,30,-0.4647,-0.8855,summer,40.62989,-74.17413,23.857,28.371,20.771,78.143,85.7,23.157,26.229,61.714,14.4,100.1,188.0,1,3,Detected in the past 2 weeks,1,1
10303,Staten Island,"Arlington, Graniteville, Mariners Harbor",2026,2026-08-03,31,-0.5681,-0.823,summer,40.62989,-74.17413,25.957,30.814,22.1,74.714,51.1,23.857,23.157,78.143,85.7,136.8,187.8,1,4,Detected in the past 2 weeks,1,1
10303,Staten Island,"Arlington, Graniteville, Mariners Harbor",2026,2026-08-10,32,-0.6631,-0.7485,summer,40.62989,-74.17413,25.086,29.829,21.057,67.143,34.3,25.957,23.857,74.714,51.1,85.4,200.4,1,4,Detected in the past 2 weeks,1,1
10303,Staten Island,"Arlington, Graniteville, Mariners Harbor",2026,2026-08-17,33,-0.7485,-0.6631,summer,40.62989,-74.17413,23.76,28.12,20.18,78.0,42.7,25.086,25.957,67.143,34.3,77.0,181.3,1,3,Detected in the past 2 weeks,0,0
10304,Staten Island,"Dongan Hills, Old town/Dongan Hills",2026,2026-06-01,22,0.4647,-0.8855,summer,40.60596,-74.09354,22.2,28.586,16.543,50.857,9.6,19.414,19.757,59.571,4.8,14.4,109.3,0,0,Detected in the past 2 weeks,0,0
10304,Staten Island,"Dongan Hills, Old town/Dongan Hills",2026,2026-06-08,23,0.3546,-0.935,summer,40.60596,-74.09354,24.843,29.757,20.386,57.857,13.7,22.2,19.414,50.857,9.6,23.3,147.9,0,0,Detected in the past 2 weeks,0,0
10304,Staten Island,"Dongan Hills, Old town/Dongan Hills",2026,2026-06-15,24,0.2393,-0.9709,summer,40.60596,-74.09354,23.071,27.3,18.543,53.571,18.6,24.843,22.2,57.857,13.7,32.3,173.8,0,0,Detected in the past 2 weeks,0,0
10304,Staten Island,"Dongan Hills, Old town/Dongan Hills",2026,2026-06-22,25,0.1205,-0.9927,summer,40.60596,-74.09354,22.529,25.686,19.486,75.0,40.4,23.071,24.843,53.571,18.6,59.0,173.0,0,0,Detected in the past 2 weeks,0,0
10304,Staten Island,"Dongan Hills, Old town/Dongan Hills",2026,2026-06-29,26,-0.0,-1.0,summer,40.60596,-74.09354,29.214,34.329,24.029,59.143,20.6,22.529,23.071,75.0,40.4,61.0,201.8,0,0,Detected in the past 2 weeks,0,0
10304,Staten Island,"Dongan Hills, Old town/Dongan Hills",2026,2026-07-06,27,-0.1205,-0.9927,summer,40.60596,-74.09354,23.343,27.071,20.414,79.0,46.3,29.214,22.529,59.143,20.6,66.9,203.1,0,0,Detected in the past 2 weeks,0,0
10304,Staten Island,"Dongan Hills, Old town/Dongan Hills",2026,2026-07-13,28,-0.2393,-0.9709,summer,40.60596,-74.09354,26.571,31.343,22.414,59.286,46.2,23.343,29.214,79.0,46.3,92.5,229.1,0,0,Detected in the past 2 weeks,0,0
10304,Staten Island,"Dongan Hills, Old town/Dongan Hills",2026,2026-07-20,29,-0.3546,-0.935,summer,40.60596,-74.09354,23.329,27.643,19.086,60.286,12.2,26.571,23.343,59.286,46.2,58.4,191.6,0,0,Detected in the past 2 weeks,1,1
10304,Staten Island,"Dongan Hills, Old town/Dongan Hills",2026,2026-07-27,30,-0.4647,-0.8855,summer,40.60596,-74.09354,24.0,27.857,21.243,78.714,76.9,23.329,26.571,60.286,12.2,89.1,192.7,1,0,Detected in the past 2 weeks,0,0
10304,Staten Island,"Dongan Hills, Old town/Dongan Hills",2026,2026-08-03,31,-0.5681,-0.823,summer,40.60596,-74.09354,26.057,30.357,22.429,75.429,48.7,24.0,23.329,78.714,76.9,125.6,190.9,0,1,Detected in the past 2 weeks,1,1
10304,Staten Island,"Dongan Hills, Old town/Dongan Hills",2026,2026-08-10,32,-0.6631,-0.7485,summer,40.60596,-74.09354,25.414,29.514,21.557,66.0,25.9,26.057,24.0,75.429,48.7,74.6,204.3,1,1,Detected in the past 2 weeks,2,1
10304,Staten Island,"Dongan Hills, Old town/Dongan Hills",2026,2026-08-17,33,-0.7485,-0.6631,summer,40.60596,-74.09354,23.8,27.94,20.5,79.8,61.4,25.414,26.057,66.0,25.9,87.3,184.5,2,2,Detected in the past 2 weeks,0,0
10305,Staten Island,"South Beach, Old Town, Arrochar, Grasmere",2026,2026-06-01,22,0.4647,-0.8855,summer,40.59655,-74.07578,22.2,28.586,16.543,50.857,9.6,19.414,19.757,59.571,4.8,14.4,109.3,0,0,Detected in the past 2 weeks,0,0
10305,Staten Island,"South Beach, Old Town, Arrochar, Grasmere",2026,2026-06-08,23,0.3546,-0.935,summer,40.59655,-74.07578,24.843,29.757,20.386,57.857,13.7,22.2,19.414,50.857,9.6,23.3,147.9,0,0,Detected in the past 2 weeks,0,0
10305,Staten Island,"South Beach, Old Town, Arrochar, Grasmere",2026,2026-06-15,24,0.2393,-0.9709,summer,40.59655,-74.07578,23.071,27.3,18.543,53.571,18.6,24.843,22.2,57.857,13.7,32.3,173.8,0,0,Detected in the past 2 weeks,0,0
10305,Staten Island,"South Beach, Old Town, Arrochar, Grasmere",2026,2026-06-22,25,0.1205,-0.9927,summer,40.59655,-74.07578,22.529,25.686,19.486,75.0,40.4,23.071,24.843,53.571,18.6,59.0,173.0,0,0,Detected in the past 2 weeks,0,0
10305,Staten Island,"South Beach, Old Town, Arrochar, Grasmere",2026,2026-06-29,26,-0.0,-1.0,summer,40.59655,-74.07578,29.214,34.329,24.029,59.143,20.6,22.529,23.071,75.0,40.4,61.0,201.8,0,0,Detected in the past 2 weeks,0,0
10305,Staten Island,"South Beach, Old Town, Arrochar, Grasmere",2026,2026-07-06,27,-0.1205,-0.9927,summer,40.59655,-74.07578,23.343,27.071,20.414,79.0,46.3,29.214,22.529,59.143,20.6,66.9,203.1,0,0,Detected in the past 2 weeks,1,1
10305,Staten Island,"South Beach, Old Town, Arrochar, Grasmere",2026,2026-07-13,28,-0.2393,-0.9709,summer,40.59655,-74.07578,26.571,31.343,22.414,59.286,46.2,23.343,29.214,79.0,46.3,92.5,229.1,1,0,Detected in the past 2 weeks,1,1
10305,Staten Island,"South Beach, Old Town, Arrochar, Grasmere",2026,2026-07-20,29,-0.3546,-0.935,summer,40.59655,-74.07578,23.329,27.643,19.086,60.286,12.2,26.571,23.343,59.286,46.2,58.4,191.6,1,1,Detected in the past 2 weeks,2,1
10305,Staten Island,"South Beach, Old Town, Arrochar, Grasmere",2026,2026-07-27,30,-0.4647,-0.8855,summer,40.59655,-74.07578,24.0,27.857,21.243,78.714,76.9,23.329,26.571,60.286,12.2,89.1,192.7,2,2,Detected in the past 2 weeks,1,1
10305,Staten Island,"South Beach, Old Town, Arrochar, Grasmere",2026,2026-08-03,31,-0.5681,-0.823,summer,40.59655,-74.07578,26.057,30.357,22.429,75.429,48.7,24.0,23.329,78.714,76.9,125.6,190.9,1,4,Detected in the past 2 weeks,2,1
10305,Staten Island,"South Beach, Old Town, Arrochar, Grasmere",2026,2026-08-10,32,-0.6631,-0.7485,summer,40.59655,-74.07578,25.414,29.514,21.557,66.0,25.9,26.057,24.0,75.429,48.7,74.6,204.3,2,4,Detected in the past 2 weeks,2,1
10305,Staten Island,"South Beach, Old Town, Arrochar, Grasmere",2026,2026-08-17,33,-0.7485,-0.6631,summer,40.59655,-74.07578,23.8,27.94,20.5,79.8,61.4,25.414,26.057,66.0,25.9,87.3,184.5,2,5,Detected in the past 2 weeks,0,0
10306,Staten Island,"Midland Beach, New Dorp Beach, Dongan Hills, Grant City, New Dorp, Oakwood",2026,2026-06-01,22,0.4647,-0.8855,summer,40.57171,-74.12426,22.2,28.586,16.543,50.857,9.6,19.414,19.757,59.571,4.8,14.4,109.3,0,0,Detected in the past 2 weeks,0,0
10306,Staten Island,"Midland Beach, New Dorp Beach, Dongan Hills, Grant City, New Dorp, Oakwood",2026,2026-06-08,23,0.3546,-0.935,summer,40.57171,-74.12426,24.843,29.757,20.386,57.857,13.7,22.2,19.414,50.857,9.6,23.3,147.9,0,0,Detected in the past 2 weeks,0,0
10306,Staten Island,"Midland Beach, New Dorp Beach, Dongan Hills, Grant City, New Dorp, Oakwood",2026,2026-06-15,24,0.2393,-0.9709,summer,40.57171,-74.12426,23.071,27.3,18.543,53.571,18.6,24.843,22.2,57.857,13.7,32.3,173.8,0,0,Detected in the past 2 weeks,0,0
10306,Staten Island,"Midland Beach, New Dorp Beach, Dongan Hills, Grant City, New Dorp, Oakwood",2026,2026-06-22,25,0.1205,-0.9927,summer,40.57171,-74.12426,22.529,25.686,19.486,75.0,40.4,23.071,24.843,53.571,18.6,59.0,173.0,0,0,Detected in the past 2 weeks,0,0
10306,Staten Island,"Midland Beach, New Dorp Beach, Dongan Hills, Grant City, New Dorp, Oakwood",2026,2026-06-29,26,-0.0,-1.0,summer,40.57171,-74.12426,29.214,34.329,24.029,59.143,20.6,22.529,23.071,75.0,40.4,61.0,201.8,0,0,Detected in the past 2 weeks,1,1
10306,Staten Island,"Midland Beach, New Dorp Beach, Dongan Hills, Grant City, New Dorp, Oakwood",2026,2026-07-06,27,-0.1205,-0.9927,summer,40.57171,-74.12426,23.343,27.071,20.414,79.0,46.3,29.214,22.529,59.143,20.6,66.9,203.1,1,0,Detected in the past 2 weeks,1,1
10306,Staten Island,"Midland Beach, New Dorp Beach, Dongan Hills, Grant City, New Dorp, Oakwood",2026,2026-07-13,28,-0.2393,-0.9709,summer,40.57171,-74.12426,26.571,31.343,22.414,59.286,46.2,23.343,29.214,79.0,46.3,92.5,229.1,1,1,Detected in the past 2 weeks,1,1
10306,Staten Island,"Midland Beach, New Dorp Beach, Dongan Hills, Grant City, New Dorp, Oakwood",2026,2026-07-20,29,-0.3546,-0.935,summer,40.57171,-74.12426,23.329,27.643,19.086,60.286,12.2,26.571,23.343,59.286,46.2,58.4,191.6,1,2,Detected in the past 2 weeks,2,1
10306,Staten Island,"Midland Beach, New Dorp Beach, Dongan Hills, Grant City, New Dorp, Oakwood",2026,2026-07-27,30,-0.4647,-0.8855,summer,40.57171,-74.12426,24.0,27.857,21.243,78.714,76.9,23.329,26.571,60.286,12.2,89.1,192.7,2,3,Detected in the past 2 weeks,2,1
10306,Staten Island,"Midland Beach, New Dorp Beach, Dongan Hills, Grant City, New Dorp, Oakwood",2026,2026-08-03,31,-0.5681,-0.823,summer,40.57171,-74.12426,26.057,30.357,22.429,75.429,48.7,24.0,23.329,78.714,76.9,125.6,190.9,2,4,Detected in the past 2 weeks,2,1
10306,Staten Island,"Midland Beach, New Dorp Beach, Dongan Hills, Grant City, New Dorp, Oakwood",2026,2026-08-10,32,-0.6631,-0.7485,summer,40.57171,-74.12426,25.414,29.514,21.557,66.0,25.9,26.057,24.0,75.429,48.7,74.6,204.3,2,5,Detected in the past 2 weeks,1,1
10306,Staten Island,"Midland Beach, New Dorp Beach, Dongan Hills, Grant City, New Dorp, Oakwood",2026,2026-08-17,33,-0.7485,-0.6631,summer,40.57171,-74.12426,23.8,27.94,20.5,79.8,61.4,25.414,26.057,66.0,25.9,87.3,184.5,1,6,Detected in the past 2 weeks,0,0
10307,Staten Island,"Richmond Valley, Tottenville, Butler Manor",2026,2026-06-01,22,0.4647,-0.8855,summer,40.50775,-74.24209,22.771,28.757,16.571,47.571,9.6,19.371,20.043,60.429,3.5,13.1,112.8,0,0,Detected in the past 2 weeks,0,0
10307,Staten Island,"Richmond Valley, Tottenville, Butler Manor",2026,2026-06-08,23,0.3546,-0.935,summer,40.50775,-74.24209,25.2,30.443,20.2,56.714,16.8,22.771,19.371,47.571,9.6,26.4,154.1,0,0,Detected in the past 2 weeks,0,0
10307,Staten Island,"Richmond Valley, Tottenville, Butler Manor",2026,2026-06-15,24,0.2393,-0.9709,summer,40.50775,-74.24209,23.057,27.457,18.243,53.714,21.5,25.2,22.771,56.714,16.8,38.3,180.0,0,0,Detected in the past 2 weeks,1,1
10307,Staten Island,"Richmond Valley, Tottenville, Butler Manor",2026,2026-06-22,25,0.1205,-0.9927,summer,40.50775,-74.24209,22.571,25.957,19.329,75.571,35.8,23.057,25.2,53.714,21.5,57.3,175.3,1,0,Detected in the past 2 weeks,1,1
10307,Staten Island,"Richmond Valley, Tottenville, Butler Manor",2026,2026-06-29,26,-0.0,-1.0,summer,40.50775,-74.24209,29.229,34.243,23.957,59.286,20.3,22.571,23.057,75.571,35.8,56.1,202.1,1,1,Detected in the past 2 weeks,1,1
10307,Staten Island,"Richmond Valley, Tottenville, Butler Manor",2026,2026-07-06,27,-0.1205,-0.9927,summer,40.50775,-74.24209,23.229,26.743,20.529,81.429,34.5,29.229,22.571,59.286,20.3,54.8,202.4,1,2,Detected in the past 2 weeks,1,1
10307,Staten Island,"Richmond Valley, Tottenville, Butler Manor",2026,2026-07-13,28,-0.2393,-0.9709,summer,40.50775,-74.24209,26.2,30.943,21.843,62.714,46.6,23.229,29.229,81.429,34.5,81.1,226.0,1,3,Detected in the past 2 weeks,1,1
10307,Staten Island,"Richmond Valley, Tottenville, Butler Manor",2026,2026-07-20,29,-0.3546,-0.935,summer,40.50775,-74.24209,23.0,27.457,18.757,63.143,13.7,26.2,23.229,62.714,46.6,60.3,185.7,1,3,Detected in the past 2 weeks,2,1
10307,Staten Island,"Richmond Valley, Tottenville, Butler Manor",2026,2026-07-27,30,-0.4647,-0.8855,summer,40.50775,-74.24209,23.929,28.457,20.9,78.0,56.6,23.0,26.2,63.143,13.7,70.3,187.4,2,3,Detected in the past 2 weeks,0,0
10307,Staten Island,"Richmond Valley, Tottenville, Butler Manor",2026,2026-08-03,31,-0.5681,-0.823,summer,40.50775,-74.24209,25.6,30.057,22.143,78.429,48.7,23.929,23.0,78.0,56.6,105.3,185.5,0,4,Detected in the past 2 weeks,1,1
10307,Staten Island,"Richmond Valley, Tottenville, Butler Manor",2026,2026-08-10,32,-0.6631,-0.7485,summer,40.50775,-74.24209,25.0,29.6,21.3,69.143,31.9,25.6,23.929,78.429,48.7,80.6,197.7,1,3,Detected in the past 2 weeks,1,1
10307,Staten Island,"Richmond Valley, Tottenville, Butler Manor",2026,2026-08-17,33,-0.7485,-0.6631,summer,40.50775,-74.24209,23.84,28.2,20.48,79.4,41.2,25.0,25.6,69.143,31.9,73.1,178.7,1,3,Detected in the past 2 weeks,1,1
10308,Staten Island,Great Kills,2026,2026-06-01,22,0.4647,-0.8855,summer,40.55283,-74.15153,22.643,28.757,16.443,47.857,9.9,19.329,19.871,59.571,3.9,13.8,111.4,0,0,Detected earlier this season,0,0
10308,Staten Island,Great Kills,2026,2026-06-08,23,0.3546,-0.935,summer,40.55283,-74.15153,25.229,30.514,20.214,55.571,17.0,22.643,19.329,47.857,9.9,26.9,153.2,0,0,Detected earlier this season,0,0
10308,Staten Island,Great Kills,2026,2026-06-15,24,0.2393,-0.9709,summer,40.55283,-74.15153,22.943,27.243,18.129,53.571,20.5,25.229,22.643,55.571,17.0,37.5,178.4,0,0,Detected earlier this season,0,0
10308,Staten Island,Great Kills,2026,2026-06-22,25,0.1205,-0.9927,summer,40.55283,-74.15153,22.529,25.7,19.357,74.429,36.9,22.943,25.229,53.571,20.5,57.4,174.5,0,0,Detected earlier this season,1,1
10308,Staten Island,Great Kills,2026,2026-06-29,26,-0.0,-1.0,summer,40.55283,-74.15153,29.343,34.429,23.871,58.286,22.4,22.529,22.943,74.429,36.9,59.3,202.0,1,0,Detected earlier this season,1,1
10308,Staten Island,Great Kills,2026,2026-07-06,27,-0.1205,-0.9927,summer,40.55283,-74.15153,23.157,26.771,20.329,81.0,48.9,29.343,22.529,58.286,22.4,71.3,202.9,1,1,Detected earlier this season,2,1
10308,Staten Island,Great Kills,2026,2026-07-13,28,-0.2393,-0.9709,summer,40.55283,-74.15153,26.157,30.914,21.9,61.571,43.0,23.157,29.343,81.0,48.9,91.9,225.8,2,2,Detected earlier this season,0,0
10308,Staten Island,Great Kills,2026,2026-07-20,29,-0.3546,-0.935,summer,40.55283,-74.15153,22.957,27.586,18.557,62.714,9.0,26.157,23.157,61.571,43.0,52.0,184.8,0,4,Detected earlier this season,0,0
10308,Staten Island,Great Kills,2026,2026-07-27,30,-0.4647,-0.8855,summer,40.55283,-74.15153,23.843,28.357,20.786,77.857,67.6,22.957,26.157,62.714,9.0,76.6,186.2,0,3,Detected earlier this season,0,0
10308,Staten Island,Great Kills,2026,2026-08-03,31,-0.5681,-0.823,summer,40.55283,-74.15153,25.671,30.243,22.1,76.857,49.6,23.843,22.957,77.857,67.6,117.2,184.8,0,2,Detected earlier this season,0,0
10308,Staten Island,Great Kills,2026,2026-08-10,32,-0.6631,-0.7485,summer,40.55283,-74.15153,24.986,29.614,21.214,68.143,28.4,25.671,23.843,76.857,49.6,78.0,197.7,0,0,Detected earlier this season,0,0
10308,Staten Island,Great Kills,2026,2026-08-17,33,-0.7485,-0.6631,summer,40.55283,-74.15153,23.7,27.98,20.24,79.2,45.9,24.986,25.671,68.143,28.4,74.3,178.5,0,0,Detected earlier this season,0,0
10309,Staten Island,"Rossville, Pleasant Plains, Sandy Ground",2026,2026-06-01,22,0.4647,-0.8855,summer,40.52984,-74.21978,22.771,28.757,16.571,47.571,9.6,19.371,20.043,60.429,3.5,13.1,112.8,0,0,Detected in the past 2 weeks,0,0
10309,Staten Island,"Rossville, Pleasant Plains, Sandy Ground",2026,2026-06-08,23,0.3546,-0.935,summer,40.52984,-74.21978,25.2,30.443,20.2,56.714,16.8,22.771,19.371,47.571,9.6,26.4,154.1,0,0,Detected in the past 2 weeks,0,0
10309,Staten Island,"Rossville, Pleasant Plains, Sandy Ground",2026,2026-06-15,24,0.2393,-0.9709,summer,40.52984,-74.21978,23.057,27.457,18.243,53.714,21.5,25.2,22.771,56.714,16.8,38.3,180.0,0,0,Detected in the past 2 weeks,1,1
10309,Staten Island,"Rossville, Pleasant Plains, Sandy Ground",2026,2026-06-22,25,0.1205,-0.9927,summer,40.52984,-74.21978,22.571,25.957,19.329,75.571,35.8,23.057,25.2,53.714,21.5,57.3,175.3,1,0,Detected in the past 2 weeks,1,1
10309,Staten Island,"Rossville, Pleasant Plains, Sandy Ground",2026,2026-06-29,26,-0.0,-1.0,summer,40.52984,-74.21978,29.229,34.243,23.957,59.286,20.3,22.571,23.057,75.571,35.8,56.1,202.1,1,1,Detected in the past 2 weeks,2,1
10309,Staten Island,"Rossville, Pleasant Plains, Sandy Ground",2026,2026-07-06,27,-0.1205,-0.9927,summer,40.52984,-74.21978,23.229,26.743,20.529,81.429,34.5,29.229,22.571,59.286,20.3,54.8,202.4,2,2,Detected in the past 2 weeks,2,1
10309,Staten Island,"Rossville, Pleasant Plains, Sandy Ground",2026,2026-07-13,28,-0.2393,-0.9709,summer,40.52984,-74.21978,26.2,30.943,21.843,62.714,46.6,23.229,29.229,81.429,34.5,81.1,226.0,2,4,Detected in the past 2 weeks,1,1
10309,Staten Island,"Rossville, Pleasant Plains, Sandy Ground",2026,2026-07-20,29,-0.3546,-0.935,summer,40.52984,-74.21978,23.0,27.457,18.757,63.143,13.7,26.2,23.229,62.714,46.6,60.3,185.7,1,5,Detected in the past 2 weeks,1,1
10309,Staten Island,"Rossville, Pleasant Plains, Sandy Ground",2026,2026-07-27,30,-0.4647,-0.8855,summer,40.52984,-74.21978,23.929,28.457,20.9,78.0,56.6,23.0,26.2,63.143,13.7,70.3,187.4,1,5,Detected in the past 2 weeks,1,1
10309,Staten Island,"Rossville, Pleasant Plains, Sandy Ground",2026,2026-08-03,31,-0.5681,-0.823,summer,40.52984,-74.21978,25.6,30.057,22.143,78.429,48.7,23.929,23.0,78.0,56.6,105.3,185.5,1,4,Detected in the past 2 weeks,1,1
10309,Staten Island,"Rossville, Pleasant Plains, Sandy Ground",2026,2026-08-10,32,-0.6631,-0.7485,summer,40.52984,-74.21978,25.0,29.6,21.3,69.143,31.9,25.6,23.929,78.429,48.7,80.6,197.7,1,3,Detected in the past 2 weeks,1,1
10309,Staten Island,"Rossville, Pleasant Plains, Sandy Ground",2026,2026-08-17,33,-0.7485,-0.6631,summer,40.52984,-74.21978,23.84,28.2,20.48,79.4,41.2,25.0,25.6,69.143,31.9,73.1,178.7,1,3,Detected in the past 2 weeks,0,0
10310,Staten Island,"Port Richmond, West Brighton",2026,2026-06-01,22,0.4647,-0.8855,summer,40.63261,-74.11615,22.2,28.586,16.543,50.857,9.6,19.414,19.757,59.571,4.8,14.4,109.3,0,0,Detected earlier this season,0,0
10310,Staten Island,"Port Richmond, West Brighton",2026,2026-06-08,23,0.3546,-0.935,summer,40.63261,-74.11615,24.843,29.757,20.386,57.857,13.7,22.2,19.414,50.857,9.6,23.3,147.9,0,0,Detected earlier this season,0,0
10310,Staten Island,"Port Richmond, West Brighton",2026,2026-06-15,24,0.2393,-0.9709,summer,40.63261,-74.11615,23.071,27.3,18.543,53.571,18.6,24.843,22.2,57.857,13.7,32.3,173.8,0,0,Detected earlier this season,0,0
10310,Staten Island,"Port Richmond, West Brighton",2026,2026-06-22,25,0.1205,-0.9927,summer,40.63261,-74.11615,22.529,25.686,19.486,75.0,40.4,23.071,24.843,53.571,18.6,59.0,173.0,0,0,Detected earlier this season,0,0
10310,Staten Island,"Port Richmond, West Brighton",2026,2026-06-29,26,-0.0,-1.0,summer,40.63261,-74.11615,29.214,34.329,24.029,59.143,20.6,22.529,23.071,75.0,40.4,61.0,201.8,0,0,Detected earlier this season,0,0
10310,Staten Island,"Port Richmond, West Brighton",2026,2026-07-06,27,-0.1205,-0.9927,summer,40.63261,-74.11615,23.343,27.071,20.414,79.0,46.3,29.214,22.529,59.143,20.6,66.9,203.1,0,0,Detected earlier this season,1,1
10310,Staten Island,"Port Richmond, West Brighton",2026,2026-07-13,28,-0.2393,-0.9709,summer,40.63261,-74.11615,26.571,31.343,22.414,59.286,46.2,23.343,29.214,79.0,46.3,92.5,229.1,1,0,Detected earlier this season,1,1
10310,Staten Island,"Port Richmond, West Brighton",2026,2026-07-20,29,-0.3546,-0.935,summer,40.63261,-74.11615,23.329,27.643,19.086,60.286,12.2,26.571,23.343,59.286,46.2,58.4,191.6,1,1,Detected earlier this season,2,1
10310,Staten Island,"Port Richmond, West Brighton",2026,2026-07-27,30,-0.4647,-0.8855,summer,40.63261,-74.11615,24.0,27.857,21.243,78.714,76.9,23.329,26.571,60.286,12.2,89.1,192.7,2,2,Detected earlier this season,1,1
10310,Staten Island,"Port Richmond, West Brighton",2026,2026-08-03,31,-0.5681,-0.823,summer,40.63261,-74.11615,26.057,30.357,22.429,75.429,48.7,24.0,23.329,78.714,76.9,125.6,190.9,1,4,Detected earlier this season,1,1
10310,Staten Island,"Port Richmond, West Brighton",2026,2026-08-10,32,-0.6631,-0.7485,summer,40.63261,-74.11615,25.414,29.514,21.557,66.0,25.9,26.057,24.0,75.429,48.7,74.6,204.3,1,4,Detected earlier this season,0,0
10310,Staten Island,"Port Richmond, West Brighton",2026,2026-08-17,33,-0.7485,-0.6631,summer,40.63261,-74.11615,23.8,27.94,20.5,79.8,61.4,25.414,26.057,66.0,25.9,87.3,184.5,0,4,Detected earlier this season,0,0
10312,Staten Island,"Eltingville, Annadale, Greenridge, Arden Heights, Great Kills",2026,2026-06-01,22,0.4647,-0.8855,summer,40.54524,-74.18044,22.743,28.857,16.543,47.857,9.9,19.414,19.957,59.571,3.9,13.8,113.0,0,0,Detected earlier this season,0,0
10312,Staten Island,"Eltingville, Annadale, Greenridge, Arden Heights, Great Kills",2026,2026-06-08,23,0.3546,-0.935,summer,40.54524,-74.18044,25.329,30.614,20.314,55.714,17.0,22.743,19.414,47.857,9.9,26.9,155.1,0,0,Detected earlier this season,0,0
10312,Staten Island,"Eltingville, Annadale, Greenridge, Arden Heights, Great Kills",2026,2026-06-15,24,0.2393,-0.9709,summer,40.54524,-74.18044,23.043,27.343,18.229,53.571,20.5,25.329,22.743,55.714,17.0,37.5,180.4,0,0,Detected earlier this season,1,1
10312,Staten Island,"Eltingville, Annadale, Greenridge, Arden Heights, Great Kills",2026,2026-06-22,25,0.1205,-0.9927,summer,40.54524,-74.18044,22.629,25.8,19.457,74.429,36.9,23.043,25.329,53.571,20.5,57.4,176.5,1,0,Detected earlier this season,2,1
10312,Staten Island,"Eltingville, Annadale, Greenridge, Arden Heights, Great Kills",2026,2026-06-29,26,-0.0,-1.0,summer,40.54524,-74.18044,29.443,34.529,23.971,58.286,22.4,22.629,23.043,74.429,36.9,59.3,204.0,2,1,Detected earlier this season,2,1
10312,Staten Island,"Eltingville, Annadale, Greenridge, Arden Heights, Great Kills",2026,2026-07-06,27,-0.1205,-0.9927,summer,40.54524,-74.18044,23.257,26.871,20.429,81.0,48.9,29.443,22.629,58.286,22.4,71.3,204.9,2,3,Detected earlier this season,3,1
10312,Staten Island,"Eltingville, Annadale, Greenridge, Arden Heights, Great Kills",2026,2026-07-13,28,-0.2393,-0.9709,summer,40.54524,-74.18044,26.257,31.014,22.0,61.714,43.0,23.257,29.443,81.0,48.9,91.9,227.8,3,5,Detected earlier this season,1,1
10312,Staten Island,"Eltingville, Annadale, Greenridge, Arden Heights, Great Kills",2026,2026-07-20,29,-0.3546,-0.935,summer,40.54524,-74.18044,23.057,27.686,18.657,62.714,9.0,26.257,23.257,61.714,43.0,52.0,186.8,1,7,Detected earlier this season,2,1
10312,Staten Island,"Eltingville, Annadale, Greenridge, Arden Heights, Great Kills",2026,2026-07-27,30,-0.4647,-0.8855,summer,40.54524,-74.18044,23.943,28.457,20.886,78.0,67.6,23.057,26.257,62.714,9.0,76.6,188.2,2,6,Detected earlier this season,0,0
10312,Staten Island,"Eltingville, Annadale, Greenridge, Arden Heights, Great Kills",2026,2026-08-03,31,-0.5681,-0.823,summer,40.54524,-74.18044,25.771,30.343,22.2,76.857,49.6,23.943,23.057,78.0,67.6,117.2,186.8,0,6,Detected earlier this season,0,0
10312,Staten Island,"Eltingville, Annadale, Greenridge, Arden Heights, Great Kills",2026,2026-08-10,32,-0.6631,-0.7485,summer,40.54524,-74.18044,25.086,29.714,21.314,68.143,28.4,25.771,23.943,76.857,49.6,78.0,199.7,0,3,Detected earlier this season,0,0
10312,Staten Island,"Eltingville, Annadale, Greenridge, Arden Heights, Great Kills",2026,2026-08-17,33,-0.7485,-0.6631,summer,40.54524,-74.18044,23.8,28.08,20.34,79.2,45.9,25.086,25.771,68.143,28.4,74.3,180.3,0,2,Detected earlier this season,0,0
10314,Staten Island,"Bloomfield, Greenridge, Bulls Head, Heartland Village, Willowbrook, Westerleigh, Chelsea, New Springville, Castleton Corners",2026,2026-06-01,22,0.4647,-0.8855,summer,40.6007,-74.16431,22.743,28.857,16.543,47.857,9.9,19.414,19.957,59.571,3.9,13.8,113.0,0,0,Detected in the past 2 weeks,0,0
10314,Staten Island,"Bloomfield, Greenridge, Bulls Head, Heartland Village, Willowbrook, Westerleigh, Chelsea, New Springville, Castleton Corners",2026,2026-06-08,23,0.3546,-0.935,summer,40.6007,-74.16431,25.329,30.614,20.314,55.714,17.0,22.743,19.414,47.857,9.9,26.9,155.1,0,0,Detected in the past 2 weeks,0,0
10314,Staten Island,"Bloomfield, Greenridge, Bulls Head, Heartland Village, Willowbrook, Westerleigh, Chelsea, New Springville, Castleton Corners",2026,2026-06-15,24,0.2393,-0.9709,summer,40.6007,-74.16431,23.043,27.343,18.229,53.571,20.5,25.329,22.743,55.714,17.0,37.5,180.4,0,0,Detected in the past 2 weeks,1,1
10314,Staten Island,"Bloomfield, Greenridge, Bulls Head, Heartland Village, Willowbrook, Westerleigh, Chelsea, New Springville, Castleton Corners",2026,2026-06-22,25,0.1205,-0.9927,summer,40.6007,-74.16431,22.629,25.8,19.457,74.429,36.9,23.043,25.329,53.571,20.5,57.4,176.5,1,0,Detected in the past 2 weeks,2,1
10314,Staten Island,"Bloomfield, Greenridge, Bulls Head, Heartland Village, Willowbrook, Westerleigh, Chelsea, New Springville, Castleton Corners",2026,2026-06-29,26,-0.0,-1.0,summer,40.6007,-74.16431,29.443,34.529,23.971,58.286,22.4,22.629,23.043,74.429,36.9,59.3,204.0,2,1,Detected in the past 2 weeks,2,1
10314,Staten Island,"Bloomfield, Greenridge, Bulls Head, Heartland Village, Willowbrook, Westerleigh, Chelsea, New Springville, Castleton Corners",2026,2026-07-06,27,-0.1205,-0.9927,summer,40.6007,-74.16431,23.257,26.871,20.429,81.0,48.9,29.443,22.629,58.286,22.4,71.3,204.9,2,3,Detected in the past 2 weeks,4,1
10314,Staten Island,"Bloomfield, Greenridge, Bulls Head, Heartland Village, Willowbrook, Westerleigh, Chelsea, New Springville, Castleton Corners",2026,2026-07-13,28,-0.2393,-0.9709,summer,40.6007,-74.16431,26.257,31.014,22.0,61.714,43.0,23.257,29.443,81.0,48.9,91.9,227.8,4,5,Detected in the past 2 weeks,4,1
10314,Staten Island,"Bloomfield, Greenridge, Bulls Head, Heartland Village, Willowbrook, Westerleigh, Chelsea, New Springville, Castleton Corners",2026,2026-07-20,29,-0.3546,-0.935,summer,40.6007,-74.16431,23.057,27.686,18.657,62.714,9.0,26.257,23.257,61.714,43.0,52.0,186.8,4,8,Detected in the past 2 weeks,3,1
10314,Staten Island,"Bloomfield, Greenridge, Bulls Head, Heartland Village, Willowbrook, Westerleigh, Chelsea, New Springville, Castleton Corners",2026,2026-07-27,30,-0.4647,-0.8855,summer,40.6007,-74.16431,23.943,28.457,20.886,78.0,67.6,23.057,26.257,62.714,9.0,76.6,188.2,3,10,Detected in the past 2 weeks,3,1
10314,Staten Island,"Bloomfield, Greenridge, Bulls Head, Heartland Village, Willowbrook, Westerleigh, Chelsea, New Springville, Castleton Corners",2026,2026-08-03,31,-0.5681,-0.823,summer,40.6007,-74.16431,25.771,30.343,22.2,76.857,49.6,23.943,23.057,78.0,67.6,117.2,186.8,3,11,Detected in the past 2 weeks,3,1
10314,Staten Island,"Bloomfield, Greenridge, Bulls Head, Heartland Village, Willowbrook, Westerleigh, Chelsea, New Springville, Castleton Corners",2026,2026-08-10,32,-0.6631,-0.7485,summer,40.6007,-74.16431,25.086,29.714,21.314,68.143,28.4,25.771,23.943,76.857,49.6,78.0,199.7,3,10,Detected in the past 2 weeks,1,1
10314,Staten Island,"Bloomfield, Greenridge, Bulls Head, Heartland Village, Willowbrook, Westerleigh, Chelsea, New Springville, Castleton Corners",2026,2026-08-17,33,-0.7485,-0.6631,summer,40.6007,-74.16431,23.8,28.08,20.34,79.2,45.9,25.086,25.771,68.143,28.4,74.3,180.3,1,9,Detected in the past 2 weeks,1,1
10451,Bronx,,2026,2026-06-01,22,0.4647,-0.8855,summer,40.82217,-73.92262,22.786,29.029,16.843,46.143,8.5,19.457,20.257,57.857,5.0,13.5,116.2,0,0,Not detected,0,0
10451,Bronx,,2026,2026-06-08,23,0.3546,-0.935,summer,40.82217,-73.92262,25.071,30.514,20.571,55.714,12.8,22.786,19.457,46.143,8.5,21.3,153.7,0,0,Not detected,0,0
10451,Bronx,,2026,2026-06-15,24,0.2393,-0.9709,summer,40.82217,-73.92262,23.214,27.871,18.457,51.714,19.2,25.071,22.786,55.714,12.8,32.0,179.8,0,0,Not detected,0,0
10451,Bronx,,2026,2026-06-22,25,0.1205,-0.9927,summer,40.82217,-73.92262,22.471,25.957,19.329,74.429,56.4,23.214,25.071,51.714,19.2,75.6,174.9,0,0,Not detected,0,0
10451,Bronx,,2026,2026-06-29,26,-0.0,-1.0,summer,40.82217,-73.92262,28.743,34.329,23.8,61.857,44.1,22.471,23.214,74.429,56.4,100.5,199.6,0,0,Not detected,0,0
10451,Bronx,,2026,2026-07-06,27,-0.1205,-0.9927,summer,40.82217,-73.92262,23.143,26.914,20.043,79.571,86.3,28.743,22.471,61.857,44.1,130.4,198.5,0,0,Not detected,0,0
10451,Bronx,,2026,2026-07-13,28,-0.2393,-0.9709,summer,40.82217,-73.92262,26.343,31.0,22.214,58.714,48.1,23.143,28.743,79.571,86.3,134.4,222.5,0,0,Not detected,0,0
10451,Bronx,,2026,2026-07-20,29,-0.3546,-0.935,summer,40.82217,-73.92262,23.871,28.914,19.186,57.143,12.4,26.343,23.143,58.714,48.1,60.5,193.1,0,0,Not detected,0,0
10451,Bronx,,2026,2026-07-27,30,-0.4647,-0.8855,summer,40.82217,-73.92262,23.871,28.029,20.857,78.714,69.5,23.871,26.343,57.143,12.4,81.9,193.9,0,0,Not detected,0,0
10451,Bronx,,2026,2026-08-03,31,-0.5681,-0.823,summer,40.82217,-73.92262,26.3,31.114,22.357,73.143,48.3,23.871,23.871,78.714,69.5,117.8,195.2,0,0,Not detected,0,0
10451,Bronx,,2026,2026-08-10,32,-0.6631,-0.7485,summer,40.82217,-73.92262,25.4,30.329,21.086,64.0,20.3,26.3,23.871,73.143,48.3,68.6,203.7,0,0,Not detected,0,0
10451,Bronx,,2026,2026-08-17,33,-0.7485,-0.6631,summer,40.82217,-73.92262,23.56,28.0,19.9,78.8,43.8,25.4,26.3,64.0,20.3,64.1,185.0,0,0,Not detected,0,0
10452,Bronx,,2026,2026-06-01,22,0.4647,-0.8855,summer,40.83779,-73.92334,22.786,29.029,16.843,46.143,8.5,19.457,20.257,57.857,5.0,13.5,116.2,0,0,Not detected,0,0
10452,Bronx,,2026,2026-06-08,23,0.3546,-0.935,summer,40.83779,-73.92334,25.071,30.514,20.571,55.714,12.8,22.786,19.457,46.143,8.5,21.3,153.7,0,0,Not detected,0,0
10452,Bronx,,2026,2026-06-15,24,0.2393,-0.9709,summer,40.83779,-73.92334,23.214,27.871,18.457,51.714,19.2,25.071,22.786,55.714,12.8,32.0,179.8,0,0,Not detected,0,0
10452,Bronx,,2026,2026-06-22,25,0.1205,-0.9927,summer,40.83779,-73.92334,22.471,25.957,19.329,74.429,56.4,23.214,25.071,51.714,19.2,75.6,174.9,0,0,Not detected,0,0
10452,Bronx,,2026,2026-06-29,26,-0.0,-1.0,summer,40.83779,-73.92334,28.743,34.329,23.8,61.857,44.1,22.471,23.214,74.429,56.4,100.5,199.6,0,0,Not detected,0,0
10452,Bronx,,2026,2026-07-06,27,-0.1205,-0.9927,summer,40.83779,-73.92334,23.143,26.914,20.043,79.571,86.3,28.743,22.471,61.857,44.1,130.4,198.5,0,0,Not detected,0,0
10452,Bronx,,2026,2026-07-13,28,-0.2393,-0.9709,summer,40.83779,-73.92334,26.343,31.0,22.214,58.714,48.1,23.143,28.743,79.571,86.3,134.4,222.5,0,0,Not detected,0,0
10452,Bronx,,2026,2026-07-20,29,-0.3546,-0.935,summer,40.83779,-73.92334,23.871,28.914,19.186,57.143,12.4,26.343,23.143,58.714,48.1,60.5,193.1,0,0,Not detected,0,0
10452,Bronx,,2026,2026-07-27,30,-0.4647,-0.8855,summer,40.83779,-73.92334,23.871,28.029,20.857,78.714,69.5,23.871,26.343,57.143,12.4,81.9,193.9,0,0,Not detected,0,0
10452,Bronx,,2026,2026-08-03,31,-0.5681,-0.823,summer,40.83779,-73.92334,26.3,31.114,22.357,73.143,48.3,23.871,23.871,78.714,69.5,117.8,195.2,0,0,Not detected,0,0
10452,Bronx,,2026,2026-08-10,32,-0.6631,-0.7485,summer,40.83779,-73.92334,25.4,30.329,21.086,64.0,20.3,26.3,23.871,73.143,48.3,68.6,203.7,0,0,Not detected,0,0
10452,Bronx,,2026,2026-08-17,33,-0.7485,-0.6631,summer,40.83779,-73.92334,23.56,28.0,19.9,78.8,43.8,25.4,26.3,64.0,20.3,64.1,185.0,0,0,Not detected,0,0
10453,Bronx,,2026,2026-06-01,22,0.4647,-0.8855,summer,40.85251,-73.91329,22.786,29.029,16.843,46.143,8.5,19.457,20.257,57.857,5.0,13.5,116.2,0,0,Not detected,0,0
10453,Bronx,,2026,2026-06-08,23,0.3546,-0.935,summer,40.85251,-73.91329,25.071,30.514,20.571,55.714,12.8,22.786,19.457,46.143,8.5,21.3,153.7,0,0,Not detected,0,0
10453,Bronx,,2026,2026-06-15,24,0.2393,-0.9709,summer,40.85251,-73.91329,23.214,27.871,18.457,51.714,19.2,25.071,22.786,55.714,12.8,32.0,179.8,0,0,Not detected,0,0
10453,Bronx,,2026,2026-06-22,25,0.1205,-0.9927,summer,40.85251,-73.91329,22.471,25.957,19.329,74.429,56.4,23.214,25.071,51.714,19.2,75.6,174.9,0,0,Not detected,0,0
10453,Bronx,,2026,2026-06-29,26,-0.0,-1.0,summer,40.85251,-73.91329,28.743,34.329,23.8,61.857,44.1,22.471,23.214,74.429,56.4,100.5,199.6,0,0,Not detected,0,0
10453,Bronx,,2026,2026-07-06,27,-0.1205,-0.9927,summer,40.85251,-73.91329,23.143,26.914,20.043,79.571,86.3,28.743,22.471,61.857,44.1,130.4,198.5,0,0,Not detected,0,0
10453,Bronx,,2026,2026-07-13,28,-0.2393,-0.9709,summer,40.85251,-73.91329,26.343,31.0,22.214,58.714,48.1,23.143,28.743,79.571,86.3,134.4,222.5,0,0,Not detected,0,0
10453,Bronx,,2026,2026-07-20,29,-0.3546,-0.935,summer,40.85251,-73.91329,23.871,28.914,19.186,57.143,12.4,26.343,23.143,58.714,48.1,60.5,193.1,0,0,Not detected,0,0
10453,Bronx,,2026,2026-07-27,30,-0.4647,-0.8855,summer,40.85251,-73.91329,23.871,28.029,20.857,78.714,69.5,23.871,26.343,57.143,12.4,81.9,193.9,0,0,Not detected,0,0
10453,Bronx,,2026,2026-08-03,31,-0.5681,-0.823,summer,40.85251,-73.91329,26.3,31.114,22.357,73.143,48.3,23.871,23.871,78.714,69.5,117.8,195.2,0,0,Not detected,0,0
10453,Bronx,,2026,2026-08-10,32,-0.6631,-0.7485,summer,40.85251,-73.91329,25.4,30.329,21.086,64.0,20.3,26.3,23.871,73.143,48.3,68.6,203.7,0,0,Not detected,0,0
10453,Bronx,,2026,2026-08-17,33,-0.7485,-0.6631,summer,40.85251,-73.91329,23.56,28.0,19.9,78.8,43.8,25.4,26.3,64.0,20.3,64.1,185.0,0,0,Not detected,0,0
10454,Bronx,Mott Haven,2026,2026-06-01,22,0.4647,-0.8855,summer,40.80558,-73.9166,22.786,29.029,16.843,46.143,8.5,19.457,20.257,57.857,5.0,13.5,116.2,0,0,Detected in the past 2 weeks,0,0
10454,Bronx,Mott Haven,2026,2026-06-08,23,0.3546,-0.935,summer,40.80558,-73.9166,25.071,30.514,20.571,55.714,12.8,22.786,19.457,46.143,8.5,21.3,153.7,0,0,Detected in the past 2 weeks,0,0
10454,Bronx,Mott Haven,2026,2026-06-15,24,0.2393,-0.9709,summer,40.80558,-73.9166,23.214,27.871,18.457,51.714,19.2,25.071,22.786,55.714,12.8,32.0,179.8,0,0,Detected in the past 2 weeks,0,0
10454,Bronx,Mott Haven,2026,2026-06-22,25,0.1205,-0.9927,summer,40.80558,-73.9166,22.471,25.957,19.329,74.429,56.4,23.214,25.071,51.714,19.2,75.6,174.9,0,0,Detected in the past 2 weeks,0,0
10454,Bronx,Mott Haven,2026,2026-06-29,26,-0.0,-1.0,summer,40.80558,-73.9166,28.743,34.329,23.8,61.857,44.1,22.471,23.214,74.429,56.4,100.5,199.6,0,0,Detected in the past 2 weeks,0,0
10454,Bronx,Mott Haven,2026,2026-07-06,27,-0.1205,-0.9927,summer,40.80558,-73.9166,23.143,26.914,20.043,79.571,86.3,28.743,22.471,61.857,44.1,130.4,198.5,0,0,Detected in the past 2 weeks,0,0
10454,Bronx,Mott Haven,2026,2026-07-13,28,-0.2393,-0.9709,summer,40.80558,-73.9166,26.343,31.0,22.214,58.714,48.1,23.143,28.743,79.571,86.3,134.4,222.5,0,0,Detected in the past 2 weeks,0,0
10454,Bronx,Mott Haven,2026,2026-07-20,29,-0.3546,-0.935,summer,40.80558,-73.9166,23.871,28.914,19.186,57.143,12.4,26.343,23.143,58.714,48.1,60.5,193.1,0,0,Detected in the past 2 weeks,0,0
10454,Bronx,Mott Haven,2026,2026-07-27,30,-0.4647,-0.8855,summer,40.80558,-73.9166,23.871,28.029,20.857,78.714,69.5,23.871,26.343,57.143,12.4,81.9,193.9,0,0,Detected in the past 2 weeks,0,0
10454,Bronx,Mott Haven,2026,2026-08-03,31,-0.5681,-0.823,summer,40.80558,-73.9166,26.3,31.114,22.357,73.143,48.3,23.871,23.871,78.714,69.5,117.8,195.2,0,0,Detected in the past 2 weeks,1,1
10454,Bronx,Mott Haven,2026,2026-08-10,32,-0.6631,-0.7485,summer,40.80558,-73.9166,25.4,30.329,21.086,64.0,20.3,26.3,23.871,73.143,48.3,68.6,203.7,1,0,Detected in the past 2 weeks,1,1
10454,Bronx,Mott Haven,2026,2026-08-17,33,-0.7485,-0.6631,summer,40.80558,-73.9166,23.56,28.0,19.9,78.8,43.8,25.4,26.3,64.0,20.3,64.1,185.0,1,1,Detected in the past 2 weeks,0,0
10455,Bronx,,2026,2026-06-01,22,0.4647,-0.8855,summer,40.8148,-73.9086,22.786,29.029,16.843,46.143,8.5,19.457,20.257,57.857,5.0,13.5,116.2,0,0,Not detected,0,0
10455,Bronx,,2026,2026-06-08,23,0.3546,-0.935,summer,40.8148,-73.9086,25.071,30.514,20.571,55.714,12.8,22.786,19.457,46.143,8.5,21.3,153.7,0,0,Not detected,0,0
10455,Bronx,,2026,2026-06-15,24,0.2393,-0.9709,summer,40.8148,-73.9086,23.214,27.871,18.457,51.714,19.2,25.071,22.786,55.714,12.8,32.0,179.8,0,0,Not detected,0,0
10455,Bronx,,2026,2026-06-22,25,0.1205,-0.9927,summer,40.8148,-73.9086,22.471,25.957,19.329,74.429,56.4,23.214,25.071,51.714,19.2,75.6,174.9,0,0,Not detected,0,0
10455,Bronx,,2026,2026-06-29,26,-0.0,-1.0,summer,40.8148,-73.9086,28.743,34.329,23.8,61.857,44.1,22.471,23.214,74.429,56.4,100.5,199.6,0,0,Not detected,0,0
10455,Bronx,,2026,2026-07-06,27,-0.1205,-0.9927,summer,40.8148,-73.9086,23.143,26.914,20.043,79.571,86.3,28.743,22.471,61.857,44.1,130.4,198.5,0,0,Not detected,0,0
10455,Bronx,,2026,2026-07-13,28,-0.2393,-0.9709,summer,40.8148,-73.9086,26.343,31.0,22.214,58.714,48.1,23.143,28.743,79.571,86.3,134.4,222.5,0,0,Not detected,0,0
10455,Bronx,,2026,2026-07-20,29,-0.3546,-0.935,summer,40.8148,-73.9086,23.871,28.914,19.186,57.143,12.4,26.343,23.143,58.714,48.1,60.5,193.1,0,0,Not detected,0,0
10455,Bronx,,2026,2026-07-27,30,-0.4647,-0.8855,summer,40.8148,-73.9086,23.871,28.029,20.857,78.714,69.5,23.871,26.343,57.143,12.4,81.9,193.9,0,0,Not detected,0,0
10455,Bronx,,2026,2026-08-03,31,-0.5681,-0.823,summer,40.8148,-73.9086,26.3,31.114,22.357,73.143,48.3,23.871,23.871,78.714,69.5,117.8,195.2,0,0,Not detected,0,0
10455,Bronx,,2026,2026-08-10,32,-0.6631,-0.7485,summer,40.8148,-73.9086,25.4,30.329,21.086,64.0,20.3,26.3,23.871,73.143,48.3,68.6,203.7,0,0,Not detected,0,0
10455,Bronx,,2026,2026-08-17,33,-0.7485,-0.6631,summer,40.8148,-73.9086,23.56,28.0,19.9,78.8,43.8,25.4,26.3,64.0,20.3,64.1,185.0,0,0,Not detected,0,0
10456,Bronx,Morrisania,2026,2026-06-01,22,0.4647,-0.8855,summer,40.83067,-73.90816,22.786,29.029,16.843,46.143,8.5,19.457,20.257,57.857,5.0,13.5,116.2,0,0,Detected in the past 2 weeks,0,0
10456,Bronx,Morrisania,2026,2026-06-08,23,0.3546,-0.935,summer,40.83067,-73.90816,25.071,30.514,20.571,55.714,12.8,22.786,19.457,46.143,8.5,21.3,153.7,0,0,Detected in the past 2 weeks,0,0
10456,Bronx,Morrisania,2026,2026-06-15,24,0.2393,-0.9709,summer,40.83067,-73.90816,23.214,27.871,18.457,51.714,19.2,25.071,22.786,55.714,12.8,32.0,179.8,0,0,Detected in the past 2 weeks,0,0
10456,Bronx,Morrisania,2026,2026-06-22,25,0.1205,-0.9927,summer,40.83067,-73.90816,22.471,25.957,19.329,74.429,56.4,23.214,25.071,51.714,19.2,75.6,174.9,0,0,Detected in the past 2 weeks,0,0
10456,Bronx,Morrisania,2026,2026-06-29,26,-0.0,-1.0,summer,40.83067,-73.90816,28.743,34.329,23.8,61.857,44.1,22.471,23.214,74.429,56.4,100.5,199.6,0,0,Detected in the past 2 weeks,0,0
10456,Bronx,Morrisania,2026,2026-07-06,27,-0.1205,-0.9927,summer,40.83067,-73.90816,23.143,26.914,20.043,79.571,86.3,28.743,22.471,61.857,44.1,130.4,198.5,0,0,Detected in the past 2 weeks,0,0
10456,Bronx,Morrisania,2026,2026-07-13,28,-0.2393,-0.9709,summer,40.83067,-73.90816,26.343,31.0,22.214,58.714,48.1,23.143,28.743,79.571,86.3,134.4,222.5,0,0,Detected in the past 2 weeks,0,0
10456,Bronx,Morrisania,2026,2026-07-20,29,-0.3546,-0.935,summer,40.83067,-73.90816,23.871,28.914,19.186,57.143,12.4,26.343,23.143,58.714,48.1,60.5,193.1,0,0,Detected in the past 2 weeks,0,0
10456,Bronx,Morrisania,2026,2026-07-27,30,-0.4647,-0.8855,summer,40.83067,-73.90816,23.871,28.029,20.857,78.714,69.5,23.871,26.343,57.143,12.4,81.9,193.9,0,0,Detected in the past 2 weeks,0,0
10456,Bronx,Morrisania,2026,2026-08-03,31,-0.5681,-0.823,summer,40.83067,-73.90816,26.3,31.114,22.357,73.143,48.3,23.871,23.871,78.714,69.5,117.8,195.2,0,0,Detected in the past 2 weeks,2,1
10456,Bronx,Morrisania,2026,2026-08-10,32,-0.6631,-0.7485,summer,40.83067,-73.90816,25.4,30.329,21.086,64.0,20.3,26.3,23.871,73.143,48.3,68.6,203.7,2,0,Detected in the past 2 weeks,0,0
10456,Bronx,Morrisania,2026,2026-08-17,33,-0.7485,-0.6631,summer,40.83067,-73.90816,23.56,28.0,19.9,78.8,43.8,25.4,26.3,64.0,20.3,64.1,185.0,0,2,Detected in the past 2 weeks,1,1
10457,Bronx,"Claremont Village, East Tremont",2026,2026-06-01,22,0.4647,-0.8855,summer,40.84571,-73.89792,22.543,28.6,16.729,47.143,8.5,19.314,20.043,57.571,5.9,14.4,112.3,0,0,Detected in the past 2 weeks,0,0
10457,Bronx,"Claremont Village, East Tremont",2026,2026-06-08,23,0.3546,-0.935,summer,40.84571,-73.89792,24.7,30.014,20.3,57.857,14.6,22.543,19.314,47.143,8.5,23.1,148.4,0,0,Detected in the past 2 weeks,0,0
10457,Bronx,"Claremont Village, East Tremont",2026,2026-06-15,24,0.2393,-0.9709,summer,40.84571,-73.89792,22.886,27.486,18.171,52.0,18.8,24.7,22.543,57.857,14.6,33.4,173.8,0,0,Detected in the past 2 weeks,0,0
10457,Bronx,"Claremont Village, East Tremont",2026,2026-06-22,25,0.1205,-0.9927,summer,40.84571,-73.89792,22.186,25.686,19.043,74.429,44.9,22.886,24.7,52.0,18.8,63.7,168.0,0,0,Detected in the past 2 weeks,0,0
10457,Bronx,"Claremont Village, East Tremont",2026,2026-06-29,26,-0.0,-1.0,summer,40.84571,-73.89792,28.5,34.114,23.6,62.286,43.5,22.186,22.886,74.429,44.9,88.4,193.8,0,0,Detected in the past 2 weeks,0,0
10457,Bronx,"Claremont Village, East Tremont",2026,2026-07-06,27,-0.1205,-0.9927,summer,40.84571,-73.89792,22.943,26.614,19.986,79.857,83.8,28.5,22.186,62.286,43.5,127.3,194.1,0,0,Detected in the past 2 weeks,0,0
10457,Bronx,"Claremont Village, East Tremont",2026,2026-07-13,28,-0.2393,-0.9709,summer,40.84571,-73.89792,26.086,30.671,21.971,59.0,41.7,22.943,28.5,79.857,83.8,125.5,217.8,0,0,Detected in the past 2 weeks,0,0
10457,Bronx,"Claremont Village, East Tremont",2026,2026-07-20,29,-0.3546,-0.935,summer,40.84571,-73.89792,23.943,29.029,19.143,54.571,10.4,26.086,22.943,59.0,41.7,52.1,190.6,0,0,Detected in the past 2 weeks,0,0
10457,Bronx,"Claremont Village, East Tremont",2026,2026-07-27,30,-0.4647,-0.8855,summer,40.84571,-73.89792,23.714,27.986,20.757,79.143,67.7,23.943,26.086,54.571,10.4,78.1,191.6,0,0,Detected in the past 2 weeks,1,1
10457,Bronx,"Claremont Village, East Tremont",2026,2026-08-03,31,-0.5681,-0.823,summer,40.84571,-73.89792,26.043,30.986,22.186,73.714,55.5,23.714,23.943,79.143,67.7,123.2,192.8,1,0,Detected in the past 2 weeks,1,1
10457,Bronx,"Claremont Village, East Tremont",2026,2026-08-10,32,-0.6631,-0.7485,summer,40.84571,-73.89792,25.1,30.143,20.857,64.571,21.9,26.043,23.714,73.714,55.5,77.4,198.7,1,1,Detected in the past 2 weeks,1,1
10457,Bronx,"Claremont Village, East Tremont",2026,2026-08-17,33,-0.7485,-0.6631,summer,40.84571,-73.89792,23.48,27.98,19.8,77.8,37.3,25.1,26.043,64.571,21.9,59.2,180.9,1,2,Detected in the past 2 weeks,1,1
10458,Bronx,,2026,2026-06-01,22,0.4647,-0.8855,summer,40.86249,-73.88645,22.543,28.6,16.729,47.143,8.5,19.314,20.043,57.571,5.9,14.4,112.3,0,0,Not detected,0,0
10458,Bronx,,2026,2026-06-08,23,0.3546,-0.935,summer,40.86249,-73.88645,24.7,30.014,20.3,57.857,14.6,22.543,19.314,47.143,8.5,23.1,148.4,0,0,Not detected,0,0
10458,Bronx,,2026,2026-06-15,24,0.2393,-0.9709,summer,40.86249,-73.88645,22.886,27.486,18.171,52.0,18.8,24.7,22.543,57.857,14.6,33.4,173.8,0,0,Not detected,0,0
10458,Bronx,,2026,2026-06-22,25,0.1205,-0.9927,summer,40.86249,-73.88645,22.186,25.686,19.043,74.429,44.9,22.886,24.7,52.0,18.8,63.7,168.0,0,0,Not detected,0,0
10458,Bronx,,2026,2026-06-29,26,-0.0,-1.0,summer,40.86249,-73.88645,28.5,34.114,23.6,62.286,43.5,22.186,22.886,74.429,44.9,88.4,193.8,0,0,Not detected,0,0
10458,Bronx,,2026,2026-07-06,27,-0.1205,-0.9927,summer,40.86249,-73.88645,22.943,26.614,19.986,79.857,83.8,28.5,22.186,62.286,43.5,127.3,194.1,0,0,Not detected,0,0
10458,Bronx,,2026,2026-07-13,28,-0.2393,-0.9709,summer,40.86249,-73.88645,26.086,30.671,21.971,59.0,41.7,22.943,28.5,79.857,83.8,125.5,217.8,0,0,Not detected,0,0
10458,Bronx,,2026,2026-07-20,29,-0.3546,-0.935,summer,40.86249,-73.88645,23.943,29.029,19.143,54.571,10.4,26.086,22.943,59.0,41.7,52.1,190.6,0,0,Not detected,0,0
10458,Bronx,,2026,2026-07-27,30,-0.4647,-0.8855,summer,40.86249,-73.88645,23.714,27.986,20.757,79.143,67.7,23.943,26.086,54.571,10.4,78.1,191.6,0,0,Not detected,0,0
10458,Bronx,,2026,2026-08-03,31,-0.5681,-0.823,summer,40.86249,-73.88645,26.043,30.986,22.186,73.714,55.5,23.714,23.943,79.143,67.7,123.2,192.8,0,0,Not detected,0,0
10458,Bronx,,2026,2026-08-10,32,-0.6631,-0.7485,summer,40.86249,-73.88645,25.1,30.143,20.857,64.571,21.9,26.043,23.714,73.714,55.5,77.4,198.7,0,0,Not detected,0,0
10458,Bronx,,2026,2026-08-17,33,-0.7485,-0.6631,summer,40.86249,-73.88645,23.48,27.98,19.8,77.8,37.3,25.1,26.043,64.571,21.9,59.2,180.9,0,0,Not detected,0,0
10459,Bronx,,2026,2026-06-01,22,0.4647,-0.8855,summer,40.82569,-73.893,22.786,29.029,16.843,46.143,8.5,19.457,20.257,57.857,5.0,13.5,116.2,0,0,Not detected,0,0
10459,Bronx,,2026,2026-06-08,23,0.3546,-0.935,summer,40.82569,-73.893,25.071,30.514,20.571,55.714,12.8,22.786,19.457,46.143,8.5,21.3,153.7,0,0,Not detected,0,0
10459,Bronx,,2026,2026-06-15,24,0.2393,-0.9709,summer,40.82569,-73.893,23.214,27.871,18.457,51.714,19.2,25.071,22.786,55.714,12.8,32.0,179.8,0,0,Not detected,0,0
10459,Bronx,,2026,2026-06-22,25,0.1205,-0.9927,summer,40.82569,-73.893,22.471,25.957,19.329,74.429,56.4,23.214,25.071,51.714,19.2,75.6,174.9,0,0,Not detected,0,0
10459,Bronx,,2026,2026-06-29,26,-0.0,-1.0,summer,40.82569,-73.893,28.743,34.329,23.8,61.857,44.1,22.471,23.214,74.429,56.4,100.5,199.6,0,0,Not detected,0,0
10459,Bronx,,2026,2026-07-06,27,-0.1205,-0.9927,summer,40.82569,-73.893,23.143,26.914,20.043,79.571,86.3,28.743,22.471,61.857,44.1,130.4,198.5,0,0,Not detected,0,0
10459,Bronx,,2026,2026-07-13,28,-0.2393,-0.9709,summer,40.82569,-73.893,26.343,31.0,22.214,58.714,48.1,23.143,28.743,79.571,86.3,134.4,222.5,0,0,Not detected,0,0
10459,Bronx,,2026,2026-07-20,29,-0.3546,-0.935,summer,40.82569,-73.893,23.871,28.914,19.186,57.143,12.4,26.343,23.143,58.714,48.1,60.5,193.1,0,0,Not detected,0,0
10459,Bronx,,2026,2026-07-27,30,-0.4647,-0.8855,summer,40.82569,-73.893,23.871,28.029,20.857,78.714,69.5,23.871,26.343,57.143,12.4,81.9,193.9,0,0,Not detected,0,0
10459,Bronx,,2026,2026-08-03,31,-0.5681,-0.823,summer,40.82569,-73.893,26.3,31.114,22.357,73.143,48.3,23.871,23.871,78.714,69.5,117.8,195.2,0,0,Not detected,0,0
10459,Bronx,,2026,2026-08-10,32,-0.6631,-0.7485,summer,40.82569,-73.893,25.4,30.329,21.086,64.0,20.3,26.3,23.871,73.143,48.3,68.6,203.7,0,0,Not detected,0,0
10459,Bronx,,2026,2026-08-17,33,-0.7485,-0.6631,summer,40.82569,-73.893,23.56,28.0,19.9,78.8,43.8,25.4,26.3,64.0,20.3,64.1,185.0,0,0,Not detected,0,0
10460,Bronx,Van Nest,2026,2026-06-01,22,0.4647,-0.8855,summer,40.84234,-73.87906,22.786,29.029,16.843,46.143,8.5,19.457,20.257,57.857,5.0,13.5,116.2,0,0,Detected earlier this season,0,0
10460,Bronx,Van Nest,2026,2026-06-08,23,0.3546,-0.935,summer,40.84234,-73.87906,25.071,30.514,20.571,55.714,12.8,22.786,19.457,46.143,8.5,21.3,153.7,0,0,Detected earlier this season,0,0
10460,Bronx,Van Nest,2026,2026-06-15,24,0.2393,-0.9709,summer,40.84234,-73.87906,23.214,27.871,18.457,51.714,19.2,25.071,22.786,55.714,12.8,32.0,179.8,0,0,Detected earlier this season,0,0
10460,Bronx,Van Nest,2026,2026-06-22,25,0.1205,-0.9927,summer,40.84234,-73.87906,22.471,25.957,19.329,74.429,56.4,23.214,25.071,51.714,19.2,75.6,174.9,0,0,Detected earlier this season,0,0
10460,Bronx,Van Nest,2026,2026-06-29,26,-0.0,-1.0,summer,40.84234,-73.87906,28.743,34.329,23.8,61.857,44.1,22.471,23.214,74.429,56.4,100.5,199.6,0,0,Detected earlier this season,0,0
10460,Bronx,Van Nest,2026,2026-07-06,27,-0.1205,-0.9927,summer,40.84234,-73.87906,23.143,26.914,20.043,79.571,86.3,28.743,22.471,61.857,44.1,130.4,198.5,0,0,Detected earlier this season,0,0
10460,Bronx,Van Nest,2026,2026-07-13,28,-0.2393,-0.9709,summer,40.84234,-73.87906,26.343,31.0,22.214,58.714,48.1,23.143,28.743,79.571,86.3,134.4,222.5,0,0,Detected earlier this season,0,0
10460,Bronx,Van Nest,2026,2026-07-20,29,-0.3546,-0.935,summer,40.84234,-73.87906,23.871,28.914,19.186,57.143,12.4,26.343,23.143,58.714,48.1,60.5,193.1,0,0,Detected earlier this season,0,0
10460,Bronx,Van Nest,2026,2026-07-27,30,-0.4647,-0.8855,summer,40.84234,-73.87906,23.871,28.029,20.857,78.714,69.5,23.871,26.343,57.143,12.4,81.9,193.9,0,0,Detected earlier this season,0,0
10460,Bronx,Van Nest,2026,2026-08-03,31,-0.5681,-0.823,summer,40.84234,-73.87906,26.3,31.114,22.357,73.143,48.3,23.871,23.871,78.714,69.5,117.8,195.2,0,0,Detected earlier this season,1,1
10460,Bronx,Van Nest,2026,2026-08-10,32,-0.6631,-0.7485,summer,40.84234,-73.87906,25.4,30.329,21.086,64.0,20.3,26.3,23.871,73.143,48.3,68.6,203.7,1,0,Detected earlier this season,0,0
10460,Bronx,Van Nest,2026,2026-08-17,33,-0.7485,-0.6631,summer,40.84234,-73.87906,23.56,28.0,19.9,78.8,43.8,25.4,26.3,64.0,20.3,64.1,185.0,0,1,Detected earlier this season,0,0
10461,Bronx,"Morris Park, Middletown, Pelham Bay, Pelham Parkway",2026,2026-06-01,22,0.4647,-0.8855,summer,40.84674,-73.84079,22.543,28.6,16.729,47.143,8.5,19.314,20.043,57.571,5.9,14.4,112.3,0,0,Detected in the past 2 weeks,0,0
10461,Bronx,"Morris Park, Middletown, Pelham Bay, Pelham Parkway",2026,2026-06-08,23,0.3546,-0.935,summer,40.84674,-73.84079,24.7,30.014,20.3,57.857,14.6,22.543,19.314,47.143,8.5,23.1,148.4,0,0,Detected in the past 2 weeks,0,0
10461,Bronx,"Morris Park, Middletown, Pelham Bay, Pelham Parkway",2026,2026-06-15,24,0.2393,-0.9709,summer,40.84674,-73.84079,22.886,27.486,18.171,52.0,18.8,24.7,22.543,57.857,14.6,33.4,173.8,0,0,Detected in the past 2 weeks,0,0
10461,Bronx,"Morris Park, Middletown, Pelham Bay, Pelham Parkway",2026,2026-06-22,25,0.1205,-0.9927,summer,40.84674,-73.84079,22.186,25.686,19.043,74.429,44.9,22.886,24.7,52.0,18.8,63.7,168.0,0,0,Detected in the past 2 weeks,0,0
10461,Bronx,"Morris Park, Middletown, Pelham Bay, Pelham Parkway",2026,2026-06-29,26,-0.0,-1.0,summer,40.84674,-73.84079,28.5,34.114,23.6,62.286,43.5,22.186,22.886,74.429,44.9,88.4,193.8,0,0,Detected in the past 2 weeks,0,0
10461,Bronx,"Morris Park, Middletown, Pelham Bay, Pelham Parkway",2026,2026-07-06,27,-0.1205,-0.9927,summer,40.84674,-73.84079,22.943,26.614,19.986,79.857,83.8,28.5,22.186,62.286,43.5,127.3,194.1,0,0,Detected in the past 2 weeks,0,0
10461,Bronx,"Morris Park, Middletown, Pelham Bay, Pelham Parkway",2026,2026-07-13,28,-0.2393,-0.9709,summer,40.84674,-73.84079,26.086,30.671,21.971,59.0,41.7,22.943,28.5,79.857,83.8,125.5,217.8,0,0,Detected in the past 2 weeks,0,0
10461,Bronx,"Morris Park, Middletown, Pelham Bay, Pelham Parkway",2026,2026-07-20,29,-0.3546,-0.935,summer,40.84674,-73.84079,23.943,29.029,19.143,54.571,10.4,26.086,22.943,59.0,41.7,52.1,190.6,0,0,Detected in the past 2 weeks,0,0
10461,Bronx,"Morris Park, Middletown, Pelham Bay, Pelham Parkway",2026,2026-07-27,30,-0.4647,-0.8855,summer,40.84674,-73.84079,23.714,27.986,20.757,79.143,67.7,23.943,26.086,54.571,10.4,78.1,191.6,0,0,Detected in the past 2 weeks,1,1
10461,Bronx,"Morris Park, Middletown, Pelham Bay, Pelham Parkway",2026,2026-08-03,31,-0.5681,-0.823,summer,40.84674,-73.84079,26.043,30.986,22.186,73.714,55.5,23.714,23.943,79.143,67.7,123.2,192.8,1,0,Detected in the past 2 weeks,1,1
10461,Bronx,"Morris Park, Middletown, Pelham Bay, Pelham Parkway",2026,2026-08-10,32,-0.6631,-0.7485,summer,40.84674,-73.84079,25.1,30.143,20.857,64.571,21.9,26.043,23.714,73.714,55.5,77.4,198.7,1,1,Detected in the past 2 weeks,2,1
10461,Bronx,"Morris Park, Middletown, Pelham Bay, Pelham Parkway",2026,2026-08-17,33,-0.7485,-0.6631,summer,40.84674,-73.84079,23.48,27.98,19.8,77.8,37.3,25.1,26.043,64.571,21.9,59.2,180.9,2,2,Detected in the past 2 weeks,2,1
10462,Bronx,Pelham Parkway,2026,2026-06-01,22,0.4647,-0.8855,summer,40.84327,-73.86042,22.543,28.6,16.729,47.143,8.5,19.314,20.043,57.571,5.9,14.4,112.3,0,0,Detected in the past 2 weeks,0,0
10462,Bronx,Pelham Parkway,2026,2026-06-08,23,0.3546,-0.935,summer,40.84327,-73.86042,24.7,30.014,20.3,57.857,14.6,22.543,19.314,47.143,8.5,23.1,148.4,0,0,Detected in the past 2 weeks,0,0
10462,Bronx,Pelham Parkway,2026,2026-06-15,24,0.2393,-0.9709,summer,40.84327,-73.86042,22.886,27.486,18.171,52.0,18.8,24.7,22.543,57.857,14.6,33.4,173.8,0,0,Detected in the past 2 weeks,0,0
10462,Bronx,Pelham Parkway,2026,2026-06-22,25,0.1205,-0.9927,summer,40.84327,-73.86042,22.186,25.686,19.043,74.429,44.9,22.886,24.7,52.0,18.8,63.7,168.0,0,0,Detected in the past 2 weeks,0,0
10462,Bronx,Pelham Parkway,2026,2026-06-29,26,-0.0,-1.0,summer,40.84327,-73.86042,28.5,34.114,23.6,62.286,43.5,22.186,22.886,74.429,44.9,88.4,193.8,0,0,Detected in the past 2 weeks,0,0
10462,Bronx,Pelham Parkway,2026,2026-07-06,27,-0.1205,-0.9927,summer,40.84327,-73.86042,22.943,26.614,19.986,79.857,83.8,28.5,22.186,62.286,43.5,127.3,194.1,0,0,Detected in the past 2 weeks,0,0
10462,Bronx,Pelham Parkway,2026,2026-07-13,28,-0.2393,-0.9709,summer,40.84327,-73.86042,26.086,30.671,21.971,59.0,41.7,22.943,28.5,79.857,83.8,125.5,217.8,0,0,Detected in the past 2 weeks,0,0
10462,Bronx,Pelham Parkway,2026,2026-07-20,29,-0.3546,-0.935,summer,40.84327,-73.86042,23.943,29.029,19.143,54.571,10.4,26.086,22.943,59.0,41.7,52.1,190.6,0,0,Detected in the past 2 weeks,0,0
10462,Bronx,Pelham Parkway,2026,2026-07-27,30,-0.4647,-0.8855,summer,40.84327,-73.86042,23.714,27.986,20.757,79.143,67.7,23.943,26.086,54.571,10.4,78.1,191.6,0,0,Detected in the past 2 weeks,0,0
10462,Bronx,Pelham Parkway,2026,2026-08-03,31,-0.5681,-0.823,summer,40.84327,-73.86042,26.043,30.986,22.186,73.714,55.5,23.714,23.943,79.143,67.7,123.2,192.8,0,0,Detected in the past 2 weeks,0,0
10462,Bronx,Pelham Parkway,2026,2026-08-10,32,-0.6631,-0.7485,summer,40.84327,-73.86042,25.1,30.143,20.857,64.571,21.9,26.043,23.714,73.714,55.5,77.4,198.7,0,0,Detected in the past 2 weeks,1,1
10462,Bronx,Pelham Parkway,2026,2026-08-17,33,-0.7485,-0.6631,summer,40.84327,-73.86042,23.48,27.98,19.8,77.8,37.3,25.1,26.043,64.571,21.9,59.2,180.9,1,0,Detected in the past 2 weeks,1,1
10463,Bronx,,2026,2026-06-01,22,0.4647,-0.8855,summer,40.88634,-73.90155,22.543,28.6,16.729,47.143,8.5,19.314,20.043,57.571,5.9,14.4,112.3,0,0,Not detected,0,0
10463,Bronx,,2026,2026-06-08,23,0.3546,-0.935,summer,40.88634,-73.90155,24.7,30.014,20.3,57.857,14.6,22.543,19.314,47.143,8.5,23.1,148.4,0,0,Not detected,0,0
10463,Bronx,,2026,2026-06-15,24,0.2393,-0.9709,summer,40.88634,-73.90155,22.886,27.486,18.171,52.0,18.8,24.7,22.543,57.857,14.6,33.4,173.8,0,0,Not detected,0,0
10463,Bronx,,2026,2026-06-22,25,0.1205,-0.9927,summer,40.88634,-73.90155,22.186,25.686,19.043,74.429,44.9,22.886,24.7,52.0,18.8,63.7,168.0,0,0,Not detected,0,0
10463,Bronx,,2026,2026-06-29,26,-0.0,-1.0,summer,40.88634,-73.90155,28.5,34.114,23.6,62.286,43.5,22.186,22.886,74.429,44.9,88.4,193.8,0,0,Not detected,0,0
10463,Bronx,,2026,2026-07-06,27,-0.1205,-0.9927,summer,40.88634,-73.90155,22.943,26.614,19.986,79.857,83.8,28.5,22.186,62.286,43.5,127.3,194.1,0,0,Not detected,0,0
10463,Bronx,,2026,2026-07-13,28,-0.2393,-0.9709,summer,40.88634,-73.90155,26.086,30.671,21.971,59.0,41.7,22.943,28.5,79.857,83.8,125.5,217.8,0,0,Not detected,0,0
10463,Bronx,,2026,2026-07-20,29,-0.3546,-0.935,summer,40.88634,-73.90155,23.943,29.029,19.143,54.571,10.4,26.086,22.943,59.0,41.7,52.1,190.6,0,0,Not detected,0,0
10463,Bronx,,2026,2026-07-27,30,-0.4647,-0.8855,summer,40.88634,-73.90155,23.714,27.986,20.757,79.143,67.7,23.943,26.086,54.571,10.4,78.1,191.6,0,0,Not detected,0,0
10463,Bronx,,2026,2026-08-03,31,-0.5681,-0.823,summer,40.88634,-73.90155,26.043,30.986,22.186,73.714,55.5,23.714,23.943,79.143,67.7,123.2,192.8,0,0,Not detected,0,0
10463,Bronx,,2026,2026-08-10,32,-0.6631,-0.7485,summer,40.88634,-73.90155,25.1,30.143,20.857,64.571,21.9,26.043,23.714,73.714,55.5,77.4,198.7,0,0,Not detected,0,0
10463,Bronx,,2026,2026-08-17,33,-0.7485,-0.6631,summer,40.88634,-73.90155,23.48,27.98,19.8,77.8,37.3,25.1,26.043,64.571,21.9,59.2,180.9,0,0,Not detected,0,0
10464,Bronx,Co-op City,2026,2026-06-01,22,0.4647,-0.8855,summer,40.86959,-73.79585,22.657,28.7,16.829,47.143,8.5,19.414,20.171,57.571,5.9,14.4,114.3,0,0,Detected in the past 2 weeks,0,0
10464,Bronx,Co-op City,2026,2026-06-08,23,0.3546,-0.935,summer,40.86959,-73.79585,24.8,30.114,20.4,58.0,14.6,22.657,19.414,47.143,8.5,23.1,150.5,0,0,Detected in the past 2 weeks,0,0
10464,Bronx,Co-op City,2026,2026-06-15,24,0.2393,-0.9709,summer,40.86959,-73.79585,22.986,27.586,18.271,52.0,18.8,24.8,22.657,58.0,14.6,33.4,175.9,0,0,Detected in the past 2 weeks,0,0
10464,Bronx,Co-op City,2026,2026-06-22,25,0.1205,-0.9927,summer,40.86959,-73.79585,22.314,25.786,19.143,74.429,44.9,22.986,24.8,52.0,18.8,63.7,170.2,0,0,Detected in the past 2 weeks,0,0
10464,Bronx,Co-op City,2026,2026-06-29,26,-0.0,-1.0,summer,40.86959,-73.79585,28.629,34.214,23.7,62.286,43.5,22.314,22.986,74.429,44.9,88.4,196.2,0,0,Detected in the past 2 weeks,0,0
10464,Bronx,Co-op City,2026,2026-07-06,27,-0.1205,-0.9927,summer,40.86959,-73.79585,23.057,26.714,20.086,79.857,83.8,28.629,22.314,62.286,43.5,127.3,196.6,0,0,Detected in the past 2 weeks,1,1
10464,Bronx,Co-op City,2026,2026-07-13,28,-0.2393,-0.9709,summer,40.86959,-73.79585,26.186,30.771,22.071,59.0,41.7,23.057,28.629,79.857,83.8,125.5,220.1,1,0,Detected in the past 2 weeks,1,1
10464,Bronx,Co-op City,2026,2026-07-20,29,-0.3546,-0.935,summer,40.86959,-73.79585,24.086,29.129,19.243,54.571,10.4,26.186,23.057,59.0,41.7,52.1,193.0,1,1,Detected in the past 2 weeks,1,1
10464,Bronx,Co-op City,2026,2026-07-27,30,-0.4647,-0.8855,summer,40.86959,-73.79585,23.843,28.086,20.857,79.143,67.7,24.086,26.186,54.571,10.4,78.1,194.1,1,2,Detected in the past 2 weeks,1,1
10464,Bronx,Co-op City,2026,2026-08-03,31,-0.5681,-0.823,summer,40.86959,-73.79585,26.157,31.086,22.286,73.714,55.5,23.843,24.086,79.143,67.7,123.2,195.4,1,3,Detected in the past 2 weeks,1,1
10464,Bronx,Co-op City,2026,2026-08-10,32,-0.6631,-0.7485,summer,40.86959,-73.79585,25.257,30.243,20.957,64.571,21.9,26.157,23.843,73.714,55.5,77.4,201.4,1,3,Detected in the past 2 weeks,1,1
10464,Bronx,Co-op City,2026,2026-08-17,33,-0.7485,-0.6631,summer,40.86959,-73.79585,23.62,28.08,19.9,77.8,37.3,25.257,26.157,64.571,21.9,59.2,183.4,1,3,Detected in the past 2 weeks,1,1
10465,Bronx,"Spencer Estates, Throgs Neck, Schuylerville",2026,2026-06-01,22,0.4647,-0.8855,summer,40.82733,-73.82217,22.114,28.471,16.1,49.429,8.3,18.757,19.571,62.143,4.7,13.0,104.1,0,0,Detected in the past 2 weeks,0,0
10465,Bronx,"Spencer Estates, Throgs Neck, Schuylerville",2026,2026-06-08,23,0.3546,-0.935,summer,40.82733,-73.82217,24.3,30.057,20.071,60.0,12.5,22.114,18.757,49.429,8.3,20.8,139.2,0,0,Detected in the past 2 weeks,0,0
10465,Bronx,"Spencer Estates, Throgs Neck, Schuylerville",2026,2026-06-15,24,0.2393,-0.9709,summer,40.82733,-73.82217,22.957,27.686,18.171,52.429,17.5,24.3,22.114,60.0,12.5,30.0,168.6,0,0,Detected in the past 2 weeks,0,0
10465,Bronx,"Spencer Estates, Throgs Neck, Schuylerville",2026,2026-06-22,25,0.1205,-0.9927,summer,40.82733,-73.82217,22.229,26.0,18.886,75.714,76.4,22.957,24.3,52.429,17.5,93.9,166.6,0,0,Detected in the past 2 weeks,0,0
10465,Bronx,"Spencer Estates, Throgs Neck, Schuylerville",2026,2026-06-29,26,-0.0,-1.0,summer,40.82733,-73.82217,28.429,34.314,23.557,62.714,37.3,22.229,22.957,75.714,76.4,113.7,194.0,0,0,Detected in the past 2 weeks,0,0
10465,Bronx,"Spencer Estates, Throgs Neck, Schuylerville",2026,2026-07-06,27,-0.1205,-0.9927,summer,40.82733,-73.82217,22.929,26.714,19.843,79.857,83.6,28.429,22.229,62.714,37.3,120.9,193.7,0,0,Detected in the past 2 weeks,1,1
10465,Bronx,"Spencer Estates, Throgs Neck, Schuylerville",2026,2026-07-13,28,-0.2393,-0.9709,summer,40.82733,-73.82217,26.071,30.771,22.029,60.143,38.9,22.929,28.429,79.857,83.6,122.5,217.4,1,0,Detected in the past 2 weeks,1,1
10465,Bronx,"Spencer Estates, Throgs Neck, Schuylerville",2026,2026-07-20,29,-0.3546,-0.935,summer,40.82733,-73.82217,23.986,29.1,19.157,55.571,10.2,26.071,22.929,60.143,38.9,49.1,190.8,1,1,Detected in the past 2 weeks,1,1
10465,Bronx,"Spencer Estates, Throgs Neck, Schuylerville",2026,2026-07-27,30,-0.4647,-0.8855,summer,40.82733,-73.82217,23.771,27.943,20.8,79.857,52.0,23.986,26.071,55.571,10.2,62.2,192.3,1,2,Detected in the past 2 weeks,1,1
10465,Bronx,"Spencer Estates, Throgs Neck, Schuylerville",2026,2026-08-03,31,-0.5681,-0.823,summer,40.82733,-73.82217,26.229,31.2,22.314,73.857,50.1,23.771,23.986,79.857,52.0,102.1,194.9,1,3,Detected in the past 2 weeks,1,1
10465,Bronx,"Spencer Estates, Throgs Neck, Schuylerville",2026,2026-08-10,32,-0.6631,-0.7485,summer,40.82733,-73.82217,25.286,30.343,20.829,64.571,24.0,26.229,23.771,73.857,50.1,74.1,202.1,1,3,Detected in the past 2 weeks,2,1
10465,Bronx,"Spencer Estates, Throgs Neck, Schuylerville",2026,2026-08-17,33,-0.7485,-0.6631,summer,40.82733,-73.82217,23.34,27.76,19.8,79.8,52.7,25.286,26.229,64.571,24.0,76.7,182.8,2,3,Detected in the past 2 weeks,1,1
10466,Bronx,,2026,2026-06-01,22,0.4647,-0.8855,summer,40.89096,-73.84624,22.543,28.6,16.729,47.143,8.5,19.314,20.043,57.571,5.9,14.4,112.3,0,0,Not detected,0,0
10466,Bronx,,2026,2026-06-08,23,0.3546,-0.935,summer,40.89096,-73.84624,24.7,30.014,20.3,57.857,14.6,22.543,19.314,47.143,8.5,23.1,148.4,0,0,Not detected,0,0
10466,Bronx,,2026,2026-06-15,24,0.2393,-0.9709,summer,40.89096,-73.84624,22.886,27.486,18.171,52.0,18.8,24.7,22.543,57.857,14.6,33.4,173.8,0,0,Not detected,0,0
10466,Bronx,,2026,2026-06-22,25,0.1205,-0.9927,summer,40.89096,-73.84624,22.186,25.686,19.043,74.429,44.9,22.886,24.7,52.0,18.8,63.7,168.0,0,0,Not detected,0,0
10466,Bronx,,2026,2026-06-29,26,-0.0,-1.0,summer,40.89096,-73.84624,28.5,34.114,23.6,62.286,43.5,22.186,22.886,74.429,44.9,88.4,193.8,0,0,Not detected,0,0
10466,Bronx,,2026,2026-07-06,27,-0.1205,-0.9927,summer,40.89096,-73.84624,22.943,26.614,19.986,79.857,83.8,28.5,22.186,62.286,43.5,127.3,194.1,0,0,Not detected,0,0
10466,Bronx,,2026,2026-07-13,28,-0.2393,-0.9709,summer,40.89096,-73.84624,26.086,30.671,21.971,59.0,41.7,22.943,28.5,79.857,83.8,125.5,217.8,0,0,Not detected,0,0
10466,Bronx,,2026,2026-07-20,29,-0.3546,-0.935,summer,40.89096,-73.84624,23.943,29.029,19.143,54.571,10.4,26.086,22.943,59.0,41.7,52.1,190.6,0,0,Not detected,0,0
10466,Bronx,,2026,2026-07-27,30,-0.4647,-0.8855,summer,40.89096,-73.84624,23.714,27.986,20.757,79.143,67.7,23.943,26.086,54.571,10.4,78.1,191.6,0,0,Not detected,0,0
10466,Bronx,,2026,2026-08-03,31,-0.5681,-0.823,summer,40.89096,-73.84624,26.043,30.986,22.186,73.714,55.5,23.714,23.943,79.143,67.7,123.2,192.8,0,0,Not detected,0,0
10466,Bronx,,2026,2026-08-10,32,-0.6631,-0.7485,summer,40.89096,-73.84624,25.1,30.143,20.857,64.571,21.9,26.043,23.714,73.714,55.5,77.4,198.7,0,0,Not detected,0,0
10466,Bronx,,2026,2026-08-17,33,-0.7485,-0.6631,summer,40.89096,-73.84624,23.48,27.98,19.8,77.8,37.3,25.1,26.043,64.571,21.9,59.2,180.9,0,0,Not detected,0,0
10467,Bronx,"Woodlawn, Norwood",2026,2026-06-01,22,0.4647,-0.8855,summer,40.87526,-73.87203,22.543,28.6,16.729,47.143,8.5,19.314,20.043,57.571,5.9,14.4,112.3,0,0,Detected in the past 2 weeks,0,0
10467,Bronx,"Woodlawn, Norwood",2026,2026-06-08,23,0.3546,-0.935,summer,40.87526,-73.87203,24.7,30.014,20.3,57.857,14.6,22.543,19.314,47.143,8.5,23.1,148.4,0,0,Detected in the past 2 weeks,0,0
10467,Bronx,"Woodlawn, Norwood",2026,2026-06-15,24,0.2393,-0.9709,summer,40.87526,-73.87203,22.886,27.486,18.171,52.0,18.8,24.7,22.543,57.857,14.6,33.4,173.8,0,0,Detected in the past 2 weeks,0,0
10467,Bronx,"Woodlawn, Norwood",2026,2026-06-22,25,0.1205,-0.9927,summer,40.87526,-73.87203,22.186,25.686,19.043,74.429,44.9,22.886,24.7,52.0,18.8,63.7,168.0,0,0,Detected in the past 2 weeks,0,0
10467,Bronx,"Woodlawn, Norwood",2026,2026-06-29,26,-0.0,-1.0,summer,40.87526,-73.87203,28.5,34.114,23.6,62.286,43.5,22.186,22.886,74.429,44.9,88.4,193.8,0,0,Detected in the past 2 weeks,0,0
10467,Bronx,"Woodlawn, Norwood",2026,2026-07-06,27,-0.1205,-0.9927,summer,40.87526,-73.87203,22.943,26.614,19.986,79.857,83.8,28.5,22.186,62.286,43.5,127.3,194.1,0,0,Detected in the past 2 weeks,0,0
10467,Bronx,"Woodlawn, Norwood",2026,2026-07-13,28,-0.2393,-0.9709,summer,40.87526,-73.87203,26.086,30.671,21.971,59.0,41.7,22.943,28.5,79.857,83.8,125.5,217.8,0,0,Detected in the past 2 weeks,1,1
10467,Bronx,"Woodlawn, Norwood",2026,2026-07-20,29,-0.3546,-0.935,summer,40.87526,-73.87203,23.943,29.029,19.143,54.571,10.4,26.086,22.943,59.0,41.7,52.1,190.6,1,0,Detected in the past 2 weeks,1,1
10467,Bronx,"Woodlawn, Norwood",2026,2026-07-27,30,-0.4647,-0.8855,summer,40.87526,-73.87203,23.714,27.986,20.757,79.143,67.7,23.943,26.086,54.571,10.4,78.1,191.6,1,1,Detected in the past 2 weeks,1,1
10467,Bronx,"Woodlawn, Norwood",2026,2026-08-03,31,-0.5681,-0.823,summer,40.87526,-73.87203,26.043,30.986,22.186,73.714,55.5,23.714,23.943,79.143,67.7,123.2,192.8,1,2,Detected in the past 2 weeks,1,1
10467,Bronx,"Woodlawn, Norwood",2026,2026-08-10,32,-0.6631,-0.7485,summer,40.87526,-73.87203,25.1,30.143,20.857,64.571,21.9,26.043,23.714,73.714,55.5,77.4,198.7,1,3,Detected in the past 2 weeks,1,1
10467,Bronx,"Woodlawn, Norwood",2026,2026-08-17,33,-0.7485,-0.6631,summer,40.87526,-73.87203,23.48,27.98,19.8,77.8,37.3,25.1,26.043,64.571,21.9,59.2,180.9,1,3,Detected in the past 2 weeks,1,1
10468,Bronx,,2026,2026-06-01,22,0.4647,-0.8855,summer,40.86894,-73.9,22.543,28.6,16.729,47.143,8.5,19.314,20.043,57.571,5.9,14.4,112.3,0,0,Not detected,0,0
10468,Bronx,,2026,2026-06-08,23,0.3546,-0.935,summer,40.86894,-73.9,24.7,30.014,20.3,57.857,14.6,22.543,19.314,47.143,8.5,23.1,148.4,0,0,Not detected,0,0
10468,Bronx,,2026,2026-06-15,24,0.2393,-0.9709,summer,40.86894,-73.9,22.886,27.486,18.171,52.0,18.8,24.7,22.543,57.857,14.6,33.4,173.8,0,0,Not detected,0,0
10468,Bronx,,2026,2026-06-22,25,0.1205,-0.9927,summer,40.86894,-73.9,22.186,25.686,19.043,74.429,44.9,22.886,24.7,52.0,18.8,63.7,168.0,0,0,Not detected,0,0
10468,Bronx,,2026,2026-06-29,26,-0.0,-1.0,summer,40.86894,-73.9,28.5,34.114,23.6,62.286,43.5,22.186,22.886,74.429,44.9,88.4,193.8,0,0,Not detected,0,0
10468,Bronx,,2026,2026-07-06,27,-0.1205,-0.9927,summer,40.86894,-73.9,22.943,26.614,19.986,79.857,83.8,28.5,22.186,62.286,43.5,127.3,194.1,0,0,Not detected,0,0
10468,Bronx,,2026,2026-07-13,28,-0.2393,-0.9709,summer,40.86894,-73.9,26.086,30.671,21.971,59.0,41.7,22.943,28.5,79.857,83.8,125.5,217.8,0,0,Not detected,0,0
10468,Bronx,,2026,2026-07-20,29,-0.3546,-0.935,summer,40.86894,-73.9,23.943,29.029,19.143,54.571,10.4,26.086,22.943,59.0,41.7,52.1,190.6,0,0,Not detected,0,0
10468,Bronx,,2026,2026-07-27,30,-0.4647,-0.8855,summer,40.86894,-73.9,23.714,27.986,20.757,79.143,67.7,23.943,26.086,54.571,10.4,78.1,191.6,0,0,Not detected,0,0
10468,Bronx,,2026,2026-08-03,31,-0.5681,-0.823,summer,40.86894,-73.9,26.043,30.986,22.186,73.714,55.5,23.714,23.943,79.143,67.7,123.2,192.8,0,0,Not detected,0,0
10468,Bronx,,2026,2026-08-10,32,-0.6631,-0.7485,summer,40.86894,-73.9,25.1,30.143,20.857,64.571,21.9,26.043,23.714,73.714,55.5,77.4,198.7,0,0,Not detected,0,0
10468,Bronx,,2026,2026-08-17,33,-0.7485,-0.6631,summer,40.86894,-73.9,23.48,27.98,19.8,77.8,37.3,25.1,26.043,64.571,21.9,59.2,180.9,0,0,Not detected,0,0
10469,Bronx,Baychester,2026,2026-06-01,22,0.4647,-0.8855,summer,40.86851,-73.84669,22.543,28.6,16.729,47.143,8.5,19.314,20.043,57.571,5.9,14.4,112.3,0,0,Detected in the past 2 weeks,0,0
10469,Bronx,Baychester,2026,2026-06-08,23,0.3546,-0.935,summer,40.86851,-73.84669,24.7,30.014,20.3,57.857,14.6,22.543,19.314,47.143,8.5,23.1,148.4,0,0,Detected in the past 2 weeks,0,0
10469,Bronx,Baychester,2026,2026-06-15,24,0.2393,-0.9709,summer,40.86851,-73.84669,22.886,27.486,18.171,52.0,18.8,24.7,22.543,57.857,14.6,33.4,173.8,0,0,Detected in the past 2 weeks,0,0
10469,Bronx,Baychester,2026,2026-06-22,25,0.1205,-0.9927,summer,40.86851,-73.84669,22.186,25.686,19.043,74.429,44.9,22.886,24.7,52.0,18.8,63.7,168.0,0,0,Detected in the past 2 weeks,0,0
10469,Bronx,Baychester,2026,2026-06-29,26,-0.0,-1.0,summer,40.86851,-73.84669,28.5,34.114,23.6,62.286,43.5,22.186,22.886,74.429,44.9,88.4,193.8,0,0,Detected in the past 2 weeks,0,0
10469,Bronx,Baychester,2026,2026-07-06,27,-0.1205,-0.9927,summer,40.86851,-73.84669,22.943,26.614,19.986,79.857,83.8,28.5,22.186,62.286,43.5,127.3,194.1,0,0,Detected in the past 2 weeks,0,0
10469,Bronx,Baychester,2026,2026-07-13,28,-0.2393,-0.9709,summer,40.86851,-73.84669,26.086,30.671,21.971,59.0,41.7,22.943,28.5,79.857,83.8,125.5,217.8,0,0,Detected in the past 2 weeks,0,0
10469,Bronx,Baychester,2026,2026-07-20,29,-0.3546,-0.935,summer,40.86851,-73.84669,23.943,29.029,19.143,54.571,10.4,26.086,22.943,59.0,41.7,52.1,190.6,0,0,Detected in the past 2 weeks,0,0
10469,Bronx,Baychester,2026,2026-07-27,30,-0.4647,-0.8855,summer,40.86851,-73.84669,23.714,27.986,20.757,79.143,67.7,23.943,26.086,54.571,10.4,78.1,191.6,0,0,Detected in the past 2 weeks,1,1
10469,Bronx,Baychester,2026,2026-08-03,31,-0.5681,-0.823,summer,40.86851,-73.84669,26.043,30.986,22.186,73.714,55.5,23.714,23.943,79.143,67.7,123.2,192.8,1,0,Detected in the past 2 weeks,1,1
10469,Bronx,Baychester,2026,2026-08-10,32,-0.6631,-0.7485,summer,40.86851,-73.84669,25.1,30.143,20.857,64.571,21.9,26.043,23.714,73.714,55.5,77.4,198.7,1,1,Detected in the past 2 weeks,1,1
10469,Bronx,Baychester,2026,2026-08-17,33,-0.7485,-0.6631,summer,40.86851,-73.84669,23.48,27.98,19.8,77.8,37.3,25.1,26.043,64.571,21.9,59.2,180.9,1,2,Detected in the past 2 weeks,1,1
10470,Bronx,,2026,2026-06-01,22,0.4647,-0.8855,summer,40.88953,-73.87259,22.543,28.6,16.729,47.143,8.5,19.314,20.043,57.571,5.9,14.4,112.3,0,0,Not detected,0,0
10470,Bronx,,2026,2026-06-08,23,0.3546,-0.935,summer,40.88953,-73.87259,24.7,30.014,20.3,57.857,14.6,22.543,19.314,47.143,8.5,23.1,148.4,0,0,Not detected,0,0
10470,Bronx,,2026,2026-06-15,24,0.2393,-0.9709,summer,40.88953,-73.87259,22.886,27.486,18.171,52.0,18.8,24.7,22.543,57.857,14.6,33.4,173.8,0,0,Not detected,0,0
10470,Bronx,,2026,2026-06-22,25,0.1205,-0.9927,summer,40.88953,-73.87259,22.186,25.686,19.043,74.429,44.9,22.886,24.7,52.0,18.8,63.7,168.0,0,0,Not detected,0,0
10470,Bronx,,2026,2026-06-29,26,-0.0,-1.0,summer,40.88953,-73.87259,28.5,34.114,23.6,62.286,43.5,22.186,22.886,74.429,44.9,88.4,193.8,0,0,Not detected,0,0
10470,Bronx,,2026,2026-07-06,27,-0.1205,-0.9927,summer,40.88953,-73.87259,22.943,26.614,19.986,79.857,83.8,28.5,22.186,62.286,43.5,127.3,194.1,0,0,Not detected,0,0
10470,Bronx,,2026,2026-07-13,28,-0.2393,-0.9709,summer,40.88953,-73.87259,26.086,30.671,21.971,59.0,41.7,22.943,28.5,79.857,83.8,125.5,217.8,0,0,Not detected,0,0
10470,Bronx,,2026,2026-07-20,29,-0.3546,-0.935,summer,40.88953,-73.87259,23.943,29.029,19.143,54.571,10.4,26.086,22.943,59.0,41.7,52.1,190.6,0,0,Not detected,0,0
10470,Bronx,,2026,2026-07-27,30,-0.4647,-0.8855,summer,40.88953,-73.87259,23.714,27.986,20.757,79.143,67.7,23.943,26.086,54.571,10.4,78.1,191.6,0,0,Not detected,0,0
10470,Bronx,,2026,2026-08-03,31,-0.5681,-0.823,summer,40.88953,-73.87259,26.043,30.986,22.186,73.714,55.5,23.714,23.943,79.143,67.7,123.2,192.8,0,0,Not detected,0,0
10470,Bronx,,2026,2026-08-10,32,-0.6631,-0.7485,summer,40.88953,-73.87259,25.1,30.143,20.857,64.571,21.9,26.043,23.714,73.714,55.5,77.4,198.7,0,0,Not detected,0,0
10470,Bronx,,2026,2026-08-17,33,-0.7485,-0.6631,summer,40.88953,-73.87259,23.48,27.98,19.8,77.8,37.3,25.1,26.043,64.571,21.9,59.2,180.9,0,0,Not detected,0,0
10471,Bronx,"North Riverdale, Fieldston",2026,2026-06-01,22,0.4647,-0.8855,summer,40.89998,-73.90675,22.543,28.6,16.729,47.143,8.5,19.314,20.043,57.571,5.9,14.4,112.3,0,0,Detected in the past 2 weeks,0,0
10471,Bronx,"North Riverdale, Fieldston",2026,2026-06-08,23,0.3546,-0.935,summer,40.89998,-73.90675,24.7,30.014,20.3,57.857,14.6,22.543,19.314,47.143,8.5,23.1,148.4,0,0,Detected in the past 2 weeks,0,0
10471,Bronx,"North Riverdale, Fieldston",2026,2026-06-15,24,0.2393,-0.9709,summer,40.89998,-73.90675,22.886,27.486,18.171,52.0,18.8,24.7,22.543,57.857,14.6,33.4,173.8,0,0,Detected in the past 2 weeks,0,0
10471,Bronx,"North Riverdale, Fieldston",2026,2026-06-22,25,0.1205,-0.9927,summer,40.89998,-73.90675,22.186,25.686,19.043,74.429,44.9,22.886,24.7,52.0,18.8,63.7,168.0,0,0,Detected in the past 2 weeks,0,0
10471,Bronx,"North Riverdale, Fieldston",2026,2026-06-29,26,-0.0,-1.0,summer,40.89998,-73.90675,28.5,34.114,23.6,62.286,43.5,22.186,22.886,74.429,44.9,88.4,193.8,0,0,Detected in the past 2 weeks,0,0
10471,Bronx,"North Riverdale, Fieldston",2026,2026-07-06,27,-0.1205,-0.9927,summer,40.89998,-73.90675,22.943,26.614,19.986,79.857,83.8,28.5,22.186,62.286,43.5,127.3,194.1,0,0,Detected in the past 2 weeks,1,1
10471,Bronx,"North Riverdale, Fieldston",2026,2026-07-13,28,-0.2393,-0.9709,summer,40.89998,-73.90675,26.086,30.671,21.971,59.0,41.7,22.943,28.5,79.857,83.8,125.5,217.8,1,0,Detected in the past 2 weeks,0,0
10471,Bronx,"North Riverdale, Fieldston",2026,2026-07-20,29,-0.3546,-0.935,summer,40.89998,-73.90675,23.943,29.029,19.143,54.571,10.4,26.086,22.943,59.0,41.7,52.1,190.6,0,1,Detected in the past 2 weeks,0,0
10471,Bronx,"North Riverdale, Fieldston",2026,2026-07-27,30,-0.4647,-0.8855,summer,40.89998,-73.90675,23.714,27.986,20.757,79.143,67.7,23.943,26.086,54.571,10.4,78.1,191.6,0,1,Detected in the past 2 weeks,0,0
10471,Bronx,"North Riverdale, Fieldston",2026,2026-08-03,31,-0.5681,-0.823,summer,40.89998,-73.90675,26.043,30.986,22.186,73.714,55.5,23.714,23.943,79.143,67.7,123.2,192.8,0,1,Detected in the past 2 weeks,2,1
10471,Bronx,"North Riverdale, Fieldston",2026,2026-08-10,32,-0.6631,-0.7485,summer,40.89998,-73.90675,25.1,30.143,20.857,64.571,21.9,26.043,23.714,73.714,55.5,77.4,198.7,2,0,Detected in the past 2 weeks,1,1
10471,Bronx,"North Riverdale, Fieldston",2026,2026-08-17,33,-0.7485,-0.6631,summer,40.89998,-73.90675,23.48,27.98,19.8,77.8,37.3,25.1,26.043,64.571,21.9,59.2,180.9,1,2,Detected in the past 2 weeks,1,1
10472,Bronx,,2026,2026-06-01,22,0.4647,-0.8855,summer,40.82968,-73.86937,22.786,29.029,16.843,46.143,8.5,19.457,20.257,57.857,5.0,13.5,116.2,0,0,Not detected,0,0
10472,Bronx,,2026,2026-06-08,23,0.3546,-0.935,summer,40.82968,-73.86937,25.071,30.514,20.571,55.714,12.8,22.786,19.457,46.143,8.5,21.3,153.7,0,0,Not detected,0,0
10472,Bronx,,2026,2026-06-15,24,0.2393,-0.9709,summer,40.82968,-73.86937,23.214,27.871,18.457,51.714,19.2,25.071,22.786,55.714,12.8,32.0,179.8,0,0,Not detected,0,0
10472,Bronx,,2026,2026-06-22,25,0.1205,-0.9927,summer,40.82968,-73.86937,22.471,25.957,19.329,74.429,56.4,23.214,25.071,51.714,19.2,75.6,174.9,0,0,Not detected,0,0
10472,Bronx,,2026,2026-06-29,26,-0.0,-1.0,summer,40.82968,-73.86937,28.743,34.329,23.8,61.857,44.1,22.471,23.214,74.429,56.4,100.5,199.6,0,0,Not detected,0,0
10472,Bronx,,2026,2026-07-06,27,-0.1205,-0.9927,summer,40.82968,-73.86937,23.143,26.914,20.043,79.571,86.3,28.743,22.471,61.857,44.1,130.4,198.5,0,0,Not detected,0,0
10472,Bronx,,2026,2026-07-13,28,-0.2393,-0.9709,summer,40.82968,-73.86937,26.343,31.0,22.214,58.714,48.1,23.143,28.743,79.571,86.3,134.4,222.5,0,0,Not detected,0,0
10472,Bronx,,2026,2026-07-20,29,-0.3546,-0.935,summer,40.82968,-73.86937,23.871,28.914,19.186,57.143,12.4,26.343,23.143,58.714,48.1,60.5,193.1,0,0,Not detected,0,0
10472,Bronx,,2026,2026-07-27,30,-0.4647,-0.8855,summer,40.82968,-73.86937,23.871,28.029,20.857,78.714,69.5,23.871,26.343,57.143,12.4,81.9,193.9,0,0,Not detected,0,0
10472,Bronx,,2026,2026-08-03,31,-0.5681,-0.823,summer,40.82968,-73.86937,26.3,31.114,22.357,73.143,48.3,23.871,23.871,78.714,69.5,117.8,195.2,0,0,Not detected,0,0
10472,Bronx,,2026,2026-08-10,32,-0.6631,-0.7485,summer,40.82968,-73.86937,25.4,30.329,21.086,64.0,20.3,26.3,23.871,73.143,48.3,68.6,203.7,0,0,Not detected,0,0
10472,Bronx,,2026,2026-08-17,33,-0.7485,-0.6631,summer,40.82968,-73.86937,23.56,28.0,19.9,78.8,43.8,25.4,26.3,64.0,20.3,64.1,185.0,0,0,Not detected,0,0
10473,Bronx,"Clason Point, Harding Park, Castle Hill, Soundview",2026,2026-06-01,22,0.4647,-0.8855,summer,40.81869,-73.85847,22.786,29.029,16.843,46.143,8.5,19.457,20.257,57.857,5.0,13.5,116.2,0,0,Detected in the past 2 weeks,0,0
10473,Bronx,"Clason Point, Harding Park, Castle Hill, Soundview",2026,2026-06-08,23,0.3546,-0.935,summer,40.81869,-73.85847,25.071,30.514,20.571,55.714,12.8,22.786,19.457,46.143,8.5,21.3,153.7,0,0,Detected in the past 2 weeks,0,0
10473,Bronx,"Clason Point, Harding Park, Castle Hill, Soundview",2026,2026-06-15,24,0.2393,-0.9709,summer,40.81869,-73.85847,23.214,27.871,18.457,51.714,19.2,25.071,22.786,55.714,12.8,32.0,179.8,0,0,Detected in the past 2 weeks,0,0
10473,Bronx,"Clason Point, Harding Park, Castle Hill, Soundview",2026,2026-06-22,25,0.1205,-0.9927,summer,40.81869,-73.85847,22.471,25.957,19.329,74.429,56.4,23.214,25.071,51.714,19.2,75.6,174.9,0,0,Detected in the past 2 weeks,0,0
10473,Bronx,"Clason Point, Harding Park, Castle Hill, Soundview",2026,2026-06-29,26,-0.0,-1.0,summer,40.81869,-73.85847,28.743,34.329,23.8,61.857,44.1,22.471,23.214,74.429,56.4,100.5,199.6,0,0,Detected in the past 2 weeks,0,0
10473,Bronx,"Clason Point, Harding Park, Castle Hill, Soundview",2026,2026-07-06,27,-0.1205,-0.9927,summer,40.81869,-73.85847,23.143,26.914,20.043,79.571,86.3,28.743,22.471,61.857,44.1,130.4,198.5,0,0,Detected in the past 2 weeks,0,0
10473,Bronx,"Clason Point, Harding Park, Castle Hill, Soundview",2026,2026-07-13,28,-0.2393,-0.9709,summer,40.81869,-73.85847,26.343,31.0,22.214,58.714,48.1,23.143,28.743,79.571,86.3,134.4,222.5,0,0,Detected in the past 2 weeks,1,1
10473,Bronx,"Clason Point, Harding Park, Castle Hill, Soundview",2026,2026-07-20,29,-0.3546,-0.935,summer,40.81869,-73.85847,23.871,28.914,19.186,57.143,12.4,26.343,23.143,58.714,48.1,60.5,193.1,1,0,Detected in the past 2 weeks,1,1
10473,Bronx,"Clason Point, Harding Park, Castle Hill, Soundview",2026,2026-07-27,30,-0.4647,-0.8855,summer,40.81869,-73.85847,23.871,28.029,20.857,78.714,69.5,23.871,26.343,57.143,12.4,81.9,193.9,1,1,Detected in the past 2 weeks,1,1
10473,Bronx,"Clason Point, Harding Park, Castle Hill, Soundview",2026,2026-08-03,31,-0.5681,-0.823,summer,40.81869,-73.85847,26.3,31.114,22.357,73.143,48.3,23.871,23.871,78.714,69.5,117.8,195.2,1,2,Detected in the past 2 weeks,1,1
10473,Bronx,"Clason Point, Harding Park, Castle Hill, Soundview",2026,2026-08-10,32,-0.6631,-0.7485,summer,40.81869,-73.85847,25.4,30.329,21.086,64.0,20.3,26.3,23.871,73.143,48.3,68.6,203.7,1,3,Detected in the past 2 weeks,1,1
10473,Bronx,"Clason Point, Harding Park, Castle Hill, Soundview",2026,2026-08-17,33,-0.7485,-0.6631,summer,40.81869,-73.85847,23.56,28.0,19.9,78.8,43.8,25.4,26.3,64.0,20.3,64.1,185.0,1,3,Detected in the past 2 weeks,1,1
10474,Bronx,Hunts Point,2026,2026-06-01,22,0.4647,-0.8855,summer,40.81134,-73.88517,22.786,29.029,16.843,46.143,8.5,19.457,20.257,57.857,5.0,13.5,116.2,0,0,Detected in the past 2 weeks,0,0
10474,Bronx,Hunts Point,2026,2026-06-08,23,0.3546,-0.935,summer,40.81134,-73.88517,25.071,30.514,20.571,55.714,12.8,22.786,19.457,46.143,8.5,21.3,153.7,0,0,Detected in the past 2 weeks,0,0
10474,Bronx,Hunts Point,2026,2026-06-15,24,0.2393,-0.9709,summer,40.81134,-73.88517,23.214,27.871,18.457,51.714,19.2,25.071,22.786,55.714,12.8,32.0,179.8,0,0,Detected in the past 2 weeks,0,0
10474,Bronx,Hunts Point,2026,2026-06-22,25,0.1205,-0.9927,summer,40.81134,-73.88517,22.471,25.957,19.329,74.429,56.4,23.214,25.071,51.714,19.2,75.6,174.9,0,0,Detected in the past 2 weeks,0,0
10474,Bronx,Hunts Point,2026,2026-06-29,26,-0.0,-1.0,summer,40.81134,-73.88517,28.743,34.329,23.8,61.857,44.1,22.471,23.214,74.429,56.4,100.5,199.6,0,0,Detected in the past 2 weeks,0,0
10474,Bronx,Hunts Point,2026,2026-07-06,27,-0.1205,-0.9927,summer,40.81134,-73.88517,23.143,26.914,20.043,79.571,86.3,28.743,22.471,61.857,44.1,130.4,198.5,0,0,Detected in the past 2 weeks,0,0
10474,Bronx,Hunts Point,2026,2026-07-13,28,-0.2393,-0.9709,summer,40.81134,-73.88517,26.343,31.0,22.214,58.714,48.1,23.143,28.743,79.571,86.3,134.4,222.5,0,0,Detected in the past 2 weeks,0,0
10474,Bronx,Hunts Point,2026,2026-07-20,29,-0.3546,-0.935,summer,40.81134,-73.88517,23.871,28.914,19.186,57.143,12.4,26.343,23.143,58.714,48.1,60.5,193.1,0,0,Detected in the past 2 weeks,0,0
10474,Bronx,Hunts Point,2026,2026-07-27,30,-0.4647,-0.8855,summer,40.81134,-73.88517,23.871,28.029,20.857,78.714,69.5,23.871,26.343,57.143,12.4,81.9,193.9,0,0,Detected in the past 2 weeks,1,1
10474,Bronx,Hunts Point,2026,2026-08-03,31,-0.5681,-0.823,summer,40.81134,-73.88517,26.3,31.114,22.357,73.143,48.3,23.871,23.871,78.714,69.5,117.8,195.2,1,0,Detected in the past 2 weeks,1,1
10474,Bronx,Hunts Point,2026,2026-08-10,32,-0.6631,-0.7485,summer,40.81134,-73.88517,25.4,30.329,21.086,64.0,20.3,26.3,23.871,73.143,48.3,68.6,203.7,1,1,Detected in the past 2 weeks,1,1
10474,Bronx,Hunts Point,2026,2026-08-17,33,-0.7485,-0.6631,summer,40.81134,-73.88517,23.56,28.0,19.9,78.8,43.8,25.4,26.3,64.0,20.3,64.1,185.0,1,2,Detected in the past 2 weeks,0,0
10475,Bronx,Co-op City,2026,2026-06-01,22,0.4647,-0.8855,summer,40.87564,-73.82693,22.543,28.6,16.729,47.143,8.5,19.314,20.043,57.571,5.9,14.4,112.3,0,0,Detected in the past 2 weeks,0,0
10475,Bronx,Co-op City,2026,2026-06-08,23,0.3546,-0.935,summer,40.87564,-73.82693,24.7,30.014,20.3,57.857,14.6,22.543,19.314,47.143,8.5,23.1,148.4,0,0,Detected in the past 2 weeks,0,0
10475,Bronx,Co-op City,2026,2026-06-15,24,0.2393,-0.9709,summer,40.87564,-73.82693,22.886,27.486,18.171,52.0,18.8,24.7,22.543,57.857,14.6,33.4,173.8,0,0,Detected in the past 2 weeks,0,0
10475,Bronx,Co-op City,2026,2026-06-22,25,0.1205,-0.9927,summer,40.87564,-73.82693,22.186,25.686,19.043,74.429,44.9,22.886,24.7,52.0,18.8,63.7,168.0,0,0,Detected in the past 2 weeks,0,0
10475,Bronx,Co-op City,2026,2026-06-29,26,-0.0,-1.0,summer,40.87564,-73.82693,28.5,34.114,23.6,62.286,43.5,22.186,22.886,74.429,44.9,88.4,193.8,0,0,Detected in the past 2 weeks,0,0
10475,Bronx,Co-op City,2026,2026-07-06,27,-0.1205,-0.9927,summer,40.87564,-73.82693,22.943,26.614,19.986,79.857,83.8,28.5,22.186,62.286,43.5,127.3,194.1,0,0,Detected in the past 2 weeks,0,0
10475,Bronx,Co-op City,2026,2026-07-13,28,-0.2393,-0.9709,summer,40.87564,-73.82693,26.086,30.671,21.971,59.0,41.7,22.943,28.5,79.857,83.8,125.5,217.8,0,0,Detected in the past 2 weeks,0,0
10475,Bronx,Co-op City,2026,2026-07-20,29,-0.3546,-0.935,summer,40.87564,-73.82693,23.943,29.029,19.143,54.571,10.4,26.086,22.943,59.0,41.7,52.1,190.6,0,0,Detected in the past 2 weeks,0,0
10475,Bronx,Co-op City,2026,2026-07-27,30,-0.4647,-0.8855,summer,40.87564,-73.82693,23.714,27.986,20.757,79.143,67.7,23.943,26.086,54.571,10.4,78.1,191.6,0,0,Detected in the past 2 weeks,0,0
10475,Bronx,Co-op City,2026,2026-08-03,31,-0.5681,-0.823,summer,40.87564,-73.82693,26.043,30.986,22.186,73.714,55.5,23.714,23.943,79.143,67.7,123.2,192.8,0,0,Detected in the past 2 weeks,1,1
10475,Bronx,Co-op City,2026,2026-08-10,32,-0.6631,-0.7485,summer,40.87564,-73.82693,25.1,30.143,20.857,64.571,21.9,26.043,23.714,73.714,55.5,77.4,198.7,1,0,Detected in the past 2 weeks,1,1
10475,Bronx,Co-op City,2026,2026-08-17,33,-0.7485,-0.6631,summer,40.87564,-73.82693,23.48,27.98,19.8,77.8,37.3,25.1,26.043,64.571,21.9,59.2,180.9,1,1,Detected in the past 2 weeks,0,0
11001,Queens,,2026,2026-06-01,22,0.4647,-0.8855,summer,40.72332,-73.70495,21.443,28.057,15.714,52.571,7.5,18.2,18.786,65.429,4.2,11.7,92.4,0,0,Not detected,0,0
11001,Queens,,2026,2026-06-08,23,0.3546,-0.935,summer,40.72332,-73.70495,23.629,28.829,19.786,63.143,11.3,21.443,18.2,52.571,7.5,18.8,126.5,0,0,Not detected,0,0
11001,Queens,,2026,2026-06-15,24,0.2393,-0.9709,summer,40.72332,-73.70495,22.9,27.571,18.157,52.857,17.6,23.629,21.443,63.143,11.3,28.9,159.1,0,0,Not detected,0,0
11001,Queens,,2026,2026-06-22,25,0.1205,-0.9927,summer,40.72332,-73.70495,22.214,26.186,18.743,76.571,78.1,22.9,23.629,52.857,17.6,95.7,162.2,0,0,Not detected,0,0
11001,Queens,,2026,2026-06-29,26,-0.0,-1.0,summer,40.72332,-73.70495,28.143,33.9,23.657,63.286,37.9,22.214,22.9,76.571,78.1,116.0,191.3,0,0,Not detected,0,0
11001,Queens,,2026,2026-07-06,27,-0.1205,-0.9927,summer,40.72332,-73.70495,22.929,26.643,19.629,78.714,61.7,28.143,22.214,63.286,37.9,99.6,191.6,0,0,Not detected,0,0
11001,Queens,,2026,2026-07-13,28,-0.2393,-0.9709,summer,40.72332,-73.70495,26.2,30.929,22.257,59.571,32.3,22.929,28.143,78.714,61.7,94.0,216.6,0,0,Not detected,0,0
11001,Queens,,2026,2026-07-20,29,-0.3546,-0.935,summer,40.72332,-73.70495,23.657,28.571,18.986,56.429,26.1,26.2,22.929,59.571,32.3,58.4,189.6,0,0,Not detected,0,0
11001,Queens,,2026,2026-07-27,30,-0.4647,-0.8855,summer,40.72332,-73.70495,23.6,27.429,20.629,80.857,47.7,23.657,26.2,56.429,26.1,73.8,189.5,0,0,Not detected,0,0
11001,Queens,,2026,2026-08-03,31,-0.5681,-0.823,summer,40.72332,-73.70495,25.971,30.571,22.214,75.429,49.0,23.6,23.657,80.857,47.7,96.7,190.0,0,0,Not detected,0,0
11001,Queens,,2026,2026-08-10,32,-0.6631,-0.7485,summer,40.72332,-73.70495,25.371,30.229,20.671,63.571,29.7,25.971,23.6,75.429,49.0,78.7,200.3,0,0,Not detected,0,0
11001,Queens,,2026,2026-08-17,33,-0.7485,-0.6631,summer,40.72332,-73.70495,23.28,27.5,19.76,81.2,74.1,25.371,25.971,63.571,29.7,103.8,181.5,0,0,Not detected,0,0
11004,Queens,Floral Park,2026,2026-06-01,22,0.4647,-0.8855,summer,40.74619,-73.71151,21.443,28.057,15.714,52.571,7.5,18.2,18.786,65.429,4.2,11.7,92.4,0,0,Detected earlier this season,0,0
11004,Queens,Floral Park,2026,2026-06-08,23,0.3546,-0.935,summer,40.74619,-73.71151,23.629,28.829,19.786,63.143,11.3,21.443,18.2,52.571,7.5,18.8,126.5,0,0,Detected earlier this season,0,0
11004,Queens,Floral Park,2026,2026-06-15,24,0.2393,-0.9709,summer,40.74619,-73.71151,22.9,27.571,18.157,52.857,17.6,23.629,21.443,63.143,11.3,28.9,159.1,0,0,Detected earlier this season,0,0
11004,Queens,Floral Park,2026,2026-06-22,25,0.1205,-0.9927,summer,40.74619,-73.71151,22.214,26.186,18.743,76.571,78.1,22.9,23.629,52.857,17.6,95.7,162.2,0,0,Detected earlier this season,0,0
11004,Queens,Floral Park,2026,2026-06-29,26,-0.0,-1.0,summer,40.74619,-73.71151,28.143,33.9,23.657,63.286,37.9,22.214,22.9,76.571,78.1,116.0,191.3,0,0,Detected earlier this season,0,0
11004,Queens,Floral Park,2026,2026-07-06,27,-0.1205,-0.9927,summer,40.74619,-73.71151,22.929,26.643,19.629,78.714,61.7,28.143,22.214,63.286,37.9,99.6,191.6,0,0,Detected earlier this season,0,0
11004,Queens,Floral Park,2026,2026-07-13,28,-0.2393,-0.9709,summer,40.74619,-73.71151,26.2,30.929,22.257,59.571,32.3,22.929,28.143,78.714,61.7,94.0,216.6,0,0,Detected earlier this season,0,0
11004,Queens,Floral Park,2026,2026-07-20,29,-0.3546,-0.935,summer,40.74619,-73.71151,23.657,28.571,18.986,56.429,26.1,26.2,22.929,59.571,32.3,58.4,189.6,0,0,Detected earlier this season,1,1
11004,Queens,Floral Park,2026,2026-07-27,30,-0.4647,-0.8855,summer,40.74619,-73.71151,23.6,27.429,20.629,80.857,47.7,23.657,26.2,56.429,26.1,73.8,189.5,1,0,Detected earlier this season,0,0
11004,Queens,Floral Park,2026,2026-08-03,31,-0.5681,-0.823,summer,40.74619,-73.71151,25.971,30.571,22.214,75.429,49.0,23.6,23.657,80.857,47.7,96.7,190.0,0,1,Detected earlier this season,0,0
11004,Queens,Floral Park,2026,2026-08-10,32,-0.6631,-0.7485,summer,40.74619,-73.71151,25.371,30.229,20.671,63.571,29.7,25.971,23.6,75.429,49.0,78.7,200.3,0,1,Detected earlier this season,0,0
11004,Queens,Floral Park,2026,2026-08-17,33,-0.7485,-0.6631,summer,40.74619,-73.71151,23.28,27.5,19.76,81.2,74.1,25.371,25.971,63.571,29.7,103.8,181.5,0,1,Detected earlier this season,0,0
11005,Queens,Little Neck,2026,2026-06-01,22,0.4647,-0.8855,summer,40.75664,-73.71424,21.443,28.057,15.714,52.571,7.5,18.2,18.786,65.429,4.2,11.7,92.4,0,0,Detected earlier this season,0,0
11005,Queens,Little Neck,2026,2026-06-08,23,0.3546,-0.935,summer,40.75664,-73.71424,23.629,28.829,19.786,63.143,11.3,21.443,18.2,52.571,7.5,18.8,126.5,0,0,Detected earlier this season,0,0
11005,Queens,Little Neck,2026,2026-06-15,24,0.2393,-0.9709,summer,40.75664,-73.71424,22.9,27.571,18.157,52.857,17.6,23.629,21.443,63.143,11.3,28.9,159.1,0,0,Detected earlier this season,0,0
11005,Queens,Little Neck,2026,2026-06-22,25,0.1205,-0.9927,summer,40.75664,-73.71424,22.214,26.186,18.743,76.571,78.1,22.9,23.629,52.857,17.6,95.7,162.2,0,0,Detected earlier this season,0,0
11005,Queens,Little Neck,2026,2026-06-29,26,-0.0,-1.0,summer,40.75664,-73.71424,28.143,33.9,23.657,63.286,37.9,22.214,22.9,76.571,78.1,116.0,191.3,0,0,Detected earlier this season,0,0
11005,Queens,Little Neck,2026,2026-07-06,27,-0.1205,-0.9927,summer,40.75664,-73.71424,22.929,26.643,19.629,78.714,61.7,28.143,22.214,63.286,37.9,99.6,191.6,0,0,Detected earlier this season,0,0
11005,Queens,Little Neck,2026,2026-07-13,28,-0.2393,-0.9709,summer,40.75664,-73.71424,26.2,30.929,22.257,59.571,32.3,22.929,28.143,78.714,61.7,94.0,216.6,0,0,Detected earlier this season,1,1
11005,Queens,Little Neck,2026,2026-07-20,29,-0.3546,-0.935,summer,40.75664,-73.71424,23.657,28.571,18.986,56.429,26.1,26.2,22.929,59.571,32.3,58.4,189.6,1,0,Detected earlier this season,1,1
11005,Queens,Little Neck,2026,2026-07-27,30,-0.4647,-0.8855,summer,40.75664,-73.71424,23.6,27.429,20.629,80.857,47.7,23.657,26.2,56.429,26.1,73.8,189.5,1,1,Detected earlier this season,0,0
11005,Queens,Little Neck,2026,2026-08-03,31,-0.5681,-0.823,summer,40.75664,-73.71424,25.971,30.571,22.214,75.429,49.0,23.6,23.657,80.857,47.7,96.7,190.0,0,2,Detected earlier this season,0,0
11005,Queens,Little Neck,2026,2026-08-10,32,-0.6631,-0.7485,summer,40.75664,-73.71424,25.371,30.229,20.671,63.571,29.7,25.971,23.6,75.429,49.0,78.7,200.3,0,2,Detected earlier this season,0,0
11005,Queens,Little Neck,2026,2026-08-17,33,-0.7485,-0.6631,summer,40.75664,-73.71424,23.28,27.5,19.76,81.2,74.1,25.371,25.971,63.571,29.7,103.8,181.5,0,1,Detected earlier this season,0,0
11040,Queens,,2026,2026-06-01,22,0.4647,-0.8855,summer,40.74535,-73.68029,21.443,28.057,15.714,52.571,7.5,18.2,18.786,65.429,4.2,11.7,92.4,0,0,Not detected,0,0
11040,Queens,,2026,2026-06-08,23,0.3546,-0.935,summer,40.74535,-73.68029,23.629,28.829,19.786,63.143,11.3,21.443,18.2,52.571,7.5,18.8,126.5,0,0,Not detected,0,0
11040,Queens,,2026,2026-06-15,24,0.2393,-0.9709,summer,40.74535,-73.68029,22.9,27.571,18.157,52.857,17.6,23.629,21.443,63.143,11.3,28.9,159.1,0,0,Not detected,0,0
11040,Queens,,2026,2026-06-22,25,0.1205,-0.9927,summer,40.74535,-73.68029,22.214,26.186,18.743,76.571,78.1,22.9,23.629,52.857,17.6,95.7,162.2,0,0,Not detected,0,0
11040,Queens,,2026,2026-06-29,26,-0.0,-1.0,summer,40.74535,-73.68029,28.143,33.9,23.657,63.286,37.9,22.214,22.9,76.571,78.1,116.0,191.3,0,0,Not detected,0,0
11040,Queens,,2026,2026-07-06,27,-0.1205,-0.9927,summer,40.74535,-73.68029,22.929,26.643,19.629,78.714,61.7,28.143,22.214,63.286,37.9,99.6,191.6,0,0,Not detected,0,0
11040,Queens,,2026,2026-07-13,28,-0.2393,-0.9709,summer,40.74535,-73.68029,26.2,30.929,22.257,59.571,32.3,22.929,28.143,78.714,61.7,94.0,216.6,0,0,Not detected,0,0
11040,Queens,,2026,2026-07-20,29,-0.3546,-0.935,summer,40.74535,-73.68029,23.657,28.571,18.986,56.429,26.1,26.2,22.929,59.571,32.3,58.4,189.6,0,0,Not detected,0,0
11040,Queens,,2026,2026-07-27,30,-0.4647,-0.8855,summer,40.74535,-73.68029,23.6,27.429,20.629,80.857,47.7,23.657,26.2,56.429,26.1,73.8,189.5,0,0,Not detected,0,0
11040,Queens,,2026,2026-08-03,31,-0.5681,-0.823,summer,40.74535,-73.68029,25.971,30.571,22.214,75.429,49.0,23.6,23.657,80.857,47.7,96.7,190.0,0,0,Not detected,0,0
11040,Queens,,2026,2026-08-10,32,-0.6631,-0.7485,summer,40.74535,-73.68029,25.371,30.229,20.671,63.571,29.7,25.971,23.6,75.429,49.0,78.7,200.3,0,0,Not detected,0,0
11040,Queens,,2026,2026-08-17,33,-0.7485,-0.6631,summer,40.74535,-73.68029,23.28,27.5,19.76,81.2,74.1,25.371,25.971,63.571,29.7,103.8,181.5,0,0,Not detected,0,0
11096,Queens,,2026,2026-06-01,22,0.4647,-0.8855,summer,40.62135,-73.75699,21.314,26.671,16.443,52.714,8.7,18.671,18.857,63.0,4.9,13.6,94.5,0,0,Not detected,0,0
11096,Queens,,2026,2026-06-08,23,0.3546,-0.935,summer,40.62135,-73.75699,23.529,27.086,20.257,63.571,8.5,21.314,18.671,52.714,8.7,17.2,127.6,0,0,Not detected,0,0
11096,Queens,,2026,2026-06-15,24,0.2393,-0.9709,summer,40.62135,-73.75699,22.943,27.086,18.714,53.571,17.3,23.529,21.314,63.571,8.5,25.8,157.4,0,0,Not detected,0,0
11096,Queens,,2026,2026-06-22,25,0.1205,-0.9927,summer,40.62135,-73.75699,22.157,25.329,19.329,77.714,63.0,22.943,23.529,53.571,17.3,80.3,161.3,0,0,Not detected,0,0
11096,Queens,,2026,2026-06-29,26,-0.0,-1.0,summer,40.62135,-73.75699,27.471,31.214,23.914,66.714,26.1,22.157,22.943,77.714,63.0,89.1,186.2,0,0,Not detected,0,0
11096,Queens,,2026,2026-07-06,27,-0.1205,-0.9927,summer,40.62135,-73.75699,23.186,26.343,20.143,78.0,69.0,27.471,22.157,66.714,26.1,95.1,188.1,0,0,Not detected,0,0
11096,Queens,,2026,2026-07-13,28,-0.2393,-0.9709,summer,40.62135,-73.75699,26.486,30.343,22.886,59.143,33.0,23.186,27.471,78.0,69.0,102.0,215.9,0,0,Not detected,0,0
11096,Queens,,2026,2026-07-20,29,-0.3546,-0.935,summer,40.62135,-73.75699,23.543,27.343,19.543,58.143,28.5,26.486,23.186,59.143,33.0,61.5,192.0,0,0,Not detected,0,0
11096,Queens,,2026,2026-07-27,30,-0.4647,-0.8855,summer,40.62135,-73.75699,23.757,26.871,21.171,80.857,51.6,23.543,26.486,58.143,28.5,80.1,192.1,0,0,Not detected,0,0
11096,Queens,,2026,2026-08-03,31,-0.5681,-0.823,summer,40.62135,-73.75699,26.157,29.657,22.8,75.0,41.3,23.757,23.543,80.857,51.6,92.9,191.6,0,0,Not detected,0,0
11096,Queens,,2026,2026-08-10,32,-0.6631,-0.7485,summer,40.62135,-73.75699,25.214,28.914,21.671,66.286,22.4,26.157,23.757,75.0,41.3,63.7,201.6,0,0,Not detected,0,0
11096,Queens,,2026,2026-08-17,33,-0.7485,-0.6631,summer,40.62135,-73.75699,23.58,27.24,20.32,81.0,74.3,25.214,26.157,66.286,22.4,96.7,182.9,0,0,Not detected,0,0
11101,Queens,"Blissville, Dutch Kills",2026,2026-06-01,22,0.4647,-0.8855,summer,40.74711,-73.93971,22.7,29.314,16.557,47.857,7.9,19.371,20.114,60.286,5.2,13.1,114.5,0,0,Detected in the past 2 weeks,0,0
11101,Queens,"Blissville, Dutch Kills",2026,2026-06-08,23,0.3546,-0.935,summer,40.74711,-73.93971,25.029,30.429,20.414,56.857,11.5,22.7,19.371,47.857,7.9,19.4,152.1,0,0,Detected in the past 2 weeks,0,0
11101,Queens,"Blissville, Dutch Kills",2026,2026-06-15,24,0.2393,-0.9709,summer,40.74711,-73.93971,23.329,28.214,18.443,52.429,18.4,25.029,22.7,56.857,11.5,29.9,179.4,0,0,Detected in the past 2 weeks,0,0
11101,Queens,"Blissville, Dutch Kills",2026,2026-06-22,25,0.1205,-0.9927,summer,40.74711,-73.93971,22.757,26.429,19.457,73.571,60.5,23.329,25.029,52.429,18.4,78.9,177.6,0,0,Detected in the past 2 weeks,0,0
11101,Queens,"Blissville, Dutch Kills",2026,2026-06-29,26,-0.0,-1.0,summer,40.74711,-73.93971,28.971,34.714,23.914,61.571,37.1,22.757,23.329,73.571,60.5,97.6,203.7,0,0,Detected in the past 2 weeks,0,0
11101,Queens,"Blissville, Dutch Kills",2026,2026-07-06,27,-0.1205,-0.9927,summer,40.74711,-73.93971,23.371,27.371,20.043,78.429,75.9,28.971,22.757,61.571,37.1,113.0,203.3,0,0,Detected in the past 2 weeks,1,1
11101,Queens,"Blissville, Dutch Kills",2026,2026-07-13,28,-0.2393,-0.9709,summer,40.74711,-73.93971,26.757,31.586,22.4,57.286,42.7,23.371,28.971,78.429,75.9,118.6,228.4,1,0,Detected in the past 2 weeks,1,1
11101,Queens,"Blissville, Dutch Kills",2026,2026-07-20,29,-0.3546,-0.935,summer,40.74711,-73.93971,23.814,29.043,19.1,58.286,17.0,26.757,23.371,57.286,42.7,59.7,197.1,1,1,Detected in the past 2 weeks,2,1
11101,Queens,"Blissville, Dutch Kills",2026,2026-07-27,30,-0.4647,-0.8855,summer,40.74711,-73.93971,23.971,28.114,20.871,78.857,73.1,23.814,26.757,58.286,17.0,90.1,196.5,2,2,Detected in the past 2 weeks,1,1
11101,Queens,"Blissville, Dutch Kills",2026,2026-08-03,31,-0.5681,-0.823,summer,40.74711,-73.93971,26.3,31.186,22.357,74.143,50.6,23.971,23.814,78.857,73.1,123.7,195.5,1,4,Detected in the past 2 weeks,1,1
11101,Queens,"Blissville, Dutch Kills",2026,2026-08-10,32,-0.6631,-0.7485,summer,40.74711,-73.93971,25.371,30.243,21.143,65.714,26.7,26.3,23.971,74.143,50.6,77.3,204.6,1,4,Detected in the past 2 weeks,1,1
11101,Queens,"Blissville, Dutch Kills",2026,2026-08-17,33,-0.7485,-0.6631,summer,40.74711,-73.93971,23.72,28.46,19.96,78.8,49.2,25.371,26.3,65.714,26.7,75.9,185.6,1,4,Detected in the past 2 weeks,0,0
11102,Queens,,2026,2026-06-01,22,0.4647,-0.8855,summer,40.7716,-73.9256,22.7,29.314,16.557,47.857,7.9,19.371,20.114,60.286,5.2,13.1,114.5,0,0,Not detected,0,0
11102,Queens,,2026,2026-06-08,23,0.3546,-0.935,summer,40.7716,-73.9256,25.029,30.429,20.414,56.857,11.5,22.7,19.371,47.857,7.9,19.4,152.1,0,0,Not detected,0,0
11102,Queens,,2026,2026-06-15,24,0.2393,-0.9709,summer,40.7716,-73.9256,23.329,28.214,18.443,52.429,18.4,25.029,22.7,56.857,11.5,29.9,179.4,0,0,Not detected,0,0
11102,Queens,,2026,2026-06-22,25,0.1205,-0.9927,summer,40.7716,-73.9256,22.757,26.429,19.457,73.571,60.5,23.329,25.029,52.429,18.4,78.9,177.6,0,0,Not detected,0,0
11102,Queens,,2026,2026-06-29,26,-0.0,-1.0,summer,40.7716,-73.9256,28.971,34.714,23.914,61.571,37.1,22.757,23.329,73.571,60.5,97.6,203.7,0,0,Not detected,0,0
11102,Queens,,2026,2026-07-06,27,-0.1205,-0.9927,summer,40.7716,-73.9256,23.371,27.371,20.043,78.429,75.9,28.971,22.757,61.571,37.1,113.0,203.3,0,0,Not detected,0,0
11102,Queens,,2026,2026-07-13,28,-0.2393,-0.9709,summer,40.7716,-73.9256,26.757,31.586,22.4,57.286,42.7,23.371,28.971,78.429,75.9,118.6,228.4,0,0,Not detected,0,0
11102,Queens,,2026,2026-07-20,29,-0.3546,-0.935,summer,40.7716,-73.9256,23.814,29.043,19.1,58.286,17.0,26.757,23.371,57.286,42.7,59.7,197.1,0,0,Not detected,0,0
11102,Queens,,2026,2026-07-27,30,-0.4647,-0.8855,summer,40.7716,-73.9256,23.971,28.114,20.871,78.857,73.1,23.814,26.757,58.286,17.0,90.1,196.5,0,0,Not detected,0,0
11102,Queens,,2026,2026-08-03,31,-0.5681,-0.823,summer,40.7716,-73.9256,26.3,31.186,22.357,74.143,50.6,23.971,23.814,78.857,73.1,123.7,195.5,0,0,Not detected,0,0
11102,Queens,,2026,2026-08-10,32,-0.6631,-0.7485,summer,40.7716,-73.9256,25.371,30.243,21.143,65.714,26.7,26.3,23.971,74.143,50.6,77.3,204.6,0,0,Not detected,0,0
11102,Queens,,2026,2026-08-17,33,-0.7485,-0.6631,summer,40.7716,-73.9256,23.72,28.46,19.96,78.8,49.2,25.371,26.3,65.714,26.7,75.9,185.6,0,0,Not detected,0,0
11103,Queens,,2026,2026-06-01,22,0.4647,-0.8855,summer,40.7626,-73.91328,22.7,29.314,16.557,47.857,7.9,19.371,20.114,60.286,5.2,13.1,114.5,0,0,Not detected,0,0
11103,Queens,,2026,2026-06-08,23,0.3546,-0.935,summer,40.7626,-73.91328,25.029,30.429,20.414,56.857,11.5,22.7,19.371,47.857,7.9,19.4,152.1,0,0,Not detected,0,0
11103,Queens,,2026,2026-06-15,24,0.2393,-0.9709,summer,40.7626,-73.91328,23.329,28.214,18.443,52.429,18.4,25.029,22.7,56.857,11.5,29.9,179.4,0,0,Not detected,0,0
11103,Queens,,2026,2026-06-22,25,0.1205,-0.9927,summer,40.7626,-73.91328,22.757,26.429,19.457,73.571,60.5,23.329,25.029,52.429,18.4,78.9,177.6,0,0,Not detected,0,0
11103,Queens,,2026,2026-06-29,26,-0.0,-1.0,summer,40.7626,-73.91328,28.971,34.714,23.914,61.571,37.1,22.757,23.329,73.571,60.5,97.6,203.7,0,0,Not detected,0,0
11103,Queens,,2026,2026-07-06,27,-0.1205,-0.9927,summer,40.7626,-73.91328,23.371,27.371,20.043,78.429,75.9,28.971,22.757,61.571,37.1,113.0,203.3,0,0,Not detected,0,0
11103,Queens,,2026,2026-07-13,28,-0.2393,-0.9709,summer,40.7626,-73.91328,26.757,31.586,22.4,57.286,42.7,23.371,28.971,78.429,75.9,118.6,228.4,0,0,Not detected,0,0
11103,Queens,,2026,2026-07-20,29,-0.3546,-0.935,summer,40.7626,-73.91328,23.814,29.043,19.1,58.286,17.0,26.757,23.371,57.286,42.7,59.7,197.1,0,0,Not detected,0,0
11103,Queens,,2026,2026-07-27,30,-0.4647,-0.8855,summer,40.7626,-73.91328,23.971,28.114,20.871,78.857,73.1,23.814,26.757,58.286,17.0,90.1,196.5,0,0,Not detected,0,0
11103,Queens,,2026,2026-08-03,31,-0.5681,-0.823,summer,40.7626,-73.91328,26.3,31.186,22.357,74.143,50.6,23.971,23.814,78.857,73.1,123.7,195.5,0,0,Not detected,0,0
11103,Queens,,2026,2026-08-10,32,-0.6631,-0.7485,summer,40.7626,-73.91328,25.371,30.243,21.143,65.714,26.7,26.3,23.971,74.143,50.6,77.3,204.6,0,0,Not detected,0,0
11103,Queens,,2026,2026-08-17,33,-0.7485,-0.6631,summer,40.7626,-73.91328,23.72,28.46,19.96,78.8,49.2,25.371,26.3,65.714,26.7,75.9,185.6,0,0,Not detected,0,0
11104,Queens,,2026,2026-06-01,22,0.4647,-0.8855,summer,40.74484,-73.92047,22.7,29.314,16.557,47.857,7.9,19.371,20.114,60.286,5.2,13.1,114.5,0,0,Not detected,0,0
11104,Queens,,2026,2026-06-08,23,0.3546,-0.935,summer,40.74484,-73.92047,25.029,30.429,20.414,56.857,11.5,22.7,19.371,47.857,7.9,19.4,152.1,0,0,Not detected,0,0
11104,Queens,,2026,2026-06-15,24,0.2393,-0.9709,summer,40.74484,-73.92047,23.329,28.214,18.443,52.429,18.4,25.029,22.7,56.857,11.5,29.9,179.4,0,0,Not detected,0,0
11104,Queens,,2026,2026-06-22,25,0.1205,-0.9927,summer,40.74484,-73.92047,22.757,26.429,19.457,73.571,60.5,23.329,25.029,52.429,18.4,78.9,177.6,0,0,Not detected,0,0
11104,Queens,,2026,2026-06-29,26,-0.0,-1.0,summer,40.74484,-73.92047,28.971,34.714,23.914,61.571,37.1,22.757,23.329,73.571,60.5,97.6,203.7,0,0,Not detected,0,0
11104,Queens,,2026,2026-07-06,27,-0.1205,-0.9927,summer,40.74484,-73.92047,23.371,27.371,20.043,78.429,75.9,28.971,22.757,61.571,37.1,113.0,203.3,0,0,Not detected,0,0
11104,Queens,,2026,2026-07-13,28,-0.2393,-0.9709,summer,40.74484,-73.92047,26.757,31.586,22.4,57.286,42.7,23.371,28.971,78.429,75.9,118.6,228.4,0,0,Not detected,0,0
11104,Queens,,2026,2026-07-20,29,-0.3546,-0.935,summer,40.74484,-73.92047,23.814,29.043,19.1,58.286,17.0,26.757,23.371,57.286,42.7,59.7,197.1,0,0,Not detected,0,0
11104,Queens,,2026,2026-07-27,30,-0.4647,-0.8855,summer,40.74484,-73.92047,23.971,28.114,20.871,78.857,73.1,23.814,26.757,58.286,17.0,90.1,196.5,0,0,Not detected,0,0
11104,Queens,,2026,2026-08-03,31,-0.5681,-0.823,summer,40.74484,-73.92047,26.3,31.186,22.357,74.143,50.6,23.971,23.814,78.857,73.1,123.7,195.5,0,0,Not detected,0,0
11104,Queens,,2026,2026-08-10,32,-0.6631,-0.7485,summer,40.74484,-73.92047,25.371,30.243,21.143,65.714,26.7,26.3,23.971,74.143,50.6,77.3,204.6,0,0,Not detected,0,0
11104,Queens,,2026,2026-08-17,33,-0.7485,-0.6631,summer,40.74484,-73.92047,23.72,28.46,19.96,78.8,49.2,25.371,26.3,65.714,26.7,75.9,185.6,0,0,Not detected,0,0
11105,Queens,Steinway,2026,2026-06-01,22,0.4647,-0.8855,summer,40.77909,-73.90652,22.786,29.029,16.843,46.143,8.5,19.457,20.257,57.857,5.0,13.5,116.2,0,0,Detected in the past 2 weeks,0,0
11105,Queens,Steinway,2026,2026-06-08,23,0.3546,-0.935,summer,40.77909,-73.90652,25.071,30.514,20.571,55.714,12.8,22.786,19.457,46.143,8.5,21.3,153.7,0,0,Detected in the past 2 weeks,0,0
11105,Queens,Steinway,2026,2026-06-15,24,0.2393,-0.9709,summer,40.77909,-73.90652,23.214,27.871,18.457,51.714,19.2,25.071,22.786,55.714,12.8,32.0,179.8,0,0,Detected in the past 2 weeks,0,0
11105,Queens,Steinway,2026,2026-06-22,25,0.1205,-0.9927,summer,40.77909,-73.90652,22.471,25.957,19.329,74.429,56.4,23.214,25.071,51.714,19.2,75.6,174.9,0,0,Detected in the past 2 weeks,0,0
11105,Queens,Steinway,2026,2026-06-29,26,-0.0,-1.0,summer,40.77909,-73.90652,28.743,34.329,23.8,61.857,44.1,22.471,23.214,74.429,56.4,100.5,199.6,0,0,Detected in the past 2 weeks,0,0
11105,Queens,Steinway,2026,2026-07-06,27,-0.1205,-0.9927,summer,40.77909,-73.90652,23.143,26.914,20.043,79.571,86.3,28.743,22.471,61.857,44.1,130.4,198.5,0,0,Detected in the past 2 weeks,0,0
11105,Queens,Steinway,2026,2026-07-13,28,-0.2393,-0.9709,summer,40.77909,-73.90652,26.343,31.0,22.214,58.714,48.1,23.143,28.743,79.571,86.3,134.4,222.5,0,0,Detected in the past 2 weeks,0,0
11105,Queens,Steinway,2026,2026-07-20,29,-0.3546,-0.935,summer,40.77909,-73.90652,23.871,28.914,19.186,57.143,12.4,26.343,23.143,58.714,48.1,60.5,193.1,0,0,Detected in the past 2 weeks,0,0
11105,Queens,Steinway,2026,2026-07-27,30,-0.4647,-0.8855,summer,40.77909,-73.90652,23.871,28.029,20.857,78.714,69.5,23.871,26.343,57.143,12.4,81.9,193.9,0,0,Detected in the past 2 weeks,1,1
11105,Queens,Steinway,2026,2026-08-03,31,-0.5681,-0.823,summer,40.77909,-73.90652,26.3,31.114,22.357,73.143,48.3,23.871,23.871,78.714,69.5,117.8,195.2,1,0,Detected in the past 2 weeks,1,1
11105,Queens,Steinway,2026,2026-08-10,32,-0.6631,-0.7485,summer,40.77909,-73.90652,25.4,30.329,21.086,64.0,20.3,26.3,23.871,73.143,48.3,68.6,203.7,1,1,Detected in the past 2 weeks,1,1
11105,Queens,Steinway,2026,2026-08-17,33,-0.7485,-0.6631,summer,40.77909,-73.90652,23.56,28.0,19.9,78.8,43.8,25.4,26.3,64.0,20.3,64.1,185.0,1,2,Detected in the past 2 weeks,0,0
11106,Queens,,2026,2026-06-01,22,0.4647,-0.8855,summer,40.76221,-73.93153,22.7,29.314,16.557,47.857,7.9,19.371,20.114,60.286,5.2,13.1,114.5,0,0,Not detected,0,0
11106,Queens,,2026,2026-06-08,23,0.3546,-0.935,summer,40.76221,-73.93153,25.029,30.429,20.414,56.857,11.5,22.7,19.371,47.857,7.9,19.4,152.1,0,0,Not detected,0,0
11106,Queens,,2026,2026-06-15,24,0.2393,-0.9709,summer,40.76221,-73.93153,23.329,28.214,18.443,52.429,18.4,25.029,22.7,56.857,11.5,29.9,179.4,0,0,Not detected,0,0
11106,Queens,,2026,2026-06-22,25,0.1205,-0.9927,summer,40.76221,-73.93153,22.757,26.429,19.457,73.571,60.5,23.329,25.029,52.429,18.4,78.9,177.6,0,0,Not detected,0,0
11106,Queens,,2026,2026-06-29,26,-0.0,-1.0,summer,40.76221,-73.93153,28.971,34.714,23.914,61.571,37.1,22.757,23.329,73.571,60.5,97.6,203.7,0,0,Not detected,0,0
11106,Queens,,2026,2026-07-06,27,-0.1205,-0.9927,summer,40.76221,-73.93153,23.371,27.371,20.043,78.429,75.9,28.971,22.757,61.571,37.1,113.0,203.3,0,0,Not detected,0,0
11106,Queens,,2026,2026-07-13,28,-0.2393,-0.9709,summer,40.76221,-73.93153,26.757,31.586,22.4,57.286,42.7,23.371,28.971,78.429,75.9,118.6,228.4,0,0,Not detected,0,0
11106,Queens,,2026,2026-07-20,29,-0.3546,-0.935,summer,40.76221,-73.93153,23.814,29.043,19.1,58.286,17.0,26.757,23.371,57.286,42.7,59.7,197.1,0,0,Not detected,0,0
11106,Queens,,2026,2026-07-27,30,-0.4647,-0.8855,summer,40.76221,-73.93153,23.971,28.114,20.871,78.857,73.1,23.814,26.757,58.286,17.0,90.1,196.5,0,0,Not detected,0,0
11106,Queens,,2026,2026-08-03,31,-0.5681,-0.823,summer,40.76221,-73.93153,26.3,31.186,22.357,74.143,50.6,23.971,23.814,78.857,73.1,123.7,195.5,0,0,Not detected,0,0
11106,Queens,,2026,2026-08-10,32,-0.6631,-0.7485,summer,40.76221,-73.93153,25.371,30.243,21.143,65.714,26.7,26.3,23.971,74.143,50.6,77.3,204.6,0,0,Not detected,0,0
11106,Queens,,2026,2026-08-17,33,-0.7485,-0.6631,summer,40.76221,-73.93153,23.72,28.46,19.96,78.8,49.2,25.371,26.3,65.714,26.7,75.9,185.6,0,0,Not detected,0,0
11109,Queens,,2026,2026-06-01,22,0.4647,-0.8855,summer,40.74662,-73.95701,22.7,29.314,16.557,47.857,7.9,19.371,20.114,60.286,5.2,13.1,114.5,0,0,Not detected,0,0
11109,Queens,,2026,2026-06-08,23,0.3546,-0.935,summer,40.74662,-73.95701,25.029,30.429,20.414,56.857,11.5,22.7,19.371,47.857,7.9,19.4,152.1,0,0,Not detected,0,0
11109,Queens,,2026,2026-06-15,24,0.2393,-0.9709,summer,40.74662,-73.95701,23.329,28.214,18.443,52.429,18.4,25.029,22.7,56.857,11.5,29.9,179.4,0,0,Not detected,0,0
11109,Queens,,2026,2026-06-22,25,0.1205,-0.9927,summer,40.74662,-73.95701,22.757,26.429,19.457,73.571,60.5,23.329,25.029,52.429,18.4,78.9,177.6,0,0,Not detected,0,0
11109,Queens,,2026,2026-06-29,26,-0.0,-1.0,summer,40.74662,-73.95701,28.971,34.714,23.914,61.571,37.1,22.757,23.329,73.571,60.5,97.6,203.7,0,0,Not detected,0,0
11109,Queens,,2026,2026-07-06,27,-0.1205,-0.9927,summer,40.74662,-73.95701,23.371,27.371,20.043,78.429,75.9,28.971,22.757,61.571,37.1,113.0,203.3,0,0,Not detected,0,0
11109,Queens,,2026,2026-07-13,28,-0.2393,-0.9709,summer,40.74662,-73.95701,26.757,31.586,22.4,57.286,42.7,23.371,28.971,78.429,75.9,118.6,228.4,0,0,Not detected,0,0
11109,Queens,,2026,2026-07-20,29,-0.3546,-0.935,summer,40.74662,-73.95701,23.814,29.043,19.1,58.286,17.0,26.757,23.371,57.286,42.7,59.7,197.1,0,0,Not detected,0,0
11109,Queens,,2026,2026-07-27,30,-0.4647,-0.8855,summer,40.74662,-73.95701,23.971,28.114,20.871,78.857,73.1,23.814,26.757,58.286,17.0,90.1,196.5,0,0,Not detected,0,0
11109,Queens,,2026,2026-08-03,31,-0.5681,-0.823,summer,40.74662,-73.95701,26.3,31.186,22.357,74.143,50.6,23.971,23.814,78.857,73.1,123.7,195.5,0,0,Not detected,0,0
11109,Queens,,2026,2026-08-10,32,-0.6631,-0.7485,summer,40.74662,-73.95701,25.371,30.243,21.143,65.714,26.7,26.3,23.971,74.143,50.6,77.3,204.6,0,0,Not detected,0,0
11109,Queens,,2026,2026-08-17,33,-0.7485,-0.6631,summer,40.74662,-73.95701,23.72,28.46,19.96,78.8,49.2,25.371,26.3,65.714,26.7,75.9,185.6,0,0,Not detected,0,0
11201,Brooklyn,,2026,2026-06-01,22,0.4647,-0.8855,summer,40.6937,-73.98986,22.271,28.643,16.514,49.0,9.2,19.3,19.686,60.429,4.9,14.1,109.4,0,0,Not detected,0,0
11201,Brooklyn,,2026,2026-06-08,23,0.3546,-0.935,summer,40.6937,-73.98986,24.571,29.0,20.4,58.714,9.9,22.271,19.3,49.0,9.2,19.1,145.5,0,0,Not detected,0,0
11201,Brooklyn,,2026,2026-06-15,24,0.2393,-0.9709,summer,40.6937,-73.98986,23.214,27.743,18.529,52.714,18.5,24.571,22.271,58.714,9.9,28.4,172.7,0,0,Not detected,0,0
11201,Brooklyn,,2026,2026-06-22,25,0.1205,-0.9927,summer,40.6937,-73.98986,22.571,25.957,19.429,75.143,57.5,23.214,24.571,52.714,18.5,76.0,172.7,0,0,Not detected,0,0
11201,Brooklyn,,2026,2026-06-29,26,-0.0,-1.0,summer,40.6937,-73.98986,28.743,33.871,23.929,61.857,31.0,22.571,23.214,75.143,57.5,88.5,199.8,0,0,Not detected,0,0
11201,Brooklyn,,2026,2026-07-06,27,-0.1205,-0.9927,summer,40.6937,-73.98986,23.443,27.286,20.129,77.286,61.1,28.743,22.571,61.857,31.0,92.1,201.1,0,0,Not detected,0,0
11201,Brooklyn,,2026,2026-07-13,28,-0.2393,-0.9709,summer,40.6937,-73.98986,26.871,31.371,22.671,56.429,42.1,23.443,28.743,77.286,61.1,103.2,228.1,0,0,Not detected,0,0
11201,Brooklyn,,2026,2026-07-20,29,-0.3546,-0.935,summer,40.6937,-73.98986,23.657,28.329,19.114,57.857,25.3,26.871,23.443,56.429,42.1,67.4,197.2,0,0,Not detected,0,0
11201,Brooklyn,,2026,2026-07-27,30,-0.4647,-0.8855,summer,40.6937,-73.98986,23.871,27.557,21.014,79.429,68.5,23.657,26.871,57.857,25.3,93.8,195.7,0,0,Not detected,0,0
11201,Brooklyn,,2026,2026-08-03,31,-0.5681,-0.823,summer,40.6937,-73.98986,26.343,30.786,22.529,73.286,44.8,23.871,23.657,79.429,68.5,113.3,194.2,0,0,Not detected,0,0
11201,Brooklyn,,2026,2026-08-10,32,-0.6631,-0.7485,summer,40.6937,-73.98986,25.371,29.7,21.314,65.0,26.1,26.343,23.871,73.286,44.8,70.9,204.7,0,0,Not detected,0,0
11201,Brooklyn,,2026,2026-08-17,33,-0.7485,-0.6631,summer,40.6937,-73.98986,23.66,28.08,20.22,79.6,67.5,25.371,26.343,65.0,26.1,93.6,185.6,0,0,Not detected,0,0
11203,Brooklyn,Prospect Lefferts Gardens,2026,2026-06-01,22,0.4647,-0.8855,summer,40.64957,-73.93433,22.271,28.643,16.514,49.0,9.2,19.3,19.686,60.429,4.9,14.1,109.4,0,0,Detected in the past 2 weeks,0,0
11203,Brooklyn,Prospect Lefferts Gardens,2026,2026-06-08,23,0.3546,-0.935,summer,40.64957,-73.93433,24.571,29.0,20.4,58.714,9.9,22.271,19.3,49.0,9.2,19.1,145.5,0,0,Detected in the past 2 weeks,0,0
11203,Brooklyn,Prospect Lefferts Gardens,2026,2026-06-15,24,0.2393,-0.9709,summer,40.64957,-73.93433,23.214,27.743,18.529,52.714,18.5,24.571,22.271,58.714,9.9,28.4,172.7,0,0,Detected in the past 2 weeks,0,0
11203,Brooklyn,Prospect Lefferts Gardens,2026,2026-06-22,25,0.1205,-0.9927,summer,40.64957,-73.93433,22.571,25.957,19.429,75.143,57.5,23.214,24.571,52.714,18.5,76.0,172.7,0,0,Detected in the past 2 weeks,0,0
11203,Brooklyn,Prospect Lefferts Gardens,2026,2026-06-29,26,-0.0,-1.0,summer,40.64957,-73.93433,28.743,33.871,23.929,61.857,31.0,22.571,23.214,75.143,57.5,88.5,199.8,0,0,Detected in the past 2 weeks,0,0
11203,Brooklyn,Prospect Lefferts Gardens,2026,2026-07-06,27,-0.1205,-0.9927,summer,40.64957,-73.93433,23.443,27.286,20.129,77.286,61.1,28.743,22.571,61.857,31.0,92.1,201.1,0,0,Detected in the past 2 weeks,0,0
11203,Brooklyn,Prospect Lefferts Gardens,2026,2026-07-13,28,-0.2393,-0.9709,summer,40.64957,-73.93433,26.871,31.371,22.671,56.429,42.1,23.443,28.743,77.286,61.1,103.2,228.1,0,0,Detected in the past 2 weeks,0,0
11203,Brooklyn,Prospect Lefferts Gardens,2026,2026-07-20,29,-0.3546,-0.935,summer,40.64957,-73.93433,23.657,28.329,19.114,57.857,25.3,26.871,23.443,56.429,42.1,67.4,197.2,0,0,Detected in the past 2 weeks,0,0
11203,Brooklyn,Prospect Lefferts Gardens,2026,2026-07-27,30,-0.4647,-0.8855,summer,40.64957,-73.93433,23.871,27.557,21.014,79.429,68.5,23.657,26.871,57.857,25.3,93.8,195.7,0,0,Detected in the past 2 weeks,1,1
11203,Brooklyn,Prospect Lefferts Gardens,2026,2026-08-03,31,-0.5681,-0.823,summer,40.64957,-73.93433,26.343,30.786,22.529,73.286,44.8,23.871,23.657,79.429,68.5,113.3,194.2,1,0,Detected in the past 2 weeks,0,0
11203,Brooklyn,Prospect Lefferts Gardens,2026,2026-08-10,32,-0.6631,-0.7485,summer,40.64957,-73.93433,25.371,29.7,21.314,65.0,26.1,26.343,23.871,73.286,44.8,70.9,204.7,0,1,Detected in the past 2 weeks,1,1
11203,Brooklyn,Prospect Lefferts Gardens,2026,2026-08-17,33,-0.7485,-0.6631,summer,40.64957,-73.93433,23.66,28.08,20.22,79.6,67.5,25.371,26.343,65.0,26.1,93.6,185.6,1,1,Detected in the past 2 weeks,0,0
11204,Brooklyn,Bensonhurst,2026,2026-06-01,22,0.4647,-0.8855,summer,40.61881,-73.98494,21.171,26.471,16.543,54.571,8.9,18.9,18.871,62.714,4.7,13.6,95.1,0,0,Detected earlier this season,0,0
11204,Brooklyn,Bensonhurst,2026,2026-06-08,23,0.3546,-0.935,summer,40.61881,-73.98494,23.514,27.086,20.214,64.286,13.7,21.171,18.9,54.571,8.9,22.6,128.0,0,0,Detected earlier this season,0,0
11204,Brooklyn,Bensonhurst,2026,2026-06-15,24,0.2393,-0.9709,summer,40.61881,-73.98494,22.586,26.371,18.643,55.714,18.2,23.514,21.171,64.286,13.7,31.9,154.4,0,0,Detected earlier this season,0,0
11204,Brooklyn,Bensonhurst,2026,2026-06-22,25,0.1205,-0.9927,summer,40.61881,-73.98494,21.986,24.771,19.371,79.429,46.0,22.586,23.514,55.714,18.2,64.2,157.4,0,0,Detected earlier this season,0,0
11204,Brooklyn,Bensonhurst,2026,2026-06-29,26,-0.0,-1.0,summer,40.61881,-73.98494,27.614,31.9,23.9,66.429,23.9,21.986,22.586,79.429,46.0,69.9,183.5,0,0,Detected earlier this season,0,0
11204,Brooklyn,Bensonhurst,2026,2026-07-06,27,-0.1205,-0.9927,summer,40.61881,-73.98494,23.143,26.257,20.357,79.286,56.3,27.614,21.986,66.429,23.9,80.2,187.6,0,0,Detected earlier this season,0,0
11204,Brooklyn,Bensonhurst,2026,2026-07-13,28,-0.2393,-0.9709,summer,40.61881,-73.98494,26.343,30.257,22.829,59.714,31.4,23.143,27.614,79.286,56.3,87.7,215.9,0,0,Detected earlier this season,0,0
11204,Brooklyn,Bensonhurst,2026,2026-07-20,29,-0.3546,-0.935,summer,40.61881,-73.98494,23.129,26.6,19.529,61.143,15.1,26.343,23.143,59.714,31.4,46.5,187.4,0,0,Detected earlier this season,1,1
11204,Brooklyn,Bensonhurst,2026,2026-07-27,30,-0.4647,-0.8855,summer,40.61881,-73.98494,23.614,26.457,21.3,81.714,61.4,23.129,26.343,61.143,15.1,76.5,187.4,1,0,Detected earlier this season,1,1
11204,Brooklyn,Bensonhurst,2026,2026-08-03,31,-0.5681,-0.823,summer,40.61881,-73.98494,25.843,29.314,22.771,76.429,42.3,23.614,23.129,81.714,61.4,103.7,185.7,1,1,Detected earlier this season,1,1
11204,Brooklyn,Bensonhurst,2026,2026-08-10,32,-0.6631,-0.7485,summer,40.61881,-73.98494,25.157,28.386,21.8,66.714,20.1,25.843,23.614,76.429,42.3,62.4,198.6,1,2,Detected earlier this season,0,0
11204,Brooklyn,Bensonhurst,2026,2026-08-17,33,-0.7485,-0.6631,summer,40.61881,-73.98494,23.68,27.08,20.66,80.6,63.7,25.157,25.843,66.714,20.1,83.8,180.8,0,3,Detected earlier this season,0,0
11205,Brooklyn,,2026,2026-06-01,22,0.4647,-0.8855,summer,40.69689,-73.96807,22.271,28.643,16.514,49.0,9.2,19.3,19.686,60.429,4.9,14.1,109.4,0,0,Not detected,0,0
11205,Brooklyn,,2026,2026-06-08,23,0.3546,-0.935,summer,40.69689,-73.96807,24.571,29.0,20.4,58.714,9.9,22.271,19.3,49.0,9.2,19.1,145.5,0,0,Not detected,0,0
11205,Brooklyn,,2026,2026-06-15,24,0.2393,-0.9709,summer,40.69689,-73.96807,23.214,27.743,18.529,52.714,18.5,24.571,22.271,58.714,9.9,28.4,172.7,0,0,Not detected,0,0
11205,Brooklyn,,2026,2026-06-22,25,0.1205,-0.9927,summer,40.69689,-73.96807,22.571,25.957,19.429,75.143,57.5,23.214,24.571,52.714,18.5,76.0,172.7,0,0,Not detected,0,0
11205,Brooklyn,,2026,2026-06-29,26,-0.0,-1.0,summer,40.69689,-73.96807,28.743,33.871,23.929,61.857,31.0,22.571,23.214,75.143,57.5,88.5,199.8,0,0,Not detected,0,0
11205,Brooklyn,,2026,2026-07-06,27,-0.1205,-0.9927,summer,40.69689,-73.96807,23.443,27.286,20.129,77.286,61.1,28.743,22.571,61.857,31.0,92.1,201.1,0,0,Not detected,0,0
11205,Brooklyn,,2026,2026-07-13,28,-0.2393,-0.9709,summer,40.69689,-73.96807,26.871,31.371,22.671,56.429,42.1,23.443,28.743,77.286,61.1,103.2,228.1,0,0,Not detected,0,0
11205,Brooklyn,,2026,2026-07-20,29,-0.3546,-0.935,summer,40.69689,-73.96807,23.657,28.329,19.114,57.857,25.3,26.871,23.443,56.429,42.1,67.4,197.2,0,0,Not detected,0,0
11205,Brooklyn,,2026,2026-07-27,30,-0.4647,-0.8855,summer,40.69689,-73.96807,23.871,27.557,21.014,79.429,68.5,23.657,26.871,57.857,25.3,93.8,195.7,0,0,Not detected,0,0
11205,Brooklyn,,2026,2026-08-03,31,-0.5681,-0.823,summer,40.69689,-73.96807,26.343,30.786,22.529,73.286,44.8,23.871,23.657,79.429,68.5,113.3,194.2,0,0,Not detected,0,0
11205,Brooklyn,,2026,2026-08-10,32,-0.6631,-0.7485,summer,40.69689,-73.96807,25.371,29.7,21.314,65.0,26.1,26.343,23.871,73.286,44.8,70.9,204.7,0,0,Not detected,0,0
11205,Brooklyn,,2026,2026-08-17,33,-0.7485,-0.6631,summer,40.69689,-73.96807,23.66,28.08,20.22,79.6,67.5,25.371,26.343,65.0,26.1,93.6,185.6,0,0,Not detected,0,0
11206,Brooklyn,East Williamsburg,2026,2026-06-01,22,0.4647,-0.8855,summer,40.70187,-73.94255,22.271,28.643,16.514,49.0,9.2,19.3,19.686,60.429,4.9,14.1,109.4,0,0,Detected in the past 2 weeks,0,0
11206,Brooklyn,East Williamsburg,2026,2026-06-08,23,0.3546,-0.935,summer,40.70187,-73.94255,24.571,29.0,20.4,58.714,9.9,22.271,19.3,49.0,9.2,19.1,145.5,0,0,Detected in the past 2 weeks,0,0
11206,Brooklyn,East Williamsburg,2026,2026-06-15,24,0.2393,-0.9709,summer,40.70187,-73.94255,23.214,27.743,18.529,52.714,18.5,24.571,22.271,58.714,9.9,28.4,172.7,0,0,Detected in the past 2 weeks,0,0
11206,Brooklyn,East Williamsburg,2026,2026-06-22,25,0.1205,-0.9927,summer,40.70187,-73.94255,22.571,25.957,19.429,75.143,57.5,23.214,24.571,52.714,18.5,76.0,172.7,0,0,Detected in the past 2 weeks,0,0
11206,Brooklyn,East Williamsburg,2026,2026-06-29,26,-0.0,-1.0,summer,40.70187,-73.94255,28.743,33.871,23.929,61.857,31.0,22.571,23.214,75.143,57.5,88.5,199.8,0,0,Detected in the past 2 weeks,0,0
11206,Brooklyn,East Williamsburg,2026,2026-07-06,27,-0.1205,-0.9927,summer,40.70187,-73.94255,23.443,27.286,20.129,77.286,61.1,28.743,22.571,61.857,31.0,92.1,201.1,0,0,Detected in the past 2 weeks,0,0
11206,Brooklyn,East Williamsburg,2026,2026-07-13,28,-0.2393,-0.9709,summer,40.70187,-73.94255,26.871,31.371,22.671,56.429,42.1,23.443,28.743,77.286,61.1,103.2,228.1,0,0,Detected in the past 2 weeks,0,0
11206,Brooklyn,East Williamsburg,2026,2026-07-20,29,-0.3546,-0.935,summer,40.70187,-73.94255,23.657,28.329,19.114,57.857,25.3,26.871,23.443,56.429,42.1,67.4,197.2,0,0,Detected in the past 2 weeks,0,0
11206,Brooklyn,East Williamsburg,2026,2026-07-27,30,-0.4647,-0.8855,summer,40.70187,-73.94255,23.871,27.557,21.014,79.429,68.5,23.657,26.871,57.857,25.3,93.8,195.7,0,0,Detected in the past 2 weeks,1,1
11206,Brooklyn,East Williamsburg,2026,2026-08-03,31,-0.5681,-0.823,summer,40.70187,-73.94255,26.343,30.786,22.529,73.286,44.8,23.871,23.657,79.429,68.5,113.3,194.2,1,0,Detected in the past 2 weeks,1,1
11206,Brooklyn,East Williamsburg,2026,2026-08-10,32,-0.6631,-0.7485,summer,40.70187,-73.94255,25.371,29.7,21.314,65.0,26.1,26.343,23.871,73.286,44.8,70.9,204.7,1,1,Detected in the past 2 weeks,1,1
11206,Brooklyn,East Williamsburg,2026,2026-08-17,33,-0.7485,-0.6631,summer,40.70187,-73.94255,23.66,28.08,20.22,79.6,67.5,25.371,26.343,65.0,26.1,93.6,185.6,1,2,Detected in the past 2 weeks,1,1
11207,Brooklyn,"New Lots, Broadway Junction",2026,2026-06-01,22,0.4647,-0.8855,summer,40.67016,-73.89383,22.271,28.643,16.514,49.0,9.2,19.3,19.686,60.429,4.9,14.1,109.4,0,0,Detected in the past 2 weeks,0,0
11207,Brooklyn,"New Lots, Broadway Junction",2026,2026-06-08,23,0.3546,-0.935,summer,40.67016,-73.89383,24.571,29.0,20.4,58.714,9.9,22.271,19.3,49.0,9.2,19.1,145.5,0,0,Detected in the past 2 weeks,0,0
11207,Brooklyn,"New Lots, Broadway Junction",2026,2026-06-15,24,0.2393,-0.9709,summer,40.67016,-73.89383,23.214,27.743,18.529,52.714,18.5,24.571,22.271,58.714,9.9,28.4,172.7,0,0,Detected in the past 2 weeks,0,0
11207,Brooklyn,"New Lots, Broadway Junction",2026,2026-06-22,25,0.1205,-0.9927,summer,40.67016,-73.89383,22.571,25.957,19.429,75.143,57.5,23.214,24.571,52.714,18.5,76.0,172.7,0,0,Detected in the past 2 weeks,0,0
11207,Brooklyn,"New Lots, Broadway Junction",2026,2026-06-29,26,-0.0,-1.0,summer,40.67016,-73.89383,28.743,33.871,23.929,61.857,31.0,22.571,23.214,75.143,57.5,88.5,199.8,0,0,Detected in the past 2 weeks,0,0
11207,Brooklyn,"New Lots, Broadway Junction",2026,2026-07-06,27,-0.1205,-0.9927,summer,40.67016,-73.89383,23.443,27.286,20.129,77.286,61.1,28.743,22.571,61.857,31.0,92.1,201.1,0,0,Detected in the past 2 weeks,0,0
11207,Brooklyn,"New Lots, Broadway Junction",2026,2026-07-13,28,-0.2393,-0.9709,summer,40.67016,-73.89383,26.871,31.371,22.671,56.429,42.1,23.443,28.743,77.286,61.1,103.2,228.1,0,0,Detected in the past 2 weeks,0,0
11207,Brooklyn,"New Lots, Broadway Junction",2026,2026-07-20,29,-0.3546,-0.935,summer,40.67016,-73.89383,23.657,28.329,19.114,57.857,25.3,26.871,23.443,56.429,42.1,67.4,197.2,0,0,Detected in the past 2 weeks,0,0
11207,Brooklyn,"New Lots, Broadway Junction",2026,2026-07-27,30,-0.4647,-0.8855,summer,40.67016,-73.89383,23.871,27.557,21.014,79.429,68.5,23.657,26.871,57.857,25.3,93.8,195.7,0,0,Detected in the past 2 weeks,1,1
11207,Brooklyn,"New Lots, Broadway Junction",2026,2026-08-03,31,-0.5681,-0.823,summer,40.67016,-73.89383,26.343,30.786,22.529,73.286,44.8,23.871,23.657,79.429,68.5,113.3,194.2,1,0,Detected in the past 2 weeks,1,1
11207,Brooklyn,"New Lots, Broadway Junction",2026,2026-08-10,32,-0.6631,-0.7485,summer,40.67016,-73.89383,25.371,29.7,21.314,65.0,26.1,26.343,23.871,73.286,44.8,70.9,204.7,1,1,Detected in the past 2 weeks,1,1
11207,Brooklyn,"New Lots, Broadway Junction",2026,2026-08-17,33,-0.7485,-0.6631,summer,40.67016,-73.89383,23.66,28.08,20.22,79.6,67.5,25.371,26.343,65.0,26.1,93.6,185.6,1,2,Detected in the past 2 weeks,1,1
11208,Brooklyn,"Spring Creek, Cypress Hills",2026,2026-06-01,22,0.4647,-0.8855,summer,40.67485,-73.87248,21.257,26.629,16.386,52.714,8.7,18.629,18.8,62.857,4.9,13.6,93.5,0,0,Detected in the past 2 weeks,0,0
11208,Brooklyn,"Spring Creek, Cypress Hills",2026,2026-06-08,23,0.3546,-0.935,summer,40.67485,-73.87248,23.471,27.043,20.229,63.571,8.5,21.257,18.629,52.714,8.7,17.2,126.5,0,0,Detected in the past 2 weeks,0,0
11208,Brooklyn,"Spring Creek, Cypress Hills",2026,2026-06-15,24,0.2393,-0.9709,summer,40.67485,-73.87248,22.886,27.057,18.657,53.571,17.3,23.471,21.257,63.571,8.5,25.8,156.2,0,0,Detected in the past 2 weeks,0,0
11208,Brooklyn,"Spring Creek, Cypress Hills",2026,2026-06-22,25,0.1205,-0.9927,summer,40.67485,-73.87248,22.143,25.286,19.3,77.714,63.0,22.886,23.471,53.571,17.3,80.3,160.4,0,0,Detected in the past 2 weeks,0,0
11208,Brooklyn,"Spring Creek, Cypress Hills",2026,2026-06-29,26,-0.0,-1.0,summer,40.67485,-73.87248,27.429,31.143,23.9,66.714,26.1,22.143,22.886,77.714,63.0,89.1,185.4,0,0,Detected in the past 2 weeks,0,0
11208,Brooklyn,"Spring Creek, Cypress Hills",2026,2026-07-06,27,-0.1205,-0.9927,summer,40.67485,-73.87248,23.186,26.3,20.1,78.0,69.0,27.429,22.143,66.714,26.1,95.1,187.7,0,0,Detected in the past 2 weeks,0,0
11208,Brooklyn,"Spring Creek, Cypress Hills",2026,2026-07-13,28,-0.2393,-0.9709,summer,40.67485,-73.87248,26.457,30.329,22.843,59.143,33.0,23.186,27.429,78.0,69.0,102.0,215.4,0,0,Detected in the past 2 weeks,0,0
11208,Brooklyn,"Spring Creek, Cypress Hills",2026,2026-07-20,29,-0.3546,-0.935,summer,40.67485,-73.87248,23.514,27.257,19.514,58.143,28.5,26.457,23.186,59.143,33.0,61.5,191.6,0,0,Detected in the past 2 weeks,1,1
11208,Brooklyn,"Spring Creek, Cypress Hills",2026,2026-07-27,30,-0.4647,-0.8855,summer,40.67485,-73.87248,23.657,26.814,21.114,80.857,51.6,23.514,26.457,58.143,28.5,80.1,191.1,1,0,Detected in the past 2 weeks,1,1
11208,Brooklyn,"Spring Creek, Cypress Hills",2026,2026-08-03,31,-0.5681,-0.823,summer,40.67485,-73.87248,26.071,29.657,22.743,75.0,41.3,23.657,23.514,80.857,51.6,92.9,190.1,1,1,Detected in the past 2 weeks,1,1
11208,Brooklyn,"Spring Creek, Cypress Hills",2026,2026-08-10,32,-0.6631,-0.7485,summer,40.67485,-73.87248,25.171,28.9,21.6,66.286,22.4,26.071,23.657,75.0,41.3,63.7,200.1,1,2,Detected in the past 2 weeks,2,1
11208,Brooklyn,"Spring Creek, Cypress Hills",2026,2026-08-17,33,-0.7485,-0.6631,summer,40.67485,-73.87248,23.54,27.18,20.3,81.0,74.3,25.171,26.071,66.286,22.4,96.7,181.9,2,3,Detected in the past 2 weeks,0,0
11209,Brooklyn,Bay Ridge,2026,2026-06-01,22,0.4647,-0.8855,summer,40.6218,-74.03015,22.0,28.343,16.271,50.857,9.6,19.214,19.557,59.571,4.8,14.4,105.8,0,0,Detected earlier this season,0,0
11209,Brooklyn,Bay Ridge,2026,2026-06-08,23,0.3546,-0.935,summer,40.6218,-74.03015,24.643,29.529,20.129,57.857,13.7,22.0,19.214,50.857,9.6,23.3,143.9,0,0,Detected earlier this season,0,0
11209,Brooklyn,Bay Ridge,2026,2026-06-15,24,0.2393,-0.9709,summer,40.6218,-74.03015,22.871,27.071,18.271,53.429,18.6,24.643,22.0,57.857,13.7,32.3,169.8,0,0,Detected earlier this season,0,0
11209,Brooklyn,Bay Ridge,2026,2026-06-22,25,0.1205,-0.9927,summer,40.6218,-74.03015,22.329,25.443,19.214,74.857,40.4,22.871,24.643,53.429,18.6,59.0,169.0,0,0,Detected earlier this season,0,0
11209,Brooklyn,Bay Ridge,2026,2026-06-29,26,-0.0,-1.0,summer,40.6218,-74.03015,29.014,34.071,23.743,59.143,20.6,22.329,22.871,74.857,40.4,61.0,197.8,0,0,Detected earlier this season,0,0
11209,Brooklyn,Bay Ridge,2026,2026-07-06,27,-0.1205,-0.9927,summer,40.6218,-74.03015,23.143,26.814,20.186,79.0,46.3,29.014,22.329,59.143,20.6,66.9,199.1,0,0,Detected earlier this season,0,0
11209,Brooklyn,Bay Ridge,2026,2026-07-13,28,-0.2393,-0.9709,summer,40.6218,-74.03015,26.357,31.1,22.186,59.143,46.2,23.143,29.014,79.0,46.3,92.5,225.0,0,0,Detected earlier this season,0,0
11209,Brooklyn,Bay Ridge,2026,2026-07-20,29,-0.3546,-0.935,summer,40.6218,-74.03015,23.129,27.371,18.814,60.286,12.2,26.357,23.143,59.143,46.2,58.4,187.5,0,0,Detected earlier this season,1,1
11209,Brooklyn,Bay Ridge,2026,2026-07-27,30,-0.4647,-0.8855,summer,40.6218,-74.03015,23.771,27.614,20.957,78.714,76.9,23.129,26.357,60.286,12.2,89.1,188.4,1,0,Detected earlier this season,0,0
11209,Brooklyn,Bay Ridge,2026,2026-08-03,31,-0.5681,-0.823,summer,40.6218,-74.03015,25.843,30.114,22.171,75.286,48.7,23.771,23.129,78.714,76.9,125.6,186.6,0,1,Detected earlier this season,1,1
11209,Brooklyn,Bay Ridge,2026,2026-08-10,32,-0.6631,-0.7485,summer,40.6218,-74.03015,25.2,29.286,21.314,65.857,25.9,25.843,23.771,75.286,48.7,74.6,199.9,1,1,Detected earlier this season,0,0
11209,Brooklyn,Bay Ridge,2026,2026-08-17,33,-0.7485,-0.6631,summer,40.6218,-74.03015,23.6,27.7,20.26,79.8,61.4,25.2,25.843,65.857,25.9,87.3,180.7,0,2,Detected earlier this season,0,0
11210,Brooklyn,,2026,2026-06-01,22,0.4647,-0.8855,summer,40.62806,-73.94631,21.171,26.471,16.543,54.571,8.9,18.9,18.871,62.714,4.7,13.6,95.1,0,0,Not detected,0,0
11210,Brooklyn,,2026,2026-06-08,23,0.3546,-0.935,summer,40.62806,-73.94631,23.514,27.086,20.214,64.286,13.7,21.171,18.9,54.571,8.9,22.6,128.0,0,0,Not detected,0,0
11210,Brooklyn,,2026,2026-06-15,24,0.2393,-0.9709,summer,40.62806,-73.94631,22.586,26.371,18.643,55.714,18.2,23.514,21.171,64.286,13.7,31.9,154.4,0,0,Not detected,0,0
11210,Brooklyn,,2026,2026-06-22,25,0.1205,-0.9927,summer,40.62806,-73.94631,21.986,24.771,19.371,79.429,46.0,22.586,23.514,55.714,18.2,64.2,157.4,0,0,Not detected,0,0
11210,Brooklyn,,2026,2026-06-29,26,-0.0,-1.0,summer,40.62806,-73.94631,27.614,31.9,23.9,66.429,23.9,21.986,22.586,79.429,46.0,69.9,183.5,0,0,Not detected,0,0
11210,Brooklyn,,2026,2026-07-06,27,-0.1205,-0.9927,summer,40.62806,-73.94631,23.143,26.257,20.357,79.286,56.3,27.614,21.986,66.429,23.9,80.2,187.6,0,0,Not detected,0,0
11210,Brooklyn,,2026,2026-07-13,28,-0.2393,-0.9709,summer,40.62806,-73.94631,26.343,30.257,22.829,59.714,31.4,23.143,27.614,79.286,56.3,87.7,215.9,0,0,Not detected,0,0
11210,Brooklyn,,2026,2026-07-20,29,-0.3546,-0.935,summer,40.62806,-73.94631,23.129,26.6,19.529,61.143,15.1,26.343,23.143,59.714,31.4,46.5,187.4,0,0,Not detected,0,0
11210,Brooklyn,,2026,2026-07-27,30,-0.4647,-0.8855,summer,40.62806,-73.94631,23.614,26.457,21.3,81.714,61.4,23.129,26.343,61.143,15.1,76.5,187.4,0,0,Not detected,0,0
11210,Brooklyn,,2026,2026-08-03,31,-0.5681,-0.823,summer,40.62806,-73.94631,25.843,29.314,22.771,76.429,42.3,23.614,23.129,81.714,61.4,103.7,185.7,0,0,Not detected,0,0
11210,Brooklyn,,2026,2026-08-10,32,-0.6631,-0.7485,summer,40.62806,-73.94631,25.157,28.386,21.8,66.714,20.1,25.843,23.614,76.429,42.3,62.4,198.6,0,0,Not detected,0,0
11210,Brooklyn,,2026,2026-08-17,33,-0.7485,-0.6631,summer,40.62806,-73.94631,23.68,27.08,20.66,80.6,63.7,25.157,25.843,66.714,20.1,83.8,180.8,0,0,Not detected,0,0
11211,Brooklyn,,2026,2026-06-01,22,0.4647,-0.8855,summer,40.71408,-73.94517,22.271,28.643,16.514,49.0,9.2,19.3,19.686,60.429,4.9,14.1,109.4,0,0,Not detected,0,0
11211,Brooklyn,,2026,2026-06-08,23,0.3546,-0.935,summer,40.71408,-73.94517,24.571,29.0,20.4,58.714,9.9,22.271,19.3,49.0,9.2,19.1,145.5,0,0,Not detected,0,0
11211,Brooklyn,,2026,2026-06-15,24,0.2393,-0.9709,summer,40.71408,-73.94517,23.214,27.743,18.529,52.714,18.5,24.571,22.271,58.714,9.9,28.4,172.7,0,0,Not detected,0,0
11211,Brooklyn,,2026,2026-06-22,25,0.1205,-0.9927,summer,40.71408,-73.94517,22.571,25.957,19.429,75.143,57.5,23.214,24.571,52.714,18.5,76.0,172.7,0,0,Not detected,0,0
11211,Brooklyn,,2026,2026-06-29,26,-0.0,-1.0,summer,40.71408,-73.94517,28.743,33.871,23.929,61.857,31.0,22.571,23.214,75.143,57.5,88.5,199.8,0,0,Not detected,0,0
11211,Brooklyn,,2026,2026-07-06,27,-0.1205,-0.9927,summer,40.71408,-73.94517,23.443,27.286,20.129,77.286,61.1,28.743,22.571,61.857,31.0,92.1,201.1,0,0,Not detected,0,0
11211,Brooklyn,,2026,2026-07-13,28,-0.2393,-0.9709,summer,40.71408,-73.94517,26.871,31.371,22.671,56.429,42.1,23.443,28.743,77.286,61.1,103.2,228.1,0,0,Not detected,0,0
11211,Brooklyn,,2026,2026-07-20,29,-0.3546,-0.935,summer,40.71408,-73.94517,23.657,28.329,19.114,57.857,25.3,26.871,23.443,56.429,42.1,67.4,197.2,0,0,Not detected,0,0
11211,Brooklyn,,2026,2026-07-27,30,-0.4647,-0.8855,summer,40.71408,-73.94517,23.871,27.557,21.014,79.429,68.5,23.657,26.871,57.857,25.3,93.8,195.7,0,0,Not detected,0,0
11211,Brooklyn,,2026,2026-08-03,31,-0.5681,-0.823,summer,40.71408,-73.94517,26.343,30.786,22.529,73.286,44.8,23.871,23.657,79.429,68.5,113.3,194.2,0,0,Not detected,0,0
11211,Brooklyn,,2026,2026-08-10,32,-0.6631,-0.7485,summer,40.71408,-73.94517,25.371,29.7,21.314,65.0,26.1,26.343,23.871,73.286,44.8,70.9,204.7,0,0,Not detected,0,0
11211,Brooklyn,,2026,2026-08-17,33,-0.7485,-0.6631,summer,40.71408,-73.94517,23.66,28.08,20.22,79.6,67.5,25.371,26.343,65.0,26.1,93.6,185.6,0,0,Not detected,0,0
11212,Brooklyn,Brownsville,2026,2026-06-01,22,0.4647,-0.8855,summer,40.66291,-73.91307,22.271,28.643,16.514,49.0,9.2,19.3,19.686,60.429,4.9,14.1,109.4,0,0,Detected in the past 2 weeks,0,0
11212,Brooklyn,Brownsville,2026,2026-06-08,23,0.3546,-0.935,summer,40.66291,-73.91307,24.571,29.0,20.4,58.714,9.9,22.271,19.3,49.0,9.2,19.1,145.5,0,0,Detected in the past 2 weeks,0,0
11212,Brooklyn,Brownsville,2026,2026-06-15,24,0.2393,-0.9709,summer,40.66291,-73.91307,23.214,27.743,18.529,52.714,18.5,24.571,22.271,58.714,9.9,28.4,172.7,0,0,Detected in the past 2 weeks,0,0
11212,Brooklyn,Brownsville,2026,2026-06-22,25,0.1205,-0.9927,summer,40.66291,-73.91307,22.571,25.957,19.429,75.143,57.5,23.214,24.571,52.714,18.5,76.0,172.7,0,0,Detected in the past 2 weeks,0,0
11212,Brooklyn,Brownsville,2026,2026-06-29,26,-0.0,-1.0,summer,40.66291,-73.91307,28.743,33.871,23.929,61.857,31.0,22.571,23.214,75.143,57.5,88.5,199.8,0,0,Detected in the past 2 weeks,0,0
11212,Brooklyn,Brownsville,2026,2026-07-06,27,-0.1205,-0.9927,summer,40.66291,-73.91307,23.443,27.286,20.129,77.286,61.1,28.743,22.571,61.857,31.0,92.1,201.1,0,0,Detected in the past 2 weeks,0,0
11212,Brooklyn,Brownsville,2026,2026-07-13,28,-0.2393,-0.9709,summer,40.66291,-73.91307,26.871,31.371,22.671,56.429,42.1,23.443,28.743,77.286,61.1,103.2,228.1,0,0,Detected in the past 2 weeks,0,0
11212,Brooklyn,Brownsville,2026,2026-07-20,29,-0.3546,-0.935,summer,40.66291,-73.91307,23.657,28.329,19.114,57.857,25.3,26.871,23.443,56.429,42.1,67.4,197.2,0,0,Detected in the past 2 weeks,0,0
11212,Brooklyn,Brownsville,2026,2026-07-27,30,-0.4647,-0.8855,summer,40.66291,-73.91307,23.871,27.557,21.014,79.429,68.5,23.657,26.871,57.857,25.3,93.8,195.7,0,0,Detected in the past 2 weeks,0,0
11212,Brooklyn,Brownsville,2026,2026-08-03,31,-0.5681,-0.823,summer,40.66291,-73.91307,26.343,30.786,22.529,73.286,44.8,23.871,23.657,79.429,68.5,113.3,194.2,0,0,Detected in the past 2 weeks,0,0
11212,Brooklyn,Brownsville,2026,2026-08-10,32,-0.6631,-0.7485,summer,40.66291,-73.91307,25.371,29.7,21.314,65.0,26.1,26.343,23.871,73.286,44.8,70.9,204.7,0,0,Detected in the past 2 weeks,1,1
11212,Brooklyn,Brownsville,2026,2026-08-17,33,-0.7485,-0.6631,summer,40.66291,-73.91307,23.66,28.08,20.22,79.6,67.5,25.371,26.343,65.0,26.1,93.6,185.6,1,0,Detected in the past 2 weeks,0,0
11213,Brooklyn,,2026,2026-06-01,22,0.4647,-0.8855,summer,40.67115,-73.93627,22.271,28.643,16.514,49.0,9.2,19.3,19.686,60.429,4.9,14.1,109.4,0,0,Not detected,0,0
11213,Brooklyn,,2026,2026-06-08,23,0.3546,-0.935,summer,40.67115,-73.93627,24.571,29.0,20.4,58.714,9.9,22.271,19.3,49.0,9.2,19.1,145.5,0,0,Not detected,0,0
11213,Brooklyn,,2026,2026-06-15,24,0.2393,-0.9709,summer,40.67115,-73.93627,23.214,27.743,18.529,52.714,18.5,24.571,22.271,58.714,9.9,28.4,172.7,0,0,Not detected,0,0
11213,Brooklyn,,2026,2026-06-22,25,0.1205,-0.9927,summer,40.67115,-73.93627,22.571,25.957,19.429,75.143,57.5,23.214,24.571,52.714,18.5,76.0,172.7,0,0,Not detected,0,0
11213,Brooklyn,,2026,2026-06-29,26,-0.0,-1.0,summer,40.67115,-73.93627,28.743,33.871,23.929,61.857,31.0,22.571,23.214,75.143,57.5,88.5,199.8,0,0,Not detected,0,0
11213,Brooklyn,,2026,2026-07-06,27,-0.1205,-0.9927,summer,40.67115,-73.93627,23.443,27.286,20.129,77.286,61.1,28.743,22.571,61.857,31.0,92.1,201.1,0,0,Not detected,0,0
11213,Brooklyn,,2026,2026-07-13,28,-0.2393,-0.9709,summer,40.67115,-73.93627,26.871,31.371,22.671,56.429,42.1,23.443,28.743,77.286,61.1,103.2,228.1,0,0,Not detected,0,0
11213,Brooklyn,,2026,2026-07-20,29,-0.3546,-0.935,summer,40.67115,-73.93627,23.657,28.329,19.114,57.857,25.3,26.871,23.443,56.429,42.1,67.4,197.2,0,0,Not detected,0,0
11213,Brooklyn,,2026,2026-07-27,30,-0.4647,-0.8855,summer,40.67115,-73.93627,23.871,27.557,21.014,79.429,68.5,23.657,26.871,57.857,25.3,93.8,195.7,0,0,Not detected,0,0
11213,Brooklyn,,2026,2026-08-03,31,-0.5681,-0.823,summer,40.67115,-73.93627,26.343,30.786,22.529,73.286,44.8,23.871,23.657,79.429,68.5,113.3,194.2,0,0,Not detected,0,0
11213,Brooklyn,,2026,2026-08-10,32,-0.6631,-0.7485,summer,40.67115,-73.93627,25.371,29.7,21.314,65.0,26.1,26.343,23.871,73.286,44.8,70.9,204.7,0,0,Not detected,0,0
11213,Brooklyn,,2026,2026-08-17,33,-0.7485,-0.6631,summer,40.67115,-73.93627,23.66,28.08,20.22,79.6,67.5,25.371,26.343,65.0,26.1,93.6,185.6,0,0,Not detected,0,0
11214,Brooklyn,"Bath Beach, Bensonhurst",2026,2026-06-01,22,0.4647,-0.8855,summer,40.59969,-73.99637,21.171,26.471,16.543,54.571,8.9,18.9,18.871,62.714,4.7,13.6,95.1,0,0,Detected in the past 2 weeks,0,0
11214,Brooklyn,"Bath Beach, Bensonhurst",2026,2026-06-08,23,0.3546,-0.935,summer,40.59969,-73.99637,23.514,27.086,20.214,64.286,13.7,21.171,18.9,54.571,8.9,22.6,128.0,0,0,Detected in the past 2 weeks,0,0
11214,Brooklyn,"Bath Beach, Bensonhurst",2026,2026-06-15,24,0.2393,-0.9709,summer,40.59969,-73.99637,22.586,26.371,18.643,55.714,18.2,23.514,21.171,64.286,13.7,31.9,154.4,0,0,Detected in the past 2 weeks,0,0
11214,Brooklyn,"Bath Beach, Bensonhurst",2026,2026-06-22,25,0.1205,-0.9927,summer,40.59969,-73.99637,21.986,24.771,19.371,79.429,46.0,22.586,23.514,55.714,18.2,64.2,157.4,0,0,Detected in the past 2 weeks,0,0
11214,Brooklyn,"Bath Beach, Bensonhurst",2026,2026-06-29,26,-0.0,-1.0,summer,40.59969,-73.99637,27.614,31.9,23.9,66.429,23.9,21.986,22.586,79.429,46.0,69.9,183.5,0,0,Detected in the past 2 weeks,0,0
11214,Brooklyn,"Bath Beach, Bensonhurst",2026,2026-07-06,27,-0.1205,-0.9927,summer,40.59969,-73.99637,23.143,26.257,20.357,79.286,56.3,27.614,21.986,66.429,23.9,80.2,187.6,0,0,Detected in the past 2 weeks,0,0
11214,Brooklyn,"Bath Beach, Bensonhurst",2026,2026-07-13,28,-0.2393,-0.9709,summer,40.59969,-73.99637,26.343,30.257,22.829,59.714,31.4,23.143,27.614,79.286,56.3,87.7,215.9,0,0,Detected in the past 2 weeks,2,1
11214,Brooklyn,"Bath Beach, Bensonhurst",2026,2026-07-20,29,-0.3546,-0.935,summer,40.59969,-73.99637,23.129,26.6,19.529,61.143,15.1,26.343,23.143,59.714,31.4,46.5,187.4,2,0,Detected in the past 2 weeks,2,1
11214,Brooklyn,"Bath Beach, Bensonhurst",2026,2026-07-27,30,-0.4647,-0.8855,summer,40.59969,-73.99637,23.614,26.457,21.3,81.714,61.4,23.129,26.343,61.143,15.1,76.5,187.4,2,2,Detected in the past 2 weeks,2,1
11214,Brooklyn,"Bath Beach, Bensonhurst",2026,2026-08-03,31,-0.5681,-0.823,summer,40.59969,-73.99637,25.843,29.314,22.771,76.429,42.3,23.614,23.129,81.714,61.4,103.7,185.7,2,4,Detected in the past 2 weeks,2,1
11214,Brooklyn,"Bath Beach, Bensonhurst",2026,2026-08-10,32,-0.6631,-0.7485,summer,40.59969,-73.99637,25.157,28.386,21.8,66.714,20.1,25.843,23.614,76.429,42.3,62.4,198.6,2,6,Detected in the past 2 weeks,1,1
11214,Brooklyn,"Bath Beach, Bensonhurst",2026,2026-08-17,33,-0.7485,-0.6631,summer,40.59969,-73.99637,23.68,27.08,20.66,80.6,63.7,25.157,25.843,66.714,20.1,83.8,180.8,1,6,Detected in the past 2 weeks,0,0
11215,Brooklyn,"Gowanus, Windsor Terrace",2026,2026-06-01,22,0.4647,-0.8855,summer,40.66269,-73.98674,22.271,28.643,16.514,49.0,9.2,19.3,19.686,60.429,4.9,14.1,109.4,0,0,Detected in the past 2 weeks,0,0
11215,Brooklyn,"Gowanus, Windsor Terrace",2026,2026-06-08,23,0.3546,-0.935,summer,40.66269,-73.98674,24.571,29.0,20.4,58.714,9.9,22.271,19.3,49.0,9.2,19.1,145.5,0,0,Detected in the past 2 weeks,0,0
11215,Brooklyn,"Gowanus, Windsor Terrace",2026,2026-06-15,24,0.2393,-0.9709,summer,40.66269,-73.98674,23.214,27.743,18.529,52.714,18.5,24.571,22.271,58.714,9.9,28.4,172.7,0,0,Detected in the past 2 weeks,0,0
11215,Brooklyn,"Gowanus, Windsor Terrace",2026,2026-06-22,25,0.1205,-0.9927,summer,40.66269,-73.98674,22.571,25.957,19.429,75.143,57.5,23.214,24.571,52.714,18.5,76.0,172.7,0,0,Detected in the past 2 weeks,0,0
11215,Brooklyn,"Gowanus, Windsor Terrace",2026,2026-06-29,26,-0.0,-1.0,summer,40.66269,-73.98674,28.743,33.871,23.929,61.857,31.0,22.571,23.214,75.143,57.5,88.5,199.8,0,0,Detected in the past 2 weeks,0,0
11215,Brooklyn,"Gowanus, Windsor Terrace",2026,2026-07-06,27,-0.1205,-0.9927,summer,40.66269,-73.98674,23.443,27.286,20.129,77.286,61.1,28.743,22.571,61.857,31.0,92.1,201.1,0,0,Detected in the past 2 weeks,1,1
11215,Brooklyn,"Gowanus, Windsor Terrace",2026,2026-07-13,28,-0.2393,-0.9709,summer,40.66269,-73.98674,26.871,31.371,22.671,56.429,42.1,23.443,28.743,77.286,61.1,103.2,228.1,1,0,Detected in the past 2 weeks,2,1
11215,Brooklyn,"Gowanus, Windsor Terrace",2026,2026-07-20,29,-0.3546,-0.935,summer,40.66269,-73.98674,23.657,28.329,19.114,57.857,25.3,26.871,23.443,56.429,42.1,67.4,197.2,2,1,Detected in the past 2 weeks,2,1
11215,Brooklyn,"Gowanus, Windsor Terrace",2026,2026-07-27,30,-0.4647,-0.8855,summer,40.66269,-73.98674,23.871,27.557,21.014,79.429,68.5,23.657,26.871,57.857,25.3,93.8,195.7,2,3,Detected in the past 2 weeks,1,1
11215,Brooklyn,"Gowanus, Windsor Terrace",2026,2026-08-03,31,-0.5681,-0.823,summer,40.66269,-73.98674,26.343,30.786,22.529,73.286,44.8,23.871,23.657,79.429,68.5,113.3,194.2,1,5,Detected in the past 2 weeks,2,1
11215,Brooklyn,"Gowanus, Windsor Terrace",2026,2026-08-10,32,-0.6631,-0.7485,summer,40.66269,-73.98674,25.371,29.7,21.314,65.0,26.1,26.343,23.871,73.286,44.8,70.9,204.7,2,5,Detected in the past 2 weeks,1,1
11215,Brooklyn,"Gowanus, Windsor Terrace",2026,2026-08-17,33,-0.7485,-0.6631,summer,40.66269,-73.98674,23.66,28.08,20.22,79.6,67.5,25.371,26.343,65.0,26.1,93.6,185.6,1,5,Detected in the past 2 weeks,0,0
11216,Brooklyn,,2026,2026-06-01,22,0.4647,-0.8855,summer,40.68084,-73.94922,22.271,28.643,16.514,49.0,9.2,19.3,19.686,60.429,4.9,14.1,109.4,0,0,Not detected,0,0
11216,Brooklyn,,2026,2026-06-08,23,0.3546,-0.935,summer,40.68084,-73.94922,24.571,29.0,20.4,58.714,9.9,22.271,19.3,49.0,9.2,19.1,145.5,0,0,Not detected,0,0
11216,Brooklyn,,2026,2026-06-15,24,0.2393,-0.9709,summer,40.68084,-73.94922,23.214,27.743,18.529,52.714,18.5,24.571,22.271,58.714,9.9,28.4,172.7,0,0,Not detected,0,0
11216,Brooklyn,,2026,2026-06-22,25,0.1205,-0.9927,summer,40.68084,-73.94922,22.571,25.957,19.429,75.143,57.5,23.214,24.571,52.714,18.5,76.0,172.7,0,0,Not detected,0,0
11216,Brooklyn,,2026,2026-06-29,26,-0.0,-1.0,summer,40.68084,-73.94922,28.743,33.871,23.929,61.857,31.0,22.571,23.214,75.143,57.5,88.5,199.8,0,0,Not detected,0,0
11216,Brooklyn,,2026,2026-07-06,27,-0.1205,-0.9927,summer,40.68084,-73.94922,23.443,27.286,20.129,77.286,61.1,28.743,22.571,61.857,31.0,92.1,201.1,0,0,Not detected,0,0
11216,Brooklyn,,2026,2026-07-13,28,-0.2393,-0.9709,summer,40.68084,-73.94922,26.871,31.371,22.671,56.429,42.1,23.443,28.743,77.286,61.1,103.2,228.1,0,0,Not detected,0,0
11216,Brooklyn,,2026,2026-07-20,29,-0.3546,-0.935,summer,40.68084,-73.94922,23.657,28.329,19.114,57.857,25.3,26.871,23.443,56.429,42.1,67.4,197.2,0,0,Not detected,0,0
11216,Brooklyn,,2026,2026-07-27,30,-0.4647,-0.8855,summer,40.68084,-73.94922,23.871,27.557,21.014,79.429,68.5,23.657,26.871,57.857,25.3,93.8,195.7,0,0,Not detected,0,0
11216,Brooklyn,,2026,2026-08-03,31,-0.5681,-0.823,summer,40.68084,-73.94922,26.343,30.786,22.529,73.286,44.8,23.871,23.657,79.429,68.5,113.3,194.2,0,0,Not detected,0,0
11216,Brooklyn,,2026,2026-08-10,32,-0.6631,-0.7485,summer,40.68084,-73.94922,25.371,29.7,21.314,65.0,26.1,26.343,23.871,73.286,44.8,70.9,204.7,0,0,Not detected,0,0
11216,Brooklyn,,2026,2026-08-17,33,-0.7485,-0.6631,summer,40.68084,-73.94922,23.66,28.08,20.22,79.6,67.5,25.371,26.343,65.0,26.1,93.6,185.6,0,0,Not detected,0,0
11217,Brooklyn,,2026,2026-06-01,22,0.4647,-0.8855,summer,40.68167,-73.97853,22.271,28.643,16.514,49.0,9.2,19.3,19.686,60.429,4.9,14.1,109.4,0,0,Not detected,0,0
11217,Brooklyn,,2026,2026-06-08,23,0.3546,-0.935,summer,40.68167,-73.97853,24.571,29.0,20.4,58.714,9.9,22.271,19.3,49.0,9.2,19.1,145.5,0,0,Not detected,0,0
11217,Brooklyn,,2026,2026-06-15,24,0.2393,-0.9709,summer,40.68167,-73.97853,23.214,27.743,18.529,52.714,18.5,24.571,22.271,58.714,9.9,28.4,172.7,0,0,Not detected,0,0
11217,Brooklyn,,2026,2026-06-22,25,0.1205,-0.9927,summer,40.68167,-73.97853,22.571,25.957,19.429,75.143,57.5,23.214,24.571,52.714,18.5,76.0,172.7,0,0,Not detected,0,0
11217,Brooklyn,,2026,2026-06-29,26,-0.0,-1.0,summer,40.68167,-73.97853,28.743,33.871,23.929,61.857,31.0,22.571,23.214,75.143,57.5,88.5,199.8,0,0,Not detected,0,0
11217,Brooklyn,,2026,2026-07-06,27,-0.1205,-0.9927,summer,40.68167,-73.97853,23.443,27.286,20.129,77.286,61.1,28.743,22.571,61.857,31.0,92.1,201.1,0,0,Not detected,0,0
11217,Brooklyn,,2026,2026-07-13,28,-0.2393,-0.9709,summer,40.68167,-73.97853,26.871,31.371,22.671,56.429,42.1,23.443,28.743,77.286,61.1,103.2,228.1,0,0,Not detected,0,0
11217,Brooklyn,,2026,2026-07-20,29,-0.3546,-0.935,summer,40.68167,-73.97853,23.657,28.329,19.114,57.857,25.3,26.871,23.443,56.429,42.1,67.4,197.2,0,0,Not detected,0,0
11217,Brooklyn,,2026,2026-07-27,30,-0.4647,-0.8855,summer,40.68167,-73.97853,23.871,27.557,21.014,79.429,68.5,23.657,26.871,57.857,25.3,93.8,195.7,0,0,Not detected,0,0
11217,Brooklyn,,2026,2026-08-03,31,-0.5681,-0.823,summer,40.68167,-73.97853,26.343,30.786,22.529,73.286,44.8,23.871,23.657,79.429,68.5,113.3,194.2,0,0,Not detected,0,0
11217,Brooklyn,,2026,2026-08-10,32,-0.6631,-0.7485,summer,40.68167,-73.97853,25.371,29.7,21.314,65.0,26.1,26.343,23.871,73.286,44.8,70.9,204.7,0,0,Not detected,0,0
11217,Brooklyn,,2026,2026-08-17,33,-0.7485,-0.6631,summer,40.68167,-73.97853,23.66,28.08,20.22,79.6,67.5,25.371,26.343,65.0,26.1,93.6,185.6,0,0,Not detected,0,0
11218,Brooklyn,,2026,2026-06-01,22,0.4647,-0.8855,summer,40.64312,-73.97645,21.171,26.471,16.543,54.571,8.9,18.9,18.871,62.714,4.7,13.6,95.1,0,0,Not detected,0,0
11218,Brooklyn,,2026,2026-06-08,23,0.3546,-0.935,summer,40.64312,-73.97645,23.514,27.086,20.214,64.286,13.7,21.171,18.9,54.571,8.9,22.6,128.0,0,0,Not detected,0,0
11218,Brooklyn,,2026,2026-06-15,24,0.2393,-0.9709,summer,40.64312,-73.97645,22.586,26.371,18.643,55.714,18.2,23.514,21.171,64.286,13.7,31.9,154.4,0,0,Not detected,0,0
11218,Brooklyn,,2026,2026-06-22,25,0.1205,-0.9927,summer,40.64312,-73.97645,21.986,24.771,19.371,79.429,46.0,22.586,23.514,55.714,18.2,64.2,157.4,0,0,Not detected,0,0
11218,Brooklyn,,2026,2026-06-29,26,-0.0,-1.0,summer,40.64312,-73.97645,27.614,31.9,23.9,66.429,23.9,21.986,22.586,79.429,46.0,69.9,183.5,0,0,Not detected,0,0
11218,Brooklyn,,2026,2026-07-06,27,-0.1205,-0.9927,summer,40.64312,-73.97645,23.143,26.257,20.357,79.286,56.3,27.614,21.986,66.429,23.9,80.2,187.6,0,0,Not detected,0,0
11218,Brooklyn,,2026,2026-07-13,28,-0.2393,-0.9709,summer,40.64312,-73.97645,26.343,30.257,22.829,59.714,31.4,23.143,27.614,79.286,56.3,87.7,215.9,0,0,Not detected,0,0
11218,Brooklyn,,2026,2026-07-20,29,-0.3546,-0.935,summer,40.64312,-73.97645,23.129,26.6,19.529,61.143,15.1,26.343,23.143,59.714,31.4,46.5,187.4,0,0,Not detected,0,0
11218,Brooklyn,,2026,2026-07-27,30,-0.4647,-0.8855,summer,40.64312,-73.97645,23.614,26.457,21.3,81.714,61.4,23.129,26.343,61.143,15.1,76.5,187.4,0,0,Not detected,0,0
11218,Brooklyn,,2026,2026-08-03,31,-0.5681,-0.823,summer,40.64312,-73.97645,25.843,29.314,22.771,76.429,42.3,23.614,23.129,81.714,61.4,103.7,185.7,0,0,Not detected,0,0
11218,Brooklyn,,2026,2026-08-10,32,-0.6631,-0.7485,summer,40.64312,-73.97645,25.157,28.386,21.8,66.714,20.1,25.843,23.614,76.429,42.3,62.4,198.6,0,0,Not detected,0,0
11218,Brooklyn,,2026,2026-08-17,33,-0.7485,-0.6631,summer,40.64312,-73.97645,23.68,27.08,20.66,80.6,63.7,25.157,25.843,66.714,20.1,83.8,180.8,0,0,Not detected,0,0
11219,Brooklyn,"Dyker Heights, Kensington",2026,2026-06-01,22,0.4647,-0.8855,summer,40.63262,-73.99677,21.171,26.471,16.543,54.571,8.9,18.9,18.871,62.714,4.7,13.6,95.1,0,0,Detected in the past 2 weeks,0,0
11219,Brooklyn,"Dyker Heights, Kensington",2026,2026-06-08,23,0.3546,-0.935,summer,40.63262,-73.99677,23.514,27.086,20.214,64.286,13.7,21.171,18.9,54.571,8.9,22.6,128.0,0,0,Detected in the past 2 weeks,0,0
11219,Brooklyn,"Dyker Heights, Kensington",2026,2026-06-15,24,0.2393,-0.9709,summer,40.63262,-73.99677,22.586,26.371,18.643,55.714,18.2,23.514,21.171,64.286,13.7,31.9,154.4,0,0,Detected in the past 2 weeks,0,0
11219,Brooklyn,"Dyker Heights, Kensington",2026,2026-06-22,25,0.1205,-0.9927,summer,40.63262,-73.99677,21.986,24.771,19.371,79.429,46.0,22.586,23.514,55.714,18.2,64.2,157.4,0,0,Detected in the past 2 weeks,0,0
11219,Brooklyn,"Dyker Heights, Kensington",2026,2026-06-29,26,-0.0,-1.0,summer,40.63262,-73.99677,27.614,31.9,23.9,66.429,23.9,21.986,22.586,79.429,46.0,69.9,183.5,0,0,Detected in the past 2 weeks,0,0
11219,Brooklyn,"Dyker Heights, Kensington",2026,2026-07-06,27,-0.1205,-0.9927,summer,40.63262,-73.99677,23.143,26.257,20.357,79.286,56.3,27.614,21.986,66.429,23.9,80.2,187.6,0,0,Detected in the past 2 weeks,0,0
11219,Brooklyn,"Dyker Heights, Kensington",2026,2026-07-13,28,-0.2393,-0.9709,summer,40.63262,-73.99677,26.343,30.257,22.829,59.714,31.4,23.143,27.614,79.286,56.3,87.7,215.9,0,0,Detected in the past 2 weeks,1,1
11219,Brooklyn,"Dyker Heights, Kensington",2026,2026-07-20,29,-0.3546,-0.935,summer,40.63262,-73.99677,23.129,26.6,19.529,61.143,15.1,26.343,23.143,59.714,31.4,46.5,187.4,1,0,Detected in the past 2 weeks,2,1
11219,Brooklyn,"Dyker Heights, Kensington",2026,2026-07-27,30,-0.4647,-0.8855,summer,40.63262,-73.99677,23.614,26.457,21.3,81.714,61.4,23.129,26.343,61.143,15.1,76.5,187.4,2,1,Detected in the past 2 weeks,2,1
11219,Brooklyn,"Dyker Heights, Kensington",2026,2026-08-03,31,-0.5681,-0.823,summer,40.63262,-73.99677,25.843,29.314,22.771,76.429,42.3,23.614,23.129,81.714,61.4,103.7,185.7,2,3,Detected in the past 2 weeks,1,1
11219,Brooklyn,"Dyker Heights, Kensington",2026,2026-08-10,32,-0.6631,-0.7485,summer,40.63262,-73.99677,25.157,28.386,21.8,66.714,20.1,25.843,23.614,76.429,42.3,62.4,198.6,1,5,Detected in the past 2 weeks,1,1
11219,Brooklyn,"Dyker Heights, Kensington",2026,2026-08-17,33,-0.7485,-0.6631,summer,40.63262,-73.99677,23.68,27.08,20.66,80.6,63.7,25.157,25.843,66.714,20.1,83.8,180.8,1,5,Detected in the past 2 weeks,0,0
11220,Brooklyn,Sunset Park,2026,2026-06-01,22,0.4647,-0.8855,summer,40.64103,-74.01669,21.029,26.271,16.343,54.571,8.9,18.757,18.7,62.714,4.7,13.6,92.6,0,0,Detected in the past 2 weeks,0,0
11220,Brooklyn,Sunset Park,2026,2026-06-08,23,0.3546,-0.935,summer,40.64103,-74.01669,23.329,26.886,20.014,64.286,13.7,21.029,18.757,54.571,8.9,22.6,124.9,0,0,Detected in the past 2 weeks,0,0
11220,Brooklyn,Sunset Park,2026,2026-06-15,24,0.2393,-0.9709,summer,40.64103,-74.01669,22.443,26.171,18.443,55.714,18.2,23.329,21.029,64.286,13.7,31.9,151.2,0,0,Detected in the past 2 weeks,0,0
11220,Brooklyn,Sunset Park,2026,2026-06-22,25,0.1205,-0.9927,summer,40.64103,-74.01669,21.829,24.571,19.171,79.429,46.0,22.443,23.329,55.714,18.2,64.2,154.2,0,0,Detected in the past 2 weeks,0,0
11220,Brooklyn,Sunset Park,2026,2026-06-29,26,-0.0,-1.0,summer,40.64103,-74.01669,27.457,31.7,23.7,66.429,23.9,21.829,22.443,79.429,46.0,69.9,180.4,0,0,Detected in the past 2 weeks,0,0
11220,Brooklyn,Sunset Park,2026,2026-07-06,27,-0.1205,-0.9927,summer,40.64103,-74.01669,22.971,26.057,20.157,79.286,56.3,27.457,21.829,66.429,23.9,80.2,184.4,0,0,Detected in the past 2 weeks,0,0
11220,Brooklyn,Sunset Park,2026,2026-07-13,28,-0.2393,-0.9709,summer,40.64103,-74.01669,26.186,30.057,22.629,59.714,31.4,22.971,27.457,79.286,56.3,87.7,212.6,0,0,Detected in the past 2 weeks,0,0
11220,Brooklyn,Sunset Park,2026,2026-07-20,29,-0.3546,-0.935,summer,40.64103,-74.01669,22.986,26.4,19.329,61.143,15.1,26.186,22.971,59.714,31.4,46.5,184.3,0,0,Detected in the past 2 weeks,1,1
11220,Brooklyn,Sunset Park,2026,2026-07-27,30,-0.4647,-0.8855,summer,40.64103,-74.01669,23.5,26.257,21.1,81.714,61.4,22.986,26.186,61.143,15.1,76.5,184.7,1,0,Detected in the past 2 weeks,1,1
11220,Brooklyn,Sunset Park,2026,2026-08-03,31,-0.5681,-0.823,summer,40.64103,-74.01669,25.714,29.114,22.571,76.429,42.3,23.5,22.986,81.714,61.4,103.7,183.1,1,1,Detected in the past 2 weeks,1,1
11220,Brooklyn,Sunset Park,2026,2026-08-10,32,-0.6631,-0.7485,summer,40.64103,-74.01669,24.971,28.186,21.6,66.714,20.1,25.714,23.5,76.429,42.3,62.4,195.8,1,2,Detected in the past 2 weeks,1,1
11220,Brooklyn,Sunset Park,2026,2026-08-17,33,-0.7485,-0.6631,summer,40.64103,-74.01669,23.56,26.88,20.46,80.6,63.7,24.971,25.714,66.714,20.1,83.8,178.1,1,3,Detected in the past 2 weeks,0,0
11221,Brooklyn,"Bedford Stuyvesant, Bushwick",2026,2026-06-01,22,0.4647,-0.8855,summer,40.69143,-73.92763,22.271,28.643,16.514,49.0,9.2,19.3,19.686,60.429,4.9,14.1,109.4,0,0,Detected in the past 2 weeks,0,0
11221,Brooklyn,"Bedford Stuyvesant, Bushwick",2026,2026-06-08,23,0.3546,-0.935,summer,40.69143,-73.92763,24.571,29.0,20.4,58.714,9.9,22.271,19.3,49.0,9.2,19.1,145.5,0,0,Detected in the past 2 weeks,0,0
11221,Brooklyn,"Bedford Stuyvesant, Bushwick",2026,2026-06-15,24,0.2393,-0.9709,summer,40.69143,-73.92763,23.214,27.743,18.529,52.714,18.5,24.571,22.271,58.714,9.9,28.4,172.7,0,0,Detected in the past 2 weeks,0,0
11221,Brooklyn,"Bedford Stuyvesant, Bushwick",2026,2026-06-22,25,0.1205,-0.9927,summer,40.69143,-73.92763,22.571,25.957,19.429,75.143,57.5,23.214,24.571,52.714,18.5,76.0,172.7,0,0,Detected in the past 2 weeks,0,0
11221,Brooklyn,"Bedford Stuyvesant, Bushwick",2026,2026-06-29,26,-0.0,-1.0,summer,40.69143,-73.92763,28.743,33.871,23.929,61.857,31.0,22.571,23.214,75.143,57.5,88.5,199.8,0,0,Detected in the past 2 weeks,0,0
11221,Brooklyn,"Bedford Stuyvesant, Bushwick",2026,2026-07-06,27,-0.1205,-0.9927,summer,40.69143,-73.92763,23.443,27.286,20.129,77.286,61.1,28.743,22.571,61.857,31.0,92.1,201.1,0,0,Detected in the past 2 weeks,0,0
11221,Brooklyn,"Bedford Stuyvesant, Bushwick",2026,2026-07-13,28,-0.2393,-0.9709,summer,40.69143,-73.92763,26.871,31.371,22.671,56.429,42.1,23.443,28.743,77.286,61.1,103.2,228.1,0,0,Detected in the past 2 weeks,0,0
11221,Brooklyn,"Bedford Stuyvesant, Bushwick",2026,2026-07-20,29,-0.3546,-0.935,summer,40.69143,-73.92763,23.657,28.329,19.114,57.857,25.3,26.871,23.443,56.429,42.1,67.4,197.2,0,0,Detected in the past 2 weeks,0,0
11221,Brooklyn,"Bedford Stuyvesant, Bushwick",2026,2026-07-27,30,-0.4647,-0.8855,summer,40.69143,-73.92763,23.871,27.557,21.014,79.429,68.5,23.657,26.871,57.857,25.3,93.8,195.7,0,0,Detected in the past 2 weeks,0,0
11221,Brooklyn,"Bedford Stuyvesant, Bushwick",2026,2026-08-03,31,-0.5681,-0.823,summer,40.69143,-73.92763,26.343,30.786,22.529,73.286,44.8,23.871,23.657,79.429,68.5,113.3,194.2,0,0,Detected in the past 2 weeks,1,1
11221,Brooklyn,"Bedford Stuyvesant, Bushwick",2026,2026-08-10,32,-0.6631,-0.7485,summer,40.69143,-73.92763,25.371,29.7,21.314,65.0,26.1,26.343,23.871,73.286,44.8,70.9,204.7,1,0,Detected in the past 2 weeks,1,1
11221,Brooklyn,"Bedford Stuyvesant, Bushwick",2026,2026-08-17,33,-0.7485,-0.6631,summer,40.69143,-73.92763,23.66,28.08,20.22,79.6,67.5,25.371,26.343,65.0,26.1,93.6,185.6,1,1,Detected in the past 2 weeks,1,1
11222,Brooklyn,Greenpoint,2026,2026-06-01,22,0.4647,-0.8855,summer,40.72779,-73.9476,22.7,29.314,16.557,47.857,7.9,19.371,20.114,60.286,5.2,13.1,114.5,0,0,Detected earlier this season,0,0
11222,Brooklyn,Greenpoint,2026,2026-06-08,23,0.3546,-0.935,summer,40.72779,-73.9476,25.029,30.429,20.414,56.857,11.5,22.7,19.371,47.857,7.9,19.4,152.1,0,0,Detected earlier this season,0,0
11222,Brooklyn,Greenpoint,2026,2026-06-15,24,0.2393,-0.9709,summer,40.72779,-73.9476,23.329,28.214,18.443,52.429,18.4,25.029,22.7,56.857,11.5,29.9,179.4,0,0,Detected earlier this season,0,0
11222,Brooklyn,Greenpoint,2026,2026-06-22,25,0.1205,-0.9927,summer,40.72779,-73.9476,22.757,26.429,19.457,73.571,60.5,23.329,25.029,52.429,18.4,78.9,177.6,0,0,Detected earlier this season,0,0
11222,Brooklyn,Greenpoint,2026,2026-06-29,26,-0.0,-1.0,summer,40.72779,-73.9476,28.971,34.714,23.914,61.571,37.1,22.757,23.329,73.571,60.5,97.6,203.7,0,0,Detected earlier this season,0,0
11222,Brooklyn,Greenpoint,2026,2026-07-06,27,-0.1205,-0.9927,summer,40.72779,-73.9476,23.371,27.371,20.043,78.429,75.9,28.971,22.757,61.571,37.1,113.0,203.3,0,0,Detected earlier this season,0,0
11222,Brooklyn,Greenpoint,2026,2026-07-13,28,-0.2393,-0.9709,summer,40.72779,-73.9476,26.757,31.586,22.4,57.286,42.7,23.371,28.971,78.429,75.9,118.6,228.4,0,0,Detected earlier this season,0,0
11222,Brooklyn,Greenpoint,2026,2026-07-20,29,-0.3546,-0.935,summer,40.72779,-73.9476,23.814,29.043,19.1,58.286,17.0,26.757,23.371,57.286,42.7,59.7,197.1,0,0,Detected earlier this season,1,1
11222,Brooklyn,Greenpoint,2026,2026-07-27,30,-0.4647,-0.8855,summer,40.72779,-73.9476,23.971,28.114,20.871,78.857,73.1,23.814,26.757,58.286,17.0,90.1,196.5,1,0,Detected earlier this season,1,1
11222,Brooklyn,Greenpoint,2026,2026-08-03,31,-0.5681,-0.823,summer,40.72779,-73.9476,26.3,31.186,22.357,74.143,50.6,23.971,23.814,78.857,73.1,123.7,195.5,1,1,Detected earlier this season,0,0
11222,Brooklyn,Greenpoint,2026,2026-08-10,32,-0.6631,-0.7485,summer,40.72779,-73.9476,25.371,30.243,21.143,65.714,26.7,26.3,23.971,74.143,50.6,77.3,204.6,0,2,Detected earlier this season,0,0
11222,Brooklyn,Greenpoint,2026,2026-08-17,33,-0.7485,-0.6631,summer,40.72779,-73.9476,23.72,28.46,19.96,78.8,49.2,25.371,26.3,65.714,26.7,75.9,185.6,0,2,Detected earlier this season,0,0
11223,Brooklyn,Gravesend,2026,2026-06-01,22,0.4647,-0.8855,summer,40.59709,-73.97347,21.171,26.471,16.543,54.571,8.9,18.9,18.871,62.714,4.7,13.6,95.1,0,0,Detected earlier this season,0,0
11223,Brooklyn,Gravesend,2026,2026-06-08,23,0.3546,-0.935,summer,40.59709,-73.97347,23.514,27.086,20.214,64.286,13.7,21.171,18.9,54.571,8.9,22.6,128.0,0,0,Detected earlier this season,0,0
11223,Brooklyn,Gravesend,2026,2026-06-15,24,0.2393,-0.9709,summer,40.59709,-73.97347,22.586,26.371,18.643,55.714,18.2,23.514,21.171,64.286,13.7,31.9,154.4,0,0,Detected earlier this season,0,0
11223,Brooklyn,Gravesend,2026,2026-06-22,25,0.1205,-0.9927,summer,40.59709,-73.97347,21.986,24.771,19.371,79.429,46.0,22.586,23.514,55.714,18.2,64.2,157.4,0,0,Detected earlier this season,0,0
11223,Brooklyn,Gravesend,2026,2026-06-29,26,-0.0,-1.0,summer,40.59709,-73.97347,27.614,31.9,23.9,66.429,23.9,21.986,22.586,79.429,46.0,69.9,183.5,0,0,Detected earlier this season,0,0
11223,Brooklyn,Gravesend,2026,2026-07-06,27,-0.1205,-0.9927,summer,40.59709,-73.97347,23.143,26.257,20.357,79.286,56.3,27.614,21.986,66.429,23.9,80.2,187.6,0,0,Detected earlier this season,0,0
11223,Brooklyn,Gravesend,2026,2026-07-13,28,-0.2393,-0.9709,summer,40.59709,-73.97347,26.343,30.257,22.829,59.714,31.4,23.143,27.614,79.286,56.3,87.7,215.9,0,0,Detected earlier this season,1,1
11223,Brooklyn,Gravesend,2026,2026-07-20,29,-0.3546,-0.935,summer,40.59709,-73.97347,23.129,26.6,19.529,61.143,15.1,26.343,23.143,59.714,31.4,46.5,187.4,1,0,Detected earlier this season,1,1
11223,Brooklyn,Gravesend,2026,2026-07-27,30,-0.4647,-0.8855,summer,40.59709,-73.97347,23.614,26.457,21.3,81.714,61.4,23.129,26.343,61.143,15.1,76.5,187.4,1,1,Detected earlier this season,1,1
11223,Brooklyn,Gravesend,2026,2026-08-03,31,-0.5681,-0.823,summer,40.59709,-73.97347,25.843,29.314,22.771,76.429,42.3,23.614,23.129,81.714,61.4,103.7,185.7,1,2,Detected earlier this season,1,1
11223,Brooklyn,Gravesend,2026,2026-08-10,32,-0.6631,-0.7485,summer,40.59709,-73.97347,25.157,28.386,21.8,66.714,20.1,25.843,23.614,76.429,42.3,62.4,198.6,1,3,Detected earlier this season,0,0
11223,Brooklyn,Gravesend,2026,2026-08-17,33,-0.7485,-0.6631,summer,40.59709,-73.97347,23.68,27.08,20.66,80.6,63.7,25.157,25.843,66.714,20.1,83.8,180.8,0,3,Detected earlier this season,0,0
11224,Brooklyn,,2026,2026-06-01,22,0.4647,-0.8855,summer,40.57737,-73.98871,21.171,26.471,16.543,54.571,8.9,18.9,18.871,62.714,4.7,13.6,95.1,0,0,Not detected,0,0
11224,Brooklyn,,2026,2026-06-08,23,0.3546,-0.935,summer,40.57737,-73.98871,23.514,27.086,20.214,64.286,13.7,21.171,18.9,54.571,8.9,22.6,128.0,0,0,Not detected,0,0
11224,Brooklyn,,2026,2026-06-15,24,0.2393,-0.9709,summer,40.57737,-73.98871,22.586,26.371,18.643,55.714,18.2,23.514,21.171,64.286,13.7,31.9,154.4,0,0,Not detected,0,0
11224,Brooklyn,,2026,2026-06-22,25,0.1205,-0.9927,summer,40.57737,-73.98871,21.986,24.771,19.371,79.429,46.0,22.586,23.514,55.714,18.2,64.2,157.4,0,0,Not detected,0,0
11224,Brooklyn,,2026,2026-06-29,26,-0.0,-1.0,summer,40.57737,-73.98871,27.614,31.9,23.9,66.429,23.9,21.986,22.586,79.429,46.0,69.9,183.5,0,0,Not detected,0,0
11224,Brooklyn,,2026,2026-07-06,27,-0.1205,-0.9927,summer,40.57737,-73.98871,23.143,26.257,20.357,79.286,56.3,27.614,21.986,66.429,23.9,80.2,187.6,0,0,Not detected,0,0
11224,Brooklyn,,2026,2026-07-13,28,-0.2393,-0.9709,summer,40.57737,-73.98871,26.343,30.257,22.829,59.714,31.4,23.143,27.614,79.286,56.3,87.7,215.9,0,0,Not detected,0,0
11224,Brooklyn,,2026,2026-07-20,29,-0.3546,-0.935,summer,40.57737,-73.98871,23.129,26.6,19.529,61.143,15.1,26.343,23.143,59.714,31.4,46.5,187.4,0,0,Not detected,0,0
11224,Brooklyn,,2026,2026-07-27,30,-0.4647,-0.8855,summer,40.57737,-73.98871,23.614,26.457,21.3,81.714,61.4,23.129,26.343,61.143,15.1,76.5,187.4,0,0,Not detected,0,0
11224,Brooklyn,,2026,2026-08-03,31,-0.5681,-0.823,summer,40.57737,-73.98871,25.843,29.314,22.771,76.429,42.3,23.614,23.129,81.714,61.4,103.7,185.7,0,0,Not detected,0,0
11224,Brooklyn,,2026,2026-08-10,32,-0.6631,-0.7485,summer,40.57737,-73.98871,25.157,28.386,21.8,66.714,20.1,25.843,23.614,76.429,42.3,62.4,198.6,0,0,Not detected,0,0
11224,Brooklyn,,2026,2026-08-17,33,-0.7485,-0.6631,summer,40.57737,-73.98871,23.68,27.08,20.66,80.6,63.7,25.157,25.843,66.714,20.1,83.8,180.8,0,0,Not detected,0,0
11225,Brooklyn,,2026,2026-06-01,22,0.4647,-0.8855,summer,40.66312,-73.95387,22.271,28.643,16.514,49.0,9.2,19.3,19.686,60.429,4.9,14.1,109.4,0,0,Not detected,0,0
11225,Brooklyn,,2026,2026-06-08,23,0.3546,-0.935,summer,40.66312,-73.95387,24.571,29.0,20.4,58.714,9.9,22.271,19.3,49.0,9.2,19.1,145.5,0,0,Not detected,0,0
11225,Brooklyn,,2026,2026-06-15,24,0.2393,-0.9709,summer,40.66312,-73.95387,23.214,27.743,18.529,52.714,18.5,24.571,22.271,58.714,9.9,28.4,172.7,0,0,Not detected,0,0
11225,Brooklyn,,2026,2026-06-22,25,0.1205,-0.9927,summer,40.66312,-73.95387,22.571,25.957,19.429,75.143,57.5,23.214,24.571,52.714,18.5,76.0,172.7,0,0,Not detected,0,0
11225,Brooklyn,,2026,2026-06-29,26,-0.0,-1.0,summer,40.66312,-73.95387,28.743,33.871,23.929,61.857,31.0,22.571,23.214,75.143,57.5,88.5,199.8,0,0,Not detected,0,0
11225,Brooklyn,,2026,2026-07-06,27,-0.1205,-0.9927,summer,40.66312,-73.95387,23.443,27.286,20.129,77.286,61.1,28.743,22.571,61.857,31.0,92.1,201.1,0,0,Not detected,0,0
11225,Brooklyn,,2026,2026-07-13,28,-0.2393,-0.9709,summer,40.66312,-73.95387,26.871,31.371,22.671,56.429,42.1,23.443,28.743,77.286,61.1,103.2,228.1,0,0,Not detected,0,0
11225,Brooklyn,,2026,2026-07-20,29,-0.3546,-0.935,summer,40.66312,-73.95387,23.657,28.329,19.114,57.857,25.3,26.871,23.443,56.429,42.1,67.4,197.2,0,0,Not detected,0,0
11225,Brooklyn,,2026,2026-07-27,30,-0.4647,-0.8855,summer,40.66312,-73.95387,23.871,27.557,21.014,79.429,68.5,23.657,26.871,57.857,25.3,93.8,195.7,0,0,Not detected,0,0
11225,Brooklyn,,2026,2026-08-03,31,-0.5681,-0.823,summer,40.66312,-73.95387,26.343,30.786,22.529,73.286,44.8,23.871,23.657,79.429,68.5,113.3,194.2,0,0,Not detected,0,0
11225,Brooklyn,,2026,2026-08-10,32,-0.6631,-0.7485,summer,40.66312,-73.95387,25.371,29.7,21.314,65.0,26.1,26.343,23.871,73.286,44.8,70.9,204.7,0,0,Not detected,0,0
11225,Brooklyn,,2026,2026-08-17,33,-0.7485,-0.6631,summer,40.66312,-73.95387,23.66,28.08,20.22,79.6,67.5,25.371,26.343,65.0,26.1,93.6,185.6,0,0,Not detected,0,0
11226,Brooklyn,,2026,2026-06-01,22,0.4647,-0.8855,summer,40.64641,-73.95666,22.271,28.643,16.514,49.0,9.2,19.3,19.686,60.429,4.9,14.1,109.4,0,0,Not detected,0,0
11226,Brooklyn,,2026,2026-06-08,23,0.3546,-0.935,summer,40.64641,-73.95666,24.571,29.0,20.4,58.714,9.9,22.271,19.3,49.0,9.2,19.1,145.5,0,0,Not detected,0,0
11226,Brooklyn,,2026,2026-06-15,24,0.2393,-0.9709,summer,40.64641,-73.95666,23.214,27.743,18.529,52.714,18.5,24.571,22.271,58.714,9.9,28.4,172.7,0,0,Not detected,0,0
11226,Brooklyn,,2026,2026-06-22,25,0.1205,-0.9927,summer,40.64641,-73.95666,22.571,25.957,19.429,75.143,57.5,23.214,24.571,52.714,18.5,76.0,172.7,0,0,Not detected,0,0
11226,Brooklyn,,2026,2026-06-29,26,-0.0,-1.0,summer,40.64641,-73.95666,28.743,33.871,23.929,61.857,31.0,22.571,23.214,75.143,57.5,88.5,199.8,0,0,Not detected,0,0
11226,Brooklyn,,2026,2026-07-06,27,-0.1205,-0.9927,summer,40.64641,-73.95666,23.443,27.286,20.129,77.286,61.1,28.743,22.571,61.857,31.0,92.1,201.1,0,0,Not detected,0,0
11226,Brooklyn,,2026,2026-07-13,28,-0.2393,-0.9709,summer,40.64641,-73.95666,26.871,31.371,22.671,56.429,42.1,23.443,28.743,77.286,61.1,103.2,228.1,0,0,Not detected,0,0
11226,Brooklyn,,2026,2026-07-20,29,-0.3546,-0.935,summer,40.64641,-73.95666,23.657,28.329,19.114,57.857,25.3,26.871,23.443,56.429,42.1,67.4,197.2,0,0,Not detected,0,0
11226,Brooklyn,,2026,2026-07-27,30,-0.4647,-0.8855,summer,40.64641,-73.95666,23.871,27.557,21.014,79.429,68.5,23.657,26.871,57.857,25.3,93.8,195.7,0,0,Not detected,0,0
11226,Brooklyn,,2026,2026-08-03,31,-0.5681,-0.823,summer,40.64641,-73.95666,26.343,30.786,22.529,73.286,44.8,23.871,23.657,79.429,68.5,113.3,194.2,0,0,Not detected,0,0
11226,Brooklyn,,2026,2026-08-10,32,-0.6631,-0.7485,summer,40.64641,-73.95666,25.371,29.7,21.314,65.0,26.1,26.343,23.871,73.286,44.8,70.9,204.7,0,0,Not detected,0,0
11226,Brooklyn,,2026,2026-08-17,33,-0.7485,-0.6631,summer,40.64641,-73.95666,23.66,28.08,20.22,79.6,67.5,25.371,26.343,65.0,26.1,93.6,185.6,0,0,Not detected,0,0
11228,Brooklyn,Dyker Heights,2026,2026-06-01,22,0.4647,-0.8855,summer,40.61673,-74.01343,21.171,26.471,16.543,54.571,8.9,18.9,18.871,62.714,4.7,13.6,95.1,0,0,Detected in the past 2 weeks,0,0
11228,Brooklyn,Dyker Heights,2026,2026-06-08,23,0.3546,-0.935,summer,40.61673,-74.01343,23.514,27.086,20.214,64.286,13.7,21.171,18.9,54.571,8.9,22.6,128.0,0,0,Detected in the past 2 weeks,0,0
11228,Brooklyn,Dyker Heights,2026,2026-06-15,24,0.2393,-0.9709,summer,40.61673,-74.01343,22.586,26.371,18.643,55.714,18.2,23.514,21.171,64.286,13.7,31.9,154.4,0,0,Detected in the past 2 weeks,0,0
11228,Brooklyn,Dyker Heights,2026,2026-06-22,25,0.1205,-0.9927,summer,40.61673,-74.01343,21.986,24.771,19.371,79.429,46.0,22.586,23.514,55.714,18.2,64.2,157.4,0,0,Detected in the past 2 weeks,0,0
11228,Brooklyn,Dyker Heights,2026,2026-06-29,26,-0.0,-1.0,summer,40.61673,-74.01343,27.614,31.9,23.9,66.429,23.9,21.986,22.586,79.429,46.0,69.9,183.5,0,0,Detected in the past 2 weeks,0,0
11228,Brooklyn,Dyker Heights,2026,2026-07-06,27,-0.1205,-0.9927,summer,40.61673,-74.01343,23.143,26.257,20.357,79.286,56.3,27.614,21.986,66.429,23.9,80.2,187.6,0,0,Detected in the past 2 weeks,1,1
11228,Brooklyn,Dyker Heights,2026,2026-07-13,28,-0.2393,-0.9709,summer,40.61673,-74.01343,26.343,30.257,22.829,59.714,31.4,23.143,27.614,79.286,56.3,87.7,215.9,1,0,Detected in the past 2 weeks,1,1
11228,Brooklyn,Dyker Heights,2026,2026-07-20,29,-0.3546,-0.935,summer,40.61673,-74.01343,23.129,26.6,19.529,61.143,15.1,26.343,23.143,59.714,31.4,46.5,187.4,1,1,Detected in the past 2 weeks,1,1
11228,Brooklyn,Dyker Heights,2026,2026-07-27,30,-0.4647,-0.8855,summer,40.61673,-74.01343,23.614,26.457,21.3,81.714,61.4,23.129,26.343,61.143,15.1,76.5,187.4,1,2,Detected in the past 2 weeks,1,1
11228,Brooklyn,Dyker Heights,2026,2026-08-03,31,-0.5681,-0.823,summer,40.61673,-74.01343,25.843,29.314,22.771,76.429,42.3,23.614,23.129,81.714,61.4,103.7,185.7,1,3,Detected in the past 2 weeks,1,1
11228,Brooklyn,Dyker Heights,2026,2026-08-10,32,-0.6631,-0.7485,summer,40.61673,-74.01343,25.157,28.386,21.8,66.714,20.1,25.843,23.614,76.429,42.3,62.4,198.6,1,3,Detected in the past 2 weeks,1,1
11228,Brooklyn,Dyker Heights,2026,2026-08-17,33,-0.7485,-0.6631,summer,40.61673,-74.01343,23.68,27.08,20.66,80.6,63.7,25.157,25.843,66.714,20.1,83.8,180.8,1,3,Detected in the past 2 weeks,0,0
11229,Brooklyn,"Homecrest, Marine Park",2026,2026-06-01,22,0.4647,-0.8855,summer,40.60129,-73.94449,21.171,26.471,16.543,54.571,8.9,18.9,18.871,62.714,4.7,13.6,95.1,0,0,Detected in the past 2 weeks,0,0
11229,Brooklyn,"Homecrest, Marine Park",2026,2026-06-08,23,0.3546,-0.935,summer,40.60129,-73.94449,23.514,27.086,20.214,64.286,13.7,21.171,18.9,54.571,8.9,22.6,128.0,0,0,Detected in the past 2 weeks,0,0
11229,Brooklyn,"Homecrest, Marine Park",2026,2026-06-15,24,0.2393,-0.9709,summer,40.60129,-73.94449,22.586,26.371,18.643,55.714,18.2,23.514,21.171,64.286,13.7,31.9,154.4,0,0,Detected in the past 2 weeks,0,0
11229,Brooklyn,"Homecrest, Marine Park",2026,2026-06-22,25,0.1205,-0.9927,summer,40.60129,-73.94449,21.986,24.771,19.371,79.429,46.0,22.586,23.514,55.714,18.2,64.2,157.4,0,0,Detected in the past 2 weeks,0,0
11229,Brooklyn,"Homecrest, Marine Park",2026,2026-06-29,26,-0.0,-1.0,summer,40.60129,-73.94449,27.614,31.9,23.9,66.429,23.9,21.986,22.586,79.429,46.0,69.9,183.5,0,0,Detected in the past 2 weeks,1,1
11229,Brooklyn,"Homecrest, Marine Park",2026,2026-07-06,27,-0.1205,-0.9927,summer,40.60129,-73.94449,23.143,26.257,20.357,79.286,56.3,27.614,21.986,66.429,23.9,80.2,187.6,1,0,Detected in the past 2 weeks,2,1
11229,Brooklyn,"Homecrest, Marine Park",2026,2026-07-13,28,-0.2393,-0.9709,summer,40.60129,-73.94449,26.343,30.257,22.829,59.714,31.4,23.143,27.614,79.286,56.3,87.7,215.9,2,1,Detected in the past 2 weeks,0,0
11229,Brooklyn,"Homecrest, Marine Park",2026,2026-07-20,29,-0.3546,-0.935,summer,40.60129,-73.94449,23.129,26.6,19.529,61.143,15.1,26.343,23.143,59.714,31.4,46.5,187.4,0,3,Detected in the past 2 weeks,2,1
11229,Brooklyn,"Homecrest, Marine Park",2026,2026-07-27,30,-0.4647,-0.8855,summer,40.60129,-73.94449,23.614,26.457,21.3,81.714,61.4,23.129,26.343,61.143,15.1,76.5,187.4,2,3,Detected in the past 2 weeks,1,1
11229,Brooklyn,"Homecrest, Marine Park",2026,2026-08-03,31,-0.5681,-0.823,summer,40.60129,-73.94449,25.843,29.314,22.771,76.429,42.3,23.614,23.129,81.714,61.4,103.7,185.7,1,4,Detected in the past 2 weeks,2,1
11229,Brooklyn,"Homecrest, Marine Park",2026,2026-08-10,32,-0.6631,-0.7485,summer,40.60129,-73.94449,25.157,28.386,21.8,66.714,20.1,25.843,23.614,76.429,42.3,62.4,198.6,2,3,Detected in the past 2 weeks,1,1
11229,Brooklyn,"Homecrest, Marine Park",2026,2026-08-17,33,-0.7485,-0.6631,summer,40.60129,-73.94449,23.68,27.08,20.66,80.6,63.7,25.157,25.843,66.714,20.1,83.8,180.8,1,5,Detected in the past 2 weeks,0,0
11230,Brooklyn,,2026,2026-06-01,22,0.4647,-0.8855,summer,40.62209,-73.96519,21.171,26.471,16.543,54.571,8.9,18.9,18.871,62.714,4.7,13.6,95.1,0,0,Not detected,0,0
11230,Brooklyn,,2026,2026-06-08,23,0.3546,-0.935,summer,40.62209,-73.96519,23.514,27.086,20.214,64.286,13.7,21.171,18.9,54.571,8.9,22.6,128.0,0,0,Not detected,0,0
11230,Brooklyn,,2026,2026-06-15,24,0.2393,-0.9709,summer,40.62209,-73.96519,22.586,26.371,18.643,55.714,18.2,23.514,21.171,64.286,13.7,31.9,154.4,0,0,Not detected,0,0
11230,Brooklyn,,2026,2026-06-22,25,0.1205,-0.9927,summer,40.62209,-73.96519,21.986,24.771,19.371,79.429,46.0,22.586,23.514,55.714,18.2,64.2,157.4,0,0,Not detected,0,0
11230,Brooklyn,,2026,2026-06-29,26,-0.0,-1.0,summer,40.62209,-73.96519,27.614,31.9,23.9,66.429,23.9,21.986,22.586,79.429,46.0,69.9,183.5,0,0,Not detected,0,0
11230,Brooklyn,,2026,2026-07-06,27,-0.1205,-0.9927,summer,40.62209,-73.96519,23.143,26.257,20.357,79.286,56.3,27.614,21.986,66.429,23.9,80.2,187.6,0,0,Not detected,0,0
11230,Brooklyn,,2026,2026-07-13,28,-0.2393,-0.9709,summer,40.62209,-73.96519,26.343,30.257,22.829,59.714,31.4,23.143,27.614,79.286,56.3,87.7,215.9,0,0,Not detected,0,0
11230,Brooklyn,,2026,2026-07-20,29,-0.3546,-0.935,summer,40.62209,-73.96519,23.129,26.6,19.529,61.143,15.1,26.343,23.143,59.714,31.4,46.5,187.4,0,0,Not detected,0,0
11230,Brooklyn,,2026,2026-07-27,30,-0.4647,-0.8855,summer,40.62209,-73.96519,23.614,26.457,21.3,81.714,61.4,23.129,26.343,61.143,15.1,76.5,187.4,0,0,Not detected,0,0
11230,Brooklyn,,2026,2026-08-03,31,-0.5681,-0.823,summer,40.62209,-73.96519,25.843,29.314,22.771,76.429,42.3,23.614,23.129,81.714,61.4,103.7,185.7,0,0,Not detected,0,0
11230,Brooklyn,,2026,2026-08-10,32,-0.6631,-0.7485,summer,40.62209,-73.96519,25.157,28.386,21.8,66.714,20.1,25.843,23.614,76.429,42.3,62.4,198.6,0,0,Not detected,0,0
11230,Brooklyn,,2026,2026-08-17,33,-0.7485,-0.6631,summer,40.62209,-73.96519,23.68,27.08,20.66,80.6,63.7,25.157,25.843,66.714,20.1,83.8,180.8,0,0,Not detected,0,0
11231,Brooklyn,,2026,2026-06-01,22,0.4647,-0.8855,summer,40.67792,-74.00515,23.0,29.586,16.643,47.286,9.4,19.629,20.314,58.571,5.5,14.9,118.8,0,0,Not detected,0,0
11231,Brooklyn,,2026,2026-06-08,23,0.3546,-0.935,summer,40.67792,-74.00515,25.543,30.957,20.486,55.0,12.5,23.0,19.629,47.286,9.4,21.9,159.5,0,0,Not detected,0,0
11231,Brooklyn,,2026,2026-06-15,24,0.2393,-0.9709,summer,40.67792,-74.00515,23.357,28.086,18.471,51.857,21.4,25.543,23.0,55.0,12.5,33.9,184.9,0,0,Not detected,0,0
11231,Brooklyn,,2026,2026-06-22,25,0.1205,-0.9927,summer,40.67792,-74.00515,23.0,26.571,19.643,72.0,50.7,23.357,25.543,51.857,21.4,72.1,182.7,0,0,Not detected,0,0
11231,Brooklyn,,2026,2026-06-29,26,-0.0,-1.0,summer,40.67792,-74.00515,29.486,35.257,24.143,59.429,31.8,23.0,23.357,72.0,50.7,82.5,209.1,0,0,Not detected,0,0
11231,Brooklyn,,2026,2026-07-06,27,-0.1205,-0.9927,summer,40.67792,-74.00515,23.429,27.471,20.171,79.286,73.3,29.486,23.0,59.429,31.8,105.1,208.6,0,0,Not detected,0,0
11231,Brooklyn,,2026,2026-07-13,28,-0.2393,-0.9709,summer,40.67792,-74.00515,26.614,31.4,22.2,58.286,32.8,23.429,29.486,79.286,73.3,106.1,231.1,0,0,Not detected,0,0
11231,Brooklyn,,2026,2026-07-20,29,-0.3546,-0.935,summer,40.67792,-74.00515,23.529,28.714,18.7,60.286,21.7,26.614,23.429,58.286,32.8,54.5,194.3,0,0,Not detected,0,0
11231,Brooklyn,,2026,2026-07-27,30,-0.4647,-0.8855,summer,40.67792,-74.00515,24.0,28.271,20.814,78.429,96.9,23.529,26.614,60.286,21.7,118.6,193.8,0,0,Not detected,0,0
11231,Brooklyn,,2026,2026-08-03,31,-0.5681,-0.823,summer,40.67792,-74.00515,26.229,31.129,22.286,74.286,47.3,24.0,23.529,78.429,96.9,144.2,193.1,0,0,Not detected,0,0
11231,Brooklyn,,2026,2026-08-10,32,-0.6631,-0.7485,summer,40.67792,-74.00515,25.286,30.043,21.014,66.857,31.5,26.229,24.0,74.286,47.3,78.8,204.0,0,0,Not detected,0,0
11231,Brooklyn,,2026,2026-08-17,33,-0.7485,-0.6631,summer,40.67792,-74.00515,23.86,28.44,19.98,78.2,43.3,25.286,26.229,66.857,31.5,74.8,185.0,0,0,Not detected,0,0
11232,Brooklyn,"Greenwood Heights, Greenwood Cemetery",2026,2026-06-01,22,0.4647,-0.8855,summer,40.65654,-74.00518,22.3,28.643,16.514,49.0,9.2,19.314,19.743,60.429,4.9,14.1,109.9,0,0,Detected in the past 2 weeks,0,0
11232,Brooklyn,"Greenwood Heights, Greenwood Cemetery",2026,2026-06-08,23,0.3546,-0.935,summer,40.65654,-74.00518,24.614,29.0,20.4,58.714,9.9,22.3,19.314,49.0,9.2,19.1,146.1,0,0,Detected in the past 2 weeks,0,0
11232,Brooklyn,"Greenwood Heights, Greenwood Cemetery",2026,2026-06-15,24,0.2393,-0.9709,summer,40.65654,-74.00518,23.229,27.743,18.529,52.714,18.5,24.614,22.3,58.714,9.9,28.4,173.3,0,0,Detected in the past 2 weeks,0,0
11232,Brooklyn,"Greenwood Heights, Greenwood Cemetery",2026,2026-06-22,25,0.1205,-0.9927,summer,40.65654,-74.00518,22.571,25.957,19.429,75.143,57.5,23.229,24.614,52.714,18.5,76.0,173.1,0,0,Detected in the past 2 weeks,0,0
11232,Brooklyn,"Greenwood Heights, Greenwood Cemetery",2026,2026-06-29,26,-0.0,-1.0,summer,40.65654,-74.00518,28.786,33.871,23.929,61.857,31.0,22.571,23.229,75.143,57.5,88.5,200.2,0,0,Detected in the past 2 weeks,1,1
11232,Brooklyn,"Greenwood Heights, Greenwood Cemetery",2026,2026-07-06,27,-0.1205,-0.9927,summer,40.65654,-74.00518,23.471,27.286,20.129,77.286,61.1,28.786,22.571,61.857,31.0,92.1,201.6,1,0,Detected in the past 2 weeks,0,0
11232,Brooklyn,"Greenwood Heights, Greenwood Cemetery",2026,2026-07-13,28,-0.2393,-0.9709,summer,40.65654,-74.00518,26.871,31.371,22.671,56.571,42.1,23.471,28.786,77.286,61.1,103.2,228.6,0,1,Detected in the past 2 weeks,1,1
11232,Brooklyn,"Greenwood Heights, Greenwood Cemetery",2026,2026-07-20,29,-0.3546,-0.935,summer,40.65654,-74.00518,23.7,28.329,19.114,57.857,25.3,26.871,23.471,56.571,42.1,67.4,197.6,1,1,Detected in the past 2 weeks,1,1
11232,Brooklyn,"Greenwood Heights, Greenwood Cemetery",2026,2026-07-27,30,-0.4647,-0.8855,summer,40.65654,-74.00518,23.929,27.557,21.014,79.429,68.5,23.7,26.871,57.857,25.3,93.8,196.4,1,2,Detected in the past 2 weeks,1,1
11232,Brooklyn,"Greenwood Heights, Greenwood Cemetery",2026,2026-08-03,31,-0.5681,-0.823,summer,40.65654,-74.00518,26.357,30.786,22.529,73.286,44.8,23.929,23.7,79.429,68.5,113.3,195.0,1,2,Detected in the past 2 weeks,1,1
11232,Brooklyn,"Greenwood Heights, Greenwood Cemetery",2026,2026-08-10,32,-0.6631,-0.7485,summer,40.65654,-74.00518,25.4,29.7,21.314,65.0,26.1,26.357,23.929,73.286,44.8,70.9,205.3,1,3,Detected in the past 2 weeks,1,1
11232,Brooklyn,"Greenwood Heights, Greenwood Cemetery",2026,2026-08-17,33,-0.7485,-0.6631,summer,40.65654,-74.00518,23.74,28.08,20.22,79.6,67.5,25.4,26.357,65.0,26.1,93.6,186.2,1,3,Detected in the past 2 weeks,0,0
11233,Brooklyn,,2026,2026-06-01,22,0.4647,-0.8855,summer,40.6783,-73.91993,22.271,28.643,16.514,49.0,9.2,19.3,19.686,60.429,4.9,14.1,109.4,0,0,Not detected,0,0
11233,Brooklyn,,2026,2026-06-08,23,0.3546,-0.935,summer,40.6783,-73.91993,24.571,29.0,20.4,58.714,9.9,22.271,19.3,49.0,9.2,19.1,145.5,0,0,Not detected,0,0
11233,Brooklyn,,2026,2026-06-15,24,0.2393,-0.9709,summer,40.6783,-73.91993,23.214,27.743,18.529,52.714,18.5,24.571,22.271,58.714,9.9,28.4,172.7,0,0,Not detected,0,0
11233,Brooklyn,,2026,2026-06-22,25,0.1205,-0.9927,summer,40.6783,-73.91993,22.571,25.957,19.429,75.143,57.5,23.214,24.571,52.714,18.5,76.0,172.7,0,0,Not detected,0,0
11233,Brooklyn,,2026,2026-06-29,26,-0.0,-1.0,summer,40.6783,-73.91993,28.743,33.871,23.929,61.857,31.0,22.571,23.214,75.143,57.5,88.5,199.8,0,0,Not detected,0,0
11233,Brooklyn,,2026,2026-07-06,27,-0.1205,-0.9927,summer,40.6783,-73.91993,23.443,27.286,20.129,77.286,61.1,28.743,22.571,61.857,31.0,92.1,201.1,0,0,Not detected,0,0
11233,Brooklyn,,2026,2026-07-13,28,-0.2393,-0.9709,summer,40.6783,-73.91993,26.871,31.371,22.671,56.429,42.1,23.443,28.743,77.286,61.1,103.2,228.1,0,0,Not detected,0,0
11233,Brooklyn,,2026,2026-07-20,29,-0.3546,-0.935,summer,40.6783,-73.91993,23.657,28.329,19.114,57.857,25.3,26.871,23.443,56.429,42.1,67.4,197.2,0,0,Not detected,0,0
11233,Brooklyn,,2026,2026-07-27,30,-0.4647,-0.8855,summer,40.6783,-73.91993,23.871,27.557,21.014,79.429,68.5,23.657,26.871,57.857,25.3,93.8,195.7,0,0,Not detected,0,0
11233,Brooklyn,,2026,2026-08-03,31,-0.5681,-0.823,summer,40.6783,-73.91993,26.343,30.786,22.529,73.286,44.8,23.871,23.657,79.429,68.5,113.3,194.2,0,0,Not detected,0,0
11233,Brooklyn,,2026,2026-08-10,32,-0.6631,-0.7485,summer,40.6783,-73.91993,25.371,29.7,21.314,65.0,26.1,26.343,23.871,73.286,44.8,70.9,204.7,0,0,Not detected,0,0
11233,Brooklyn,,2026,2026-08-17,33,-0.7485,-0.6631,summer,40.6783,-73.91993,23.66,28.08,20.22,79.6,67.5,25.371,26.343,65.0,26.1,93.6,185.6,0,0,Not detected,0,0
11234,Brooklyn,"Bergen Beach, Marine Park, Flatlands, Mill Basin",2026,2026-06-01,22,0.4647,-0.8855,summer,40.60772,-73.91065,21.171,26.471,16.543,54.571,8.9,18.9,18.871,62.714,4.7,13.6,95.1,0,0,Detected in the past 2 weeks,0,0
11234,Brooklyn,"Bergen Beach, Marine Park, Flatlands, Mill Basin",2026,2026-06-08,23,0.3546,-0.935,summer,40.60772,-73.91065,23.514,27.086,20.214,64.286,13.7,21.171,18.9,54.571,8.9,22.6,128.0,0,0,Detected in the past 2 weeks,0,0
11234,Brooklyn,"Bergen Beach, Marine Park, Flatlands, Mill Basin",2026,2026-06-15,24,0.2393,-0.9709,summer,40.60772,-73.91065,22.586,26.371,18.643,55.714,18.2,23.514,21.171,64.286,13.7,31.9,154.4,0,0,Detected in the past 2 weeks,0,0
11234,Brooklyn,"Bergen Beach, Marine Park, Flatlands, Mill Basin",2026,2026-06-22,25,0.1205,-0.9927,summer,40.60772,-73.91065,21.986,24.771,19.371,79.429,46.0,22.586,23.514,55.714,18.2,64.2,157.4,0,0,Detected in the past 2 weeks,0,0
11234,Brooklyn,"Bergen Beach, Marine Park, Flatlands, Mill Basin",2026,2026-06-29,26,-0.0,-1.0,summer,40.60772,-73.91065,27.614,31.9,23.9,66.429,23.9,21.986,22.586,79.429,46.0,69.9,183.5,0,0,Detected in the past 2 weeks,1,1
11234,Brooklyn,"Bergen Beach, Marine Park, Flatlands, Mill Basin",2026,2026-07-06,27,-0.1205,-0.9927,summer,40.60772,-73.91065,23.143,26.257,20.357,79.286,56.3,27.614,21.986,66.429,23.9,80.2,187.6,1,0,Detected in the past 2 weeks,1,1
11234,Brooklyn,"Bergen Beach, Marine Park, Flatlands, Mill Basin",2026,2026-07-13,28,-0.2393,-0.9709,summer,40.60772,-73.91065,26.343,30.257,22.829,59.714,31.4,23.143,27.614,79.286,56.3,87.7,215.9,1,1,Detected in the past 2 weeks,2,1
11234,Brooklyn,"Bergen Beach, Marine Park, Flatlands, Mill Basin",2026,2026-07-20,29,-0.3546,-0.935,summer,40.60772,-73.91065,23.129,26.6,19.529,61.143,15.1,26.343,23.143,59.714,31.4,46.5,187.4,2,2,Detected in the past 2 weeks,2,1
11234,Brooklyn,"Bergen Beach, Marine Park, Flatlands, Mill Basin",2026,2026-07-27,30,-0.4647,-0.8855,summer,40.60772,-73.91065,23.614,26.457,21.3,81.714,61.4,23.129,26.343,61.143,15.1,76.5,187.4,2,4,Detected in the past 2 weeks,2,1
11234,Brooklyn,"Bergen Beach, Marine Park, Flatlands, Mill Basin",2026,2026-08-03,31,-0.5681,-0.823,summer,40.60772,-73.91065,25.843,29.314,22.771,76.429,42.3,23.614,23.129,81.714,61.4,103.7,185.7,2,5,Detected in the past 2 weeks,2,1
11234,Brooklyn,"Bergen Beach, Marine Park, Flatlands, Mill Basin",2026,2026-08-10,32,-0.6631,-0.7485,summer,40.60772,-73.91065,25.157,28.386,21.8,66.714,20.1,25.843,23.614,76.429,42.3,62.4,198.6,2,6,Detected in the past 2 weeks,2,1
11234,Brooklyn,"Bergen Beach, Marine Park, Flatlands, Mill Basin",2026,2026-08-17,33,-0.7485,-0.6631,summer,40.60772,-73.91065,23.68,27.08,20.66,80.6,63.7,25.157,25.843,66.714,20.1,83.8,180.8,2,6,Detected in the past 2 weeks,0,0
11235,Brooklyn,"Sheeps Head Bay, Brighton Beach",2026,2026-06-01,22,0.4647,-0.8855,summer,40.58422,-73.94317,21.171,26.471,16.543,54.571,8.9,18.9,18.871,62.714,4.7,13.6,95.1,0,0,Detected in the past 2 weeks,0,0
11235,Brooklyn,"Sheeps Head Bay, Brighton Beach",2026,2026-06-08,23,0.3546,-0.935,summer,40.58422,-73.94317,23.514,27.086,20.214,64.286,13.7,21.171,18.9,54.571,8.9,22.6,128.0,0,0,Detected in the past 2 weeks,0,0
11235,Brooklyn,"Sheeps Head Bay, Brighton Beach",2026,2026-06-15,24,0.2393,-0.9709,summer,40.58422,-73.94317,22.586,26.371,18.643,55.714,18.2,23.514,21.171,64.286,13.7,31.9,154.4,0,0,Detected in the past 2 weeks,0,0
11235,Brooklyn,"Sheeps Head Bay, Brighton Beach",2026,2026-06-22,25,0.1205,-0.9927,summer,40.58422,-73.94317,21.986,24.771,19.371,79.429,46.0,22.586,23.514,55.714,18.2,64.2,157.4,0,0,Detected in the past 2 weeks,0,0
11235,Brooklyn,"Sheeps Head Bay, Brighton Beach",2026,2026-06-29,26,-0.0,-1.0,summer,40.58422,-73.94317,27.614,31.9,23.9,66.429,23.9,21.986,22.586,79.429,46.0,69.9,183.5,0,0,Detected in the past 2 weeks,0,0
11235,Brooklyn,"Sheeps Head Bay, Brighton Beach",2026,2026-07-06,27,-0.1205,-0.9927,summer,40.58422,-73.94317,23.143,26.257,20.357,79.286,56.3,27.614,21.986,66.429,23.9,80.2,187.6,0,0,Detected in the past 2 weeks,1,1
11235,Brooklyn,"Sheeps Head Bay, Brighton Beach",2026,2026-07-13,28,-0.2393,-0.9709,summer,40.58422,-73.94317,26.343,30.257,22.829,59.714,31.4,23.143,27.614,79.286,56.3,87.7,215.9,1,0,Detected in the past 2 weeks,1,1
11235,Brooklyn,"Sheeps Head Bay, Brighton Beach",2026,2026-07-20,29,-0.3546,-0.935,summer,40.58422,-73.94317,23.129,26.6,19.529,61.143,15.1,26.343,23.143,59.714,31.4,46.5,187.4,1,1,Detected in the past 2 weeks,1,1
11235,Brooklyn,"Sheeps Head Bay, Brighton Beach",2026,2026-07-27,30,-0.4647,-0.8855,summer,40.58422,-73.94317,23.614,26.457,21.3,81.714,61.4,23.129,26.343,61.143,15.1,76.5,187.4,1,2,Detected in the past 2 weeks,1,1
11235,Brooklyn,"Sheeps Head Bay, Brighton Beach",2026,2026-08-03,31,-0.5681,-0.823,summer,40.58422,-73.94317,25.843,29.314,22.771,76.429,42.3,23.614,23.129,81.714,61.4,103.7,185.7,1,3,Detected in the past 2 weeks,1,1
11235,Brooklyn,"Sheeps Head Bay, Brighton Beach",2026,2026-08-10,32,-0.6631,-0.7485,summer,40.58422,-73.94317,25.157,28.386,21.8,66.714,20.1,25.843,23.614,76.429,42.3,62.4,198.6,1,3,Detected in the past 2 weeks,0,0
11235,Brooklyn,"Sheeps Head Bay, Brighton Beach",2026,2026-08-17,33,-0.7485,-0.6631,summer,40.58422,-73.94317,23.68,27.08,20.66,80.6,63.7,25.157,25.843,66.714,20.1,83.8,180.8,0,3,Detected in the past 2 weeks,0,0
11236,Brooklyn,"Starrett City, Canarsie, Remsen Village",2026,2026-06-01,22,0.4647,-0.8855,summer,40.63941,-73.90066,22.271,28.643,16.514,49.0,9.2,19.3,19.686,60.429,4.9,14.1,109.4,0,0,Detected in the past 2 weeks,0,0
11236,Brooklyn,"Starrett City, Canarsie, Remsen Village",2026,2026-06-08,23,0.3546,-0.935,summer,40.63941,-73.90066,24.571,29.0,20.4,58.714,9.9,22.271,19.3,49.0,9.2,19.1,145.5,0,0,Detected in the past 2 weeks,0,0
11236,Brooklyn,"Starrett City, Canarsie, Remsen Village",2026,2026-06-15,24,0.2393,-0.9709,summer,40.63941,-73.90066,23.214,27.743,18.529,52.714,18.5,24.571,22.271,58.714,9.9,28.4,172.7,0,0,Detected in the past 2 weeks,0,0
11236,Brooklyn,"Starrett City, Canarsie, Remsen Village",2026,2026-06-22,25,0.1205,-0.9927,summer,40.63941,-73.90066,22.571,25.957,19.429,75.143,57.5,23.214,24.571,52.714,18.5,76.0,172.7,0,0,Detected in the past 2 weeks,0,0
11236,Brooklyn,"Starrett City, Canarsie, Remsen Village",2026,2026-06-29,26,-0.0,-1.0,summer,40.63941,-73.90066,28.743,33.871,23.929,61.857,31.0,22.571,23.214,75.143,57.5,88.5,199.8,0,0,Detected in the past 2 weeks,0,0
11236,Brooklyn,"Starrett City, Canarsie, Remsen Village",2026,2026-07-06,27,-0.1205,-0.9927,summer,40.63941,-73.90066,23.443,27.286,20.129,77.286,61.1,28.743,22.571,61.857,31.0,92.1,201.1,0,0,Detected in the past 2 weeks,0,0
11236,Brooklyn,"Starrett City, Canarsie, Remsen Village",2026,2026-07-13,28,-0.2393,-0.9709,summer,40.63941,-73.90066,26.871,31.371,22.671,56.429,42.1,23.443,28.743,77.286,61.1,103.2,228.1,0,0,Detected in the past 2 weeks,1,1
11236,Brooklyn,"Starrett City, Canarsie, Remsen Village",2026,2026-07-20,29,-0.3546,-0.935,summer,40.63941,-73.90066,23.657,28.329,19.114,57.857,25.3,26.871,23.443,56.429,42.1,67.4,197.2,1,0,Detected in the past 2 weeks,1,1
11236,Brooklyn,"Starrett City, Canarsie, Remsen Village",2026,2026-07-27,30,-0.4647,-0.8855,summer,40.63941,-73.90066,23.871,27.557,21.014,79.429,68.5,23.657,26.871,57.857,25.3,93.8,195.7,1,1,Detected in the past 2 weeks,1,1
11236,Brooklyn,"Starrett City, Canarsie, Remsen Village",2026,2026-08-03,31,-0.5681,-0.823,summer,40.63941,-73.90066,26.343,30.786,22.529,73.286,44.8,23.871,23.657,79.429,68.5,113.3,194.2,1,2,Detected in the past 2 weeks,1,1
11236,Brooklyn,"Starrett City, Canarsie, Remsen Village",2026,2026-08-10,32,-0.6631,-0.7485,summer,40.63941,-73.90066,25.371,29.7,21.314,65.0,26.1,26.343,23.871,73.286,44.8,70.9,204.7,1,3,Detected in the past 2 weeks,1,1
11236,Brooklyn,"Starrett City, Canarsie, Remsen Village",2026,2026-08-17,33,-0.7485,-0.6631,summer,40.63941,-73.90066,23.66,28.08,20.22,79.6,67.5,25.371,26.343,65.0,26.1,93.6,185.6,1,3,Detected in the past 2 weeks,1,1
11237,Brooklyn,East Williamsburg,2026,2026-06-01,22,0.4647,-0.8855,summer,40.70416,-73.92114,22.271,28.643,16.514,49.0,9.2,19.3,19.686,60.429,4.9,14.1,109.4,0,0,Detected in the past 2 weeks,0,0
11237,Brooklyn,East Williamsburg,2026,2026-06-08,23,0.3546,-0.935,summer,40.70416,-73.92114,24.571,29.0,20.4,58.714,9.9,22.271,19.3,49.0,9.2,19.1,145.5,0,0,Detected in the past 2 weeks,0,0
11237,Brooklyn,East Williamsburg,2026,2026-06-15,24,0.2393,-0.9709,summer,40.70416,-73.92114,23.214,27.743,18.529,52.714,18.5,24.571,22.271,58.714,9.9,28.4,172.7,0,0,Detected in the past 2 weeks,0,0
11237,Brooklyn,East Williamsburg,2026,2026-06-22,25,0.1205,-0.9927,summer,40.70416,-73.92114,22.571,25.957,19.429,75.143,57.5,23.214,24.571,52.714,18.5,76.0,172.7,0,0,Detected in the past 2 weeks,0,0
11237,Brooklyn,East Williamsburg,2026,2026-06-29,26,-0.0,-1.0,summer,40.70416,-73.92114,28.743,33.871,23.929,61.857,31.0,22.571,23.214,75.143,57.5,88.5,199.8,0,0,Detected in the past 2 weeks,0,0
11237,Brooklyn,East Williamsburg,2026,2026-07-06,27,-0.1205,-0.9927,summer,40.70416,-73.92114,23.443,27.286,20.129,77.286,61.1,28.743,22.571,61.857,31.0,92.1,201.1,0,0,Detected in the past 2 weeks,0,0
11237,Brooklyn,East Williamsburg,2026,2026-07-13,28,-0.2393,-0.9709,summer,40.70416,-73.92114,26.871,31.371,22.671,56.429,42.1,23.443,28.743,77.286,61.1,103.2,228.1,0,0,Detected in the past 2 weeks,0,0
11237,Brooklyn,East Williamsburg,2026,2026-07-20,29,-0.3546,-0.935,summer,40.70416,-73.92114,23.657,28.329,19.114,57.857,25.3,26.871,23.443,56.429,42.1,67.4,197.2,0,0,Detected in the past 2 weeks,0,0
11237,Brooklyn,East Williamsburg,2026,2026-07-27,30,-0.4647,-0.8855,summer,40.70416,-73.92114,23.871,27.557,21.014,79.429,68.5,23.657,26.871,57.857,25.3,93.8,195.7,0,0,Detected in the past 2 weeks,0,0
11237,Brooklyn,East Williamsburg,2026,2026-08-03,31,-0.5681,-0.823,summer,40.70416,-73.92114,26.343,30.786,22.529,73.286,44.8,23.871,23.657,79.429,68.5,113.3,194.2,0,0,Detected in the past 2 weeks,1,1
11237,Brooklyn,East Williamsburg,2026,2026-08-10,32,-0.6631,-0.7485,summer,40.70416,-73.92114,25.371,29.7,21.314,65.0,26.1,26.343,23.871,73.286,44.8,70.9,204.7,1,0,Detected in the past 2 weeks,1,1
11237,Brooklyn,East Williamsburg,2026,2026-08-17,33,-0.7485,-0.6631,summer,40.70416,-73.92114,23.66,28.08,20.22,79.6,67.5,25.371,26.343,65.0,26.1,93.6,185.6,1,1,Detected in the past 2 weeks,1,1
11238,Brooklyn,Prospect Heights,2026,2026-06-01,22,0.4647,-0.8855,summer,40.67133,-73.96594,22.271,28.643,16.514,49.0,9.2,19.3,19.686,60.429,4.9,14.1,109.4,0,0,Detected in the past 2 weeks,0,0
11238,Brooklyn,Prospect Heights,2026,2026-06-08,23,0.3546,-0.935,summer,40.67133,-73.96594,24.571,29.0,20.4,58.714,9.9,22.271,19.3,49.0,9.2,19.1,145.5,0,0,Detected in the past 2 weeks,0,0
11238,Brooklyn,Prospect Heights,2026,2026-06-15,24,0.2393,-0.9709,summer,40.67133,-73.96594,23.214,27.743,18.529,52.714,18.5,24.571,22.271,58.714,9.9,28.4,172.7,0,0,Detected in the past 2 weeks,0,0
11238,Brooklyn,Prospect Heights,2026,2026-06-22,25,0.1205,-0.9927,summer,40.67133,-73.96594,22.571,25.957,19.429,75.143,57.5,23.214,24.571,52.714,18.5,76.0,172.7,0,0,Detected in the past 2 weeks,0,0
11238,Brooklyn,Prospect Heights,2026,2026-06-29,26,-0.0,-1.0,summer,40.67133,-73.96594,28.743,33.871,23.929,61.857,31.0,22.571,23.214,75.143,57.5,88.5,199.8,0,0,Detected in the past 2 weeks,0,0
11238,Brooklyn,Prospect Heights,2026,2026-07-06,27,-0.1205,-0.9927,summer,40.67133,-73.96594,23.443,27.286,20.129,77.286,61.1,28.743,22.571,61.857,31.0,92.1,201.1,0,0,Detected in the past 2 weeks,0,0
11238,Brooklyn,Prospect Heights,2026,2026-07-13,28,-0.2393,-0.9709,summer,40.67133,-73.96594,26.871,31.371,22.671,56.429,42.1,23.443,28.743,77.286,61.1,103.2,228.1,0,0,Detected in the past 2 weeks,1,1
11238,Brooklyn,Prospect Heights,2026,2026-07-20,29,-0.3546,-0.935,summer,40.67133,-73.96594,23.657,28.329,19.114,57.857,25.3,26.871,23.443,56.429,42.1,67.4,197.2,1,0,Detected in the past 2 weeks,1,1
11238,Brooklyn,Prospect Heights,2026,2026-07-27,30,-0.4647,-0.8855,summer,40.67133,-73.96594,23.871,27.557,21.014,79.429,68.5,23.657,26.871,57.857,25.3,93.8,195.7,1,1,Detected in the past 2 weeks,1,1
11238,Brooklyn,Prospect Heights,2026,2026-08-03,31,-0.5681,-0.823,summer,40.67133,-73.96594,26.343,30.786,22.529,73.286,44.8,23.871,23.657,79.429,68.5,113.3,194.2,1,2,Detected in the past 2 weeks,1,1
11238,Brooklyn,Prospect Heights,2026,2026-08-10,32,-0.6631,-0.7485,summer,40.67133,-73.96594,25.371,29.7,21.314,65.0,26.1,26.343,23.871,73.286,44.8,70.9,204.7,1,3,Detected in the past 2 weeks,1,1
11238,Brooklyn,Prospect Heights,2026,2026-08-17,33,-0.7485,-0.6631,summer,40.67133,-73.96594,23.66,28.08,20.22,79.6,67.5,25.371,26.343,65.0,26.1,93.6,185.6,1,3,Detected in the past 2 weeks,0,0
11239,Brooklyn,,2026,2026-06-01,22,0.4647,-0.8855,summer,40.64689,-73.86401,21.257,26.629,16.386,52.714,8.7,18.629,18.8,62.857,4.9,13.6,93.5,0,0,Not detected,0,0
11239,Brooklyn,,2026,2026-06-08,23,0.3546,-0.935,summer,40.64689,-73.86401,23.471,27.043,20.229,63.571,8.5,21.257,18.629,52.714,8.7,17.2,126.5,0,0,Not detected,0,0
11239,Brooklyn,,2026,2026-06-15,24,0.2393,-0.9709,summer,40.64689,-73.86401,22.886,27.057,18.657,53.571,17.3,23.471,21.257,63.571,8.5,25.8,156.2,0,0,Not detected,0,0
11239,Brooklyn,,2026,2026-06-22,25,0.1205,-0.9927,summer,40.64689,-73.86401,22.143,25.286,19.3,77.714,63.0,22.886,23.471,53.571,17.3,80.3,160.4,0,0,Not detected,0,0
11239,Brooklyn,,2026,2026-06-29,26,-0.0,-1.0,summer,40.64689,-73.86401,27.429,31.143,23.9,66.714,26.1,22.143,22.886,77.714,63.0,89.1,185.4,0,0,Not detected,0,0
11239,Brooklyn,,2026,2026-07-06,27,-0.1205,-0.9927,summer,40.64689,-73.86401,23.186,26.3,20.1,78.0,69.0,27.429,22.143,66.714,26.1,95.1,187.7,0,0,Not detected,0,0
11239,Brooklyn,,2026,2026-07-13,28,-0.2393,-0.9709,summer,40.64689,-73.86401,26.457,30.329,22.843,59.143,33.0,23.186,27.429,78.0,69.0,102.0,215.4,0,0,Not detected,0,0
11239,Brooklyn,,2026,2026-07-20,29,-0.3546,-0.935,summer,40.64689,-73.86401,23.514,27.257,19.514,58.143,28.5,26.457,23.186,59.143,33.0,61.5,191.6,0,0,Not detected,0,0
11239,Brooklyn,,2026,2026-07-27,30,-0.4647,-0.8855,summer,40.64689,-73.86401,23.657,26.814,21.114,80.857,51.6,23.514,26.457,58.143,28.5,80.1,191.1,0,0,Not detected,0,0
11239,Brooklyn,,2026,2026-08-03,31,-0.5681,-0.823,summer,40.64689,-73.86401,26.071,29.657,22.743,75.0,41.3,23.657,23.514,80.857,51.6,92.9,190.1,0,0,Not detected,0,0
11239,Brooklyn,,2026,2026-08-10,32,-0.6631,-0.7485,summer,40.64689,-73.86401,25.171,28.9,21.6,66.286,22.4,26.071,23.657,75.0,41.3,63.7,200.1,0,0,Not detected,0,0
11239,Brooklyn,,2026,2026-08-17,33,-0.7485,-0.6631,summer,40.64689,-73.86401,23.54,27.18,20.3,81.0,74.3,25.171,26.071,66.286,22.4,96.7,181.9,0,0,Not detected,0,0
11249,Brooklyn,,2026,2026-06-01,22,0.4647,-0.8855,summer,40.7045,-73.966,22.271,28.643,16.514,49.0,9.2,19.3,19.686,60.429,4.9,14.1,109.4,0,0,Not detected,0,0
11249,Brooklyn,,2026,2026-06-08,23,0.3546,-0.935,summer,40.7045,-73.966,24.571,29.0,20.4,58.714,9.9,22.271,19.3,49.0,9.2,19.1,145.5,0,0,Not detected,0,0
11249,Brooklyn,,2026,2026-06-15,24,0.2393,-0.9709,summer,40.7045,-73.966,23.214,27.743,18.529,52.714,18.5,24.571,22.271,58.714,9.9,28.4,172.7,0,0,Not detected,0,0
11249,Brooklyn,,2026,2026-06-22,25,0.1205,-0.9927,summer,40.7045,-73.966,22.571,25.957,19.429,75.143,57.5,23.214,24.571,52.714,18.5,76.0,172.7,0,0,Not detected,0,0
11249,Brooklyn,,2026,2026-06-29,26,-0.0,-1.0,summer,40.7045,-73.966,28.743,33.871,23.929,61.857,31.0,22.571,23.214,75.143,57.5,88.5,199.8,0,0,Not detected,0,0
11249,Brooklyn,,2026,2026-07-06,27,-0.1205,-0.9927,summer,40.7045,-73.966,23.443,27.286,20.129,77.286,61.1,28.743,22.571,61.857,31.0,92.1,201.1,0,0,Not detected,0,0
11249,Brooklyn,,2026,2026-07-13,28,-0.2393,-0.9709,summer,40.7045,-73.966,26.871,31.371,22.671,56.429,42.1,23.443,28.743,77.286,61.1,103.2,228.1,0,0,Not detected,0,0
11249,Brooklyn,,2026,2026-07-20,29,-0.3546,-0.935,summer,40.7045,-73.966,23.657,28.329,19.114,57.857,25.3,26.871,23.443,56.429,42.1,67.4,197.2,0,0,Not detected,0,0
11249,Brooklyn,,2026,2026-07-27,30,-0.4647,-0.8855,summer,40.7045,-73.966,23.871,27.557,21.014,79.429,68.5,23.657,26.871,57.857,25.3,93.8,195.7,0,0,Not detected,0,0
11249,Brooklyn,,2026,2026-08-03,31,-0.5681,-0.823,summer,40.7045,-73.966,26.343,30.786,22.529,73.286,44.8,23.871,23.657,79.429,68.5,113.3,194.2,0,0,Not detected,0,0
11249,Brooklyn,,2026,2026-08-10,32,-0.6631,-0.7485,summer,40.7045,-73.966,25.371,29.7,21.314,65.0,26.1,26.343,23.871,73.286,44.8,70.9,204.7,0,0,Not detected,0,0
11249,Brooklyn,,2026,2026-08-17,33,-0.7485,-0.6631,summer,40.7045,-73.966,23.66,28.08,20.22,79.6,67.5,25.371,26.343,65.0,26.1,93.6,185.6,0,0,Not detected,0,0
11251,Brooklyn,,2026,2026-06-01,22,0.4647,-0.8855,summer,40.6782,-73.9442,22.271,28.643,16.514,49.0,9.2,19.3,19.686,60.429,4.9,14.1,109.4,0,0,Not detected,0,0
11251,Brooklyn,,2026,2026-06-08,23,0.3546,-0.935,summer,40.6782,-73.9442,24.571,29.0,20.4,58.714,9.9,22.271,19.3,49.0,9.2,19.1,145.5,0,0,Not detected,0,0
11251,Brooklyn,,2026,2026-06-15,24,0.2393,-0.9709,summer,40.6782,-73.9442,23.214,27.743,18.529,52.714,18.5,24.571,22.271,58.714,9.9,28.4,172.7,0,0,Not detected,0,0
11251,Brooklyn,,2026,2026-06-22,25,0.1205,-0.9927,summer,40.6782,-73.9442,22.571,25.957,19.429,75.143,57.5,23.214,24.571,52.714,18.5,76.0,172.7,0,0,Not detected,0,0
11251,Brooklyn,,2026,2026-06-29,26,-0.0,-1.0,summer,40.6782,-73.9442,28.743,33.871,23.929,61.857,31.0,22.571,23.214,75.143,57.5,88.5,199.8,0,0,Not detected,0,0
11251,Brooklyn,,2026,2026-07-06,27,-0.1205,-0.9927,summer,40.6782,-73.9442,23.443,27.286,20.129,77.286,61.1,28.743,22.571,61.857,31.0,92.1,201.1,0,0,Not detected,0,0
11251,Brooklyn,,2026,2026-07-13,28,-0.2393,-0.9709,summer,40.6782,-73.9442,26.871,31.371,22.671,56.429,42.1,23.443,28.743,77.286,61.1,103.2,228.1,0,0,Not detected,0,0
11251,Brooklyn,,2026,2026-07-20,29,-0.3546,-0.935,summer,40.6782,-73.9442,23.657,28.329,19.114,57.857,25.3,26.871,23.443,56.429,42.1,67.4,197.2,0,0,Not detected,0,0
11251,Brooklyn,,2026,2026-07-27,30,-0.4647,-0.8855,summer,40.6782,-73.9442,23.871,27.557,21.014,79.429,68.5,23.657,26.871,57.857,25.3,93.8,195.7,0,0,Not detected,0,0
11251,Brooklyn,,2026,2026-08-03,31,-0.5681,-0.823,summer,40.6782,-73.9442,26.343,30.786,22.529,73.286,44.8,23.871,23.657,79.429,68.5,113.3,194.2,0,0,Not detected,0,0
11251,Brooklyn,,2026,2026-08-10,32,-0.6631,-0.7485,summer,40.6782,-73.9442,25.371,29.7,21.314,65.0,26.1,26.343,23.871,73.286,44.8,70.9,204.7,0,0,Not detected,0,0
11251,Brooklyn,,2026,2026-08-17,33,-0.7485,-0.6631,summer,40.6782,-73.9442,23.66,28.08,20.22,79.6,67.5,25.371,26.343,65.0,26.1,93.6,185.6,0,0,Not detected,0,0
11354,Queens,"Flushing, College Point",2026,2026-06-01,22,0.4647,-0.8855,summer,40.76821,-73.82739,22.171,28.571,16.414,49.0,7.2,18.871,19.557,61.714,5.0,12.2,105.3,0,0,Detected earlier this season,0,0
11354,Queens,"Flushing, College Point",2026,2026-06-08,23,0.3546,-0.935,summer,40.76821,-73.82739,24.386,29.557,20.271,59.286,10.8,22.171,18.871,49.0,7.2,18.0,140.7,0,0,Detected earlier this season,0,0
11354,Queens,"Flushing, College Point",2026,2026-06-15,24,0.2393,-0.9709,summer,40.76821,-73.82739,23.186,27.986,18.457,51.714,17.3,24.386,22.171,59.286,10.8,28.1,170.7,0,0,Detected earlier this season,0,0
11354,Queens,"Flushing, College Point",2026,2026-06-22,25,0.1205,-0.9927,summer,40.76821,-73.82739,22.386,26.1,19.171,75.714,79.0,23.186,24.386,51.714,17.3,96.3,170.1,0,0,Detected earlier this season,0,0
11354,Queens,"Flushing, College Point",2026,2026-06-29,26,-0.0,-1.0,summer,40.76821,-73.82739,28.4,33.871,23.857,63.0,42.9,22.386,23.186,75.714,79.0,121.9,196.2,0,0,Detected earlier this season,0,0
11354,Queens,"Flushing, College Point",2026,2026-07-06,27,-0.1205,-0.9927,summer,40.76821,-73.82739,23.229,26.971,19.943,77.571,82.1,28.4,22.386,63.0,42.9,125.0,196.3,0,0,Detected earlier this season,0,0
11354,Queens,"Flushing, College Point",2026,2026-07-13,28,-0.2393,-0.9709,summer,40.76821,-73.82739,26.629,31.271,22.571,57.571,39.7,23.229,28.4,77.571,82.1,121.8,223.2,0,0,Detected earlier this season,1,1
11354,Queens,"Flushing, College Point",2026,2026-07-20,29,-0.3546,-0.935,summer,40.76821,-73.82739,23.957,28.771,19.429,55.429,17.7,26.629,23.229,57.571,39.7,57.4,196.5,1,0,Detected earlier this season,1,1
11354,Queens,"Flushing, College Point",2026,2026-07-27,30,-0.4647,-0.8855,summer,40.76821,-73.82739,23.871,27.829,20.886,79.286,51.7,23.957,26.629,55.429,17.7,69.4,196.1,1,1,Detected earlier this season,0,0
11354,Queens,"Flushing, College Point",2026,2026-08-03,31,-0.5681,-0.823,summer,40.76821,-73.82739,26.414,31.171,22.5,72.571,49.4,23.871,23.957,79.286,51.7,101.1,196.7,0,2,Detected earlier this season,0,0
11354,Queens,"Flushing, College Point",2026,2026-08-10,32,-0.6631,-0.7485,summer,40.76821,-73.82739,25.486,30.157,21.3,63.429,23.6,26.414,23.871,72.571,49.4,73.0,205.5,0,2,Detected earlier this season,0,0
11354,Queens,"Flushing, College Point",2026,2026-08-17,33,-0.7485,-0.6631,summer,40.76821,-73.82739,23.46,27.92,19.94,80.0,69.1,25.486,26.414,63.429,23.6,92.7,186.0,0,1,Detected earlier this season,0,0
11355,Queens,"Queensboro Hill, Downtown Flushing, Murray Hills",2026,2026-06-01,22,0.4647,-0.8855,summer,40.75144,-73.82123,22.171,28.571,16.414,49.0,7.2,18.871,19.557,61.714,5.0,12.2,105.3,0,0,Detected earlier this season,0,0
11355,Queens,"Queensboro Hill, Downtown Flushing, Murray Hills",2026,2026-06-08,23,0.3546,-0.935,summer,40.75144,-73.82123,24.386,29.557,20.271,59.286,10.8,22.171,18.871,49.0,7.2,18.0,140.7,0,0,Detected earlier this season,0,0
11355,Queens,"Queensboro Hill, Downtown Flushing, Murray Hills",2026,2026-06-15,24,0.2393,-0.9709,summer,40.75144,-73.82123,23.186,27.986,18.457,51.714,17.3,24.386,22.171,59.286,10.8,28.1,170.7,0,0,Detected earlier this season,0,0
11355,Queens,"Queensboro Hill, Downtown Flushing, Murray Hills",2026,2026-06-22,25,0.1205,-0.9927,summer,40.75144,-73.82123,22.386,26.1,19.171,75.714,79.0,23.186,24.386,51.714,17.3,96.3,170.1,0,0,Detected earlier this season,0,0
11355,Queens,"Queensboro Hill, Downtown Flushing, Murray Hills",2026,2026-06-29,26,-0.0,-1.0,summer,40.75144,-73.82123,28.4,33.871,23.857,63.0,42.9,22.386,23.186,75.714,79.0,121.9,196.2,0,0,Detected earlier this season,0,0
11355,Queens,"Queensboro Hill, Downtown Flushing, Murray Hills",2026,2026-07-06,27,-0.1205,-0.9927,summer,40.75144,-73.82123,23.229,26.971,19.943,77.571,82.1,28.4,22.386,63.0,42.9,125.0,196.3,0,0,Detected earlier this season,0,0
11355,Queens,"Queensboro Hill, Downtown Flushing, Murray Hills",2026,2026-07-13,28,-0.2393,-0.9709,summer,40.75144,-73.82123,26.629,31.271,22.571,57.571,39.7,23.229,28.4,77.571,82.1,121.8,223.2,0,0,Detected earlier this season,1,1
11355,Queens,"Queensboro Hill, Downtown Flushing, Murray Hills",2026,2026-07-20,29,-0.3546,-0.935,summer,40.75144,-73.82123,23.957,28.771,19.429,55.429,17.7,26.629,23.229,57.571,39.7,57.4,196.5,1,0,Detected earlier this season,1,1
11355,Queens,"Queensboro Hill, Downtown Flushing, Murray Hills",2026,2026-07-27,30,-0.4647,-0.8855,summer,40.75144,-73.82123,23.871,27.829,20.886,79.286,51.7,23.957,26.629,55.429,17.7,69.4,196.1,1,1,Detected earlier this season,2,1
11355,Queens,"Queensboro Hill, Downtown Flushing, Murray Hills",2026,2026-08-03,31,-0.5681,-0.823,summer,40.75144,-73.82123,26.414,31.171,22.5,72.571,49.4,23.871,23.957,79.286,51.7,101.1,196.7,2,2,Detected earlier this season,0,0
11355,Queens,"Queensboro Hill, Downtown Flushing, Murray Hills",2026,2026-08-10,32,-0.6631,-0.7485,summer,40.75144,-73.82123,25.486,30.157,21.3,63.429,23.6,26.414,23.871,72.571,49.4,73.0,205.5,0,4,Detected earlier this season,0,0
11355,Queens,"Queensboro Hill, Downtown Flushing, Murray Hills",2026,2026-08-17,33,-0.7485,-0.6631,summer,40.75144,-73.82123,23.46,27.92,19.94,80.0,69.1,25.486,26.414,63.429,23.6,92.7,186.0,0,3,Detected earlier this season,0,0
11356,Queens,"College Point, Malba",2026,2026-06-01,22,0.4647,-0.8855,summer,40.78487,-73.84153,22.786,29.029,16.843,46.143,8.5,19.457,20.257,57.857,5.0,13.5,116.2,0,0,Detected in the past 2 weeks,0,0
11356,Queens,"College Point, Malba",2026,2026-06-08,23,0.3546,-0.935,summer,40.78487,-73.84153,25.071,30.514,20.571,55.714,12.8,22.786,19.457,46.143,8.5,21.3,153.7,0,0,Detected in the past 2 weeks,0,0
11356,Queens,"College Point, Malba",2026,2026-06-15,24,0.2393,-0.9709,summer,40.78487,-73.84153,23.214,27.871,18.457,51.714,19.2,25.071,22.786,55.714,12.8,32.0,179.8,0,0,Detected in the past 2 weeks,0,0
11356,Queens,"College Point, Malba",2026,2026-06-22,25,0.1205,-0.9927,summer,40.78487,-73.84153,22.471,25.957,19.329,74.429,56.4,23.214,25.071,51.714,19.2,75.6,174.9,0,0,Detected in the past 2 weeks,0,0
11356,Queens,"College Point, Malba",2026,2026-06-29,26,-0.0,-1.0,summer,40.78487,-73.84153,28.743,34.329,23.8,61.857,44.1,22.471,23.214,74.429,56.4,100.5,199.6,0,0,Detected in the past 2 weeks,0,0
11356,Queens,"College Point, Malba",2026,2026-07-06,27,-0.1205,-0.9927,summer,40.78487,-73.84153,23.143,26.914,20.043,79.571,86.3,28.743,22.471,61.857,44.1,130.4,198.5,0,0,Detected in the past 2 weeks,2,1
11356,Queens,"College Point, Malba",2026,2026-07-13,28,-0.2393,-0.9709,summer,40.78487,-73.84153,26.343,31.0,22.214,58.714,48.1,23.143,28.743,79.571,86.3,134.4,222.5,2,0,Detected in the past 2 weeks,2,1
11356,Queens,"College Point, Malba",2026,2026-07-20,29,-0.3546,-0.935,summer,40.78487,-73.84153,23.871,28.914,19.186,57.143,12.4,26.343,23.143,58.714,48.1,60.5,193.1,2,2,Detected in the past 2 weeks,2,1
11356,Queens,"College Point, Malba",2026,2026-07-27,30,-0.4647,-0.8855,summer,40.78487,-73.84153,23.871,28.029,20.857,78.714,69.5,23.871,26.343,57.143,12.4,81.9,193.9,2,4,Detected in the past 2 weeks,3,1
11356,Queens,"College Point, Malba",2026,2026-08-03,31,-0.5681,-0.823,summer,40.78487,-73.84153,26.3,31.114,22.357,73.143,48.3,23.871,23.871,78.714,69.5,117.8,195.2,3,6,Detected in the past 2 weeks,1,1
11356,Queens,"College Point, Malba",2026,2026-08-10,32,-0.6631,-0.7485,summer,40.78487,-73.84153,25.4,30.329,21.086,64.0,20.3,26.3,23.871,73.143,48.3,68.6,203.7,1,7,Detected in the past 2 weeks,1,1
11356,Queens,"College Point, Malba",2026,2026-08-17,33,-0.7485,-0.6631,summer,40.78487,-73.84153,23.56,28.0,19.9,78.8,43.8,25.4,26.3,64.0,20.3,64.1,185.0,1,6,Detected in the past 2 weeks,1,1
11357,Queens,"Beechhurst, Whitestone, Malba",2026,2026-06-01,22,0.4647,-0.8855,summer,40.78513,-73.81004,22.114,28.471,16.1,49.429,8.3,18.757,19.571,62.143,4.7,13.0,104.1,0,0,Detected earlier this season,0,0
11357,Queens,"Beechhurst, Whitestone, Malba",2026,2026-06-08,23,0.3546,-0.935,summer,40.78513,-73.81004,24.3,30.057,20.071,60.0,12.5,22.114,18.757,49.429,8.3,20.8,139.2,0,0,Detected earlier this season,0,0
11357,Queens,"Beechhurst, Whitestone, Malba",2026,2026-06-15,24,0.2393,-0.9709,summer,40.78513,-73.81004,22.957,27.686,18.171,52.429,17.5,24.3,22.114,60.0,12.5,30.0,168.6,0,0,Detected earlier this season,0,0
11357,Queens,"Beechhurst, Whitestone, Malba",2026,2026-06-22,25,0.1205,-0.9927,summer,40.78513,-73.81004,22.229,26.0,18.886,75.714,76.4,22.957,24.3,52.429,17.5,93.9,166.6,0,0,Detected earlier this season,0,0
11357,Queens,"Beechhurst, Whitestone, Malba",2026,2026-06-29,26,-0.0,-1.0,summer,40.78513,-73.81004,28.429,34.314,23.557,62.714,37.3,22.229,22.957,75.714,76.4,113.7,194.0,0,0,Detected earlier this season,0,0
11357,Queens,"Beechhurst, Whitestone, Malba",2026,2026-07-06,27,-0.1205,-0.9927,summer,40.78513,-73.81004,22.929,26.714,19.843,79.857,83.6,28.429,22.229,62.714,37.3,120.9,193.7,0,0,Detected earlier this season,0,0
11357,Queens,"Beechhurst, Whitestone, Malba",2026,2026-07-13,28,-0.2393,-0.9709,summer,40.78513,-73.81004,26.071,30.771,22.029,60.143,38.9,22.929,28.429,79.857,83.6,122.5,217.4,0,0,Detected earlier this season,2,1
11357,Queens,"Beechhurst, Whitestone, Malba",2026,2026-07-20,29,-0.3546,-0.935,summer,40.78513,-73.81004,23.986,29.1,19.157,55.571,10.2,26.071,22.929,60.143,38.9,49.1,190.8,2,0,Detected earlier this season,1,1
11357,Queens,"Beechhurst, Whitestone, Malba",2026,2026-07-27,30,-0.4647,-0.8855,summer,40.78513,-73.81004,23.771,27.943,20.8,79.857,52.0,23.986,26.071,55.571,10.2,62.2,192.3,1,2,Detected earlier this season,2,1
11357,Queens,"Beechhurst, Whitestone, Malba",2026,2026-08-03,31,-0.5681,-0.823,summer,40.78513,-73.81004,26.229,31.2,22.314,73.857,50.1,23.771,23.986,79.857,52.0,102.1,194.9,2,3,Detected earlier this season,0,0
11357,Queens,"Beechhurst, Whitestone, Malba",2026,2026-08-10,32,-0.6631,-0.7485,summer,40.78513,-73.81004,25.286,30.343,20.829,64.571,24.0,26.229,23.771,73.857,50.1,74.1,202.1,0,5,Detected earlier this season,0,0
11357,Queens,"Beechhurst, Whitestone, Malba",2026,2026-08-17,33,-0.7485,-0.6631,summer,40.78513,-73.81004,23.34,27.76,19.8,79.8,52.7,25.286,26.229,64.571,24.0,76.7,182.8,0,3,Detected earlier this season,0,0
11358,Queens,Auburndale,2026,2026-06-01,22,0.4647,-0.8855,summer,40.76036,-73.79653,22.171,28.571,16.414,49.0,7.2,18.871,19.557,61.714,5.0,12.2,105.3,0,0,Detected earlier this season,0,0
11358,Queens,Auburndale,2026,2026-06-08,23,0.3546,-0.935,summer,40.76036,-73.79653,24.386,29.557,20.271,59.286,10.8,22.171,18.871,49.0,7.2,18.0,140.7,0,0,Detected earlier this season,0,0
11358,Queens,Auburndale,2026,2026-06-15,24,0.2393,-0.9709,summer,40.76036,-73.79653,23.186,27.986,18.457,51.714,17.3,24.386,22.171,59.286,10.8,28.1,170.7,0,0,Detected earlier this season,0,0
11358,Queens,Auburndale,2026,2026-06-22,25,0.1205,-0.9927,summer,40.76036,-73.79653,22.386,26.1,19.171,75.714,79.0,23.186,24.386,51.714,17.3,96.3,170.1,0,0,Detected earlier this season,0,0
11358,Queens,Auburndale,2026,2026-06-29,26,-0.0,-1.0,summer,40.76036,-73.79653,28.4,33.871,23.857,63.0,42.9,22.386,23.186,75.714,79.0,121.9,196.2,0,0,Detected earlier this season,0,0
11358,Queens,Auburndale,2026,2026-07-06,27,-0.1205,-0.9927,summer,40.76036,-73.79653,23.229,26.971,19.943,77.571,82.1,28.4,22.386,63.0,42.9,125.0,196.3,0,0,Detected earlier this season,1,1
11358,Queens,Auburndale,2026,2026-07-13,28,-0.2393,-0.9709,summer,40.76036,-73.79653,26.629,31.271,22.571,57.571,39.7,23.229,28.4,77.571,82.1,121.8,223.2,1,0,Detected earlier this season,1,1
11358,Queens,Auburndale,2026,2026-07-20,29,-0.3546,-0.935,summer,40.76036,-73.79653,23.957,28.771,19.429,55.429,17.7,26.629,23.229,57.571,39.7,57.4,196.5,1,1,Detected earlier this season,1,1
11358,Queens,Auburndale,2026,2026-07-27,30,-0.4647,-0.8855,summer,40.76036,-73.79653,23.871,27.829,20.886,79.286,51.7,23.957,26.629,55.429,17.7,69.4,196.1,1,2,Detected earlier this season,0,0
11358,Queens,Auburndale,2026,2026-08-03,31,-0.5681,-0.823,summer,40.76036,-73.79653,26.414,31.171,22.5,72.571,49.4,23.871,23.957,79.286,51.7,101.1,196.7,0,3,Detected earlier this season,0,0
11358,Queens,Auburndale,2026,2026-08-10,32,-0.6631,-0.7485,summer,40.76036,-73.79653,25.486,30.157,21.3,63.429,23.6,26.414,23.871,72.571,49.4,73.0,205.5,0,2,Detected earlier this season,0,0
11358,Queens,Auburndale,2026,2026-08-17,33,-0.7485,-0.6631,summer,40.76036,-73.79653,23.46,27.92,19.94,80.0,69.1,25.486,26.414,63.429,23.6,92.7,186.0,0,1,Detected earlier this season,0,0
11359,Queens,,2026,2026-06-01,22,0.4647,-0.8855,summer,40.7916,-73.77672,22.114,28.471,16.1,49.429,8.3,18.757,19.571,62.143,4.7,13.0,104.1,0,0,Not detected,0,0
11359,Queens,,2026,2026-06-08,23,0.3546,-0.935,summer,40.7916,-73.77672,24.3,30.057,20.071,60.0,12.5,22.114,18.757,49.429,8.3,20.8,139.2,0,0,Not detected,0,0
11359,Queens,,2026,2026-06-15,24,0.2393,-0.9709,summer,40.7916,-73.77672,22.957,27.686,18.171,52.429,17.5,24.3,22.114,60.0,12.5,30.0,168.6,0,0,Not detected,0,0
11359,Queens,,2026,2026-06-22,25,0.1205,-0.9927,summer,40.7916,-73.77672,22.229,26.0,18.886,75.714,76.4,22.957,24.3,52.429,17.5,93.9,166.6,0,0,Not detected,0,0
11359,Queens,,2026,2026-06-29,26,-0.0,-1.0,summer,40.7916,-73.77672,28.429,34.314,23.557,62.714,37.3,22.229,22.957,75.714,76.4,113.7,194.0,0,0,Not detected,0,0
11359,Queens,,2026,2026-07-06,27,-0.1205,-0.9927,summer,40.7916,-73.77672,22.929,26.714,19.843,79.857,83.6,28.429,22.229,62.714,37.3,120.9,193.7,0,0,Not detected,0,0
11359,Queens,,2026,2026-07-13,28,-0.2393,-0.9709,summer,40.7916,-73.77672,26.071,30.771,22.029,60.143,38.9,22.929,28.429,79.857,83.6,122.5,217.4,0,0,Not detected,0,0
11359,Queens,,2026,2026-07-20,29,-0.3546,-0.935,summer,40.7916,-73.77672,23.986,29.1,19.157,55.571,10.2,26.071,22.929,60.143,38.9,49.1,190.8,0,0,Not detected,0,0
11359,Queens,,2026,2026-07-27,30,-0.4647,-0.8855,summer,40.7916,-73.77672,23.771,27.943,20.8,79.857,52.0,23.986,26.071,55.571,10.2,62.2,192.3,0,0,Not detected,0,0
11359,Queens,,2026,2026-08-03,31,-0.5681,-0.823,summer,40.7916,-73.77672,26.229,31.2,22.314,73.857,50.1,23.771,23.986,79.857,52.0,102.1,194.9,0,0,Not detected,0,0
11359,Queens,,2026,2026-08-10,32,-0.6631,-0.7485,summer,40.7916,-73.77672,25.286,30.343,20.829,64.571,24.0,26.229,23.771,73.857,50.1,74.1,202.1,0,0,Not detected,0,0
11359,Queens,,2026,2026-08-17,33,-0.7485,-0.6631,summer,40.7916,-73.77672,23.34,27.76,19.8,79.8,52.7,25.286,26.229,64.571,24.0,76.7,182.8,0,0,Not detected,0,0
11360,Queens,Bay Terrace,2026,2026-06-01,22,0.4647,-0.8855,summer,40.78042,-73.78184,22.114,28.471,16.1,49.429,8.3,18.757,19.571,62.143,4.7,13.0,104.1,0,0,Detected in the past 2 weeks,0,0
11360,Queens,Bay Terrace,2026,2026-06-08,23,0.3546,-0.935,summer,40.78042,-73.78184,24.3,30.057,20.071,60.0,12.5,22.114,18.757,49.429,8.3,20.8,139.2,0,0,Detected in the past 2 weeks,0,0
11360,Queens,Bay Terrace,2026,2026-06-15,24,0.2393,-0.9709,summer,40.78042,-73.78184,22.957,27.686,18.171,52.429,17.5,24.3,22.114,60.0,12.5,30.0,168.6,0,0,Detected in the past 2 weeks,0,0
11360,Queens,Bay Terrace,2026,2026-06-22,25,0.1205,-0.9927,summer,40.78042,-73.78184,22.229,26.0,18.886,75.714,76.4,22.957,24.3,52.429,17.5,93.9,166.6,0,0,Detected in the past 2 weeks,0,0
11360,Queens,Bay Terrace,2026,2026-06-29,26,-0.0,-1.0,summer,40.78042,-73.78184,28.429,34.314,23.557,62.714,37.3,22.229,22.957,75.714,76.4,113.7,194.0,0,0,Detected in the past 2 weeks,1,1
11360,Queens,Bay Terrace,2026,2026-07-06,27,-0.1205,-0.9927,summer,40.78042,-73.78184,22.929,26.714,19.843,79.857,83.6,28.429,22.229,62.714,37.3,120.9,193.7,1,0,Detected in the past 2 weeks,1,1
11360,Queens,Bay Terrace,2026,2026-07-13,28,-0.2393,-0.9709,summer,40.78042,-73.78184,26.071,30.771,22.029,60.143,38.9,22.929,28.429,79.857,83.6,122.5,217.4,1,1,Detected in the past 2 weeks,1,1
11360,Queens,Bay Terrace,2026,2026-07-20,29,-0.3546,-0.935,summer,40.78042,-73.78184,23.986,29.1,19.157,55.571,10.2,26.071,22.929,60.143,38.9,49.1,190.8,1,2,Detected in the past 2 weeks,1,1
11360,Queens,Bay Terrace,2026,2026-07-27,30,-0.4647,-0.8855,summer,40.78042,-73.78184,23.771,27.943,20.8,79.857,52.0,23.986,26.071,55.571,10.2,62.2,192.3,1,3,Detected in the past 2 weeks,1,1
11360,Queens,Bay Terrace,2026,2026-08-03,31,-0.5681,-0.823,summer,40.78042,-73.78184,26.229,31.2,22.314,73.857,50.1,23.771,23.986,79.857,52.0,102.1,194.9,1,3,Detected in the past 2 weeks,1,1
11360,Queens,Bay Terrace,2026,2026-08-10,32,-0.6631,-0.7485,summer,40.78042,-73.78184,25.286,30.343,20.829,64.571,24.0,26.229,23.771,73.857,50.1,74.1,202.1,1,3,Detected in the past 2 weeks,1,1
11360,Queens,Bay Terrace,2026,2026-08-17,33,-0.7485,-0.6631,summer,40.78042,-73.78184,23.34,27.76,19.8,79.8,52.7,25.286,26.229,64.571,24.0,76.7,182.8,1,3,Detected in the past 2 weeks,1,1
11361,Queens,Bayside,2026,2026-06-01,22,0.4647,-0.8855,summer,40.76419,-73.77277,22.171,28.571,16.414,49.0,7.2,18.871,19.557,61.714,5.0,12.2,105.3,0,0,Detected in the past 2 weeks,0,0
11361,Queens,Bayside,2026,2026-06-08,23,0.3546,-0.935,summer,40.76419,-73.77277,24.386,29.557,20.271,59.286,10.8,22.171,18.871,49.0,7.2,18.0,140.7,0,0,Detected in the past 2 weeks,0,0
11361,Queens,Bayside,2026,2026-06-15,24,0.2393,-0.9709,summer,40.76419,-73.77277,23.186,27.986,18.457,51.714,17.3,24.386,22.171,59.286,10.8,28.1,170.7,0,0,Detected in the past 2 weeks,0,0
11361,Queens,Bayside,2026,2026-06-22,25,0.1205,-0.9927,summer,40.76419,-73.77277,22.386,26.1,19.171,75.714,79.0,23.186,24.386,51.714,17.3,96.3,170.1,0,0,Detected in the past 2 weeks,0,0
11361,Queens,Bayside,2026,2026-06-29,26,-0.0,-1.0,summer,40.76419,-73.77277,28.4,33.871,23.857,63.0,42.9,22.386,23.186,75.714,79.0,121.9,196.2,0,0,Detected in the past 2 weeks,0,0
11361,Queens,Bayside,2026,2026-07-06,27,-0.1205,-0.9927,summer,40.76419,-73.77277,23.229,26.971,19.943,77.571,82.1,28.4,22.386,63.0,42.9,125.0,196.3,0,0,Detected in the past 2 weeks,1,1
11361,Queens,Bayside,2026,2026-07-13,28,-0.2393,-0.9709,summer,40.76419,-73.77277,26.629,31.271,22.571,57.571,39.7,23.229,28.4,77.571,82.1,121.8,223.2,1,0,Detected in the past 2 weeks,2,1
11361,Queens,Bayside,2026,2026-07-20,29,-0.3546,-0.935,summer,40.76419,-73.77277,23.957,28.771,19.429,55.429,17.7,26.629,23.229,57.571,39.7,57.4,196.5,2,1,Detected in the past 2 weeks,2,1
11361,Queens,Bayside,2026,2026-07-27,30,-0.4647,-0.8855,summer,40.76419,-73.77277,23.871,27.829,20.886,79.286,51.7,23.957,26.629,55.429,17.7,69.4,196.1,2,3,Detected in the past 2 weeks,0,0
11361,Queens,Bayside,2026,2026-08-03,31,-0.5681,-0.823,summer,40.76419,-73.77277,26.414,31.171,22.5,72.571,49.4,23.871,23.957,79.286,51.7,101.1,196.7,0,5,Detected in the past 2 weeks,2,1
11361,Queens,Bayside,2026,2026-08-10,32,-0.6631,-0.7485,summer,40.76419,-73.77277,25.486,30.157,21.3,63.429,23.6,26.414,23.871,72.571,49.4,73.0,205.5,2,4,Detected in the past 2 weeks,0,0
11361,Queens,Bayside,2026,2026-08-17,33,-0.7485,-0.6631,summer,40.76419,-73.77277,23.46,27.92,19.94,80.0,69.1,25.486,26.414,63.429,23.6,92.7,186.0,0,4,Detected in the past 2 weeks,0,0
11362,Queens,Douglaston,2026,2026-06-01,22,0.4647,-0.8855,summer,40.7602,-73.73242,22.114,28.471,16.1,49.429,8.3,18.757,19.571,62.143,4.7,13.0,104.1,0,0,Detected in the past 2 weeks,0,0
11362,Queens,Douglaston,2026,2026-06-08,23,0.3546,-0.935,summer,40.7602,-73.73242,24.3,30.057,20.071,60.0,12.5,22.114,18.757,49.429,8.3,20.8,139.2,0,0,Detected in the past 2 weeks,0,0
11362,Queens,Douglaston,2026,2026-06-15,24,0.2393,-0.9709,summer,40.7602,-73.73242,22.957,27.686,18.171,52.429,17.5,24.3,22.114,60.0,12.5,30.0,168.6,0,0,Detected in the past 2 weeks,0,0
11362,Queens,Douglaston,2026,2026-06-22,25,0.1205,-0.9927,summer,40.7602,-73.73242,22.229,26.0,18.886,75.714,76.4,22.957,24.3,52.429,17.5,93.9,166.6,0,0,Detected in the past 2 weeks,0,0
11362,Queens,Douglaston,2026,2026-06-29,26,-0.0,-1.0,summer,40.7602,-73.73242,28.429,34.314,23.557,62.714,37.3,22.229,22.957,75.714,76.4,113.7,194.0,0,0,Detected in the past 2 weeks,0,0
11362,Queens,Douglaston,2026,2026-07-06,27,-0.1205,-0.9927,summer,40.7602,-73.73242,22.929,26.714,19.843,79.857,83.6,28.429,22.229,62.714,37.3,120.9,193.7,0,0,Detected in the past 2 weeks,1,1
11362,Queens,Douglaston,2026,2026-07-13,28,-0.2393,-0.9709,summer,40.7602,-73.73242,26.071,30.771,22.029,60.143,38.9,22.929,28.429,79.857,83.6,122.5,217.4,1,0,Detected in the past 2 weeks,1,1
11362,Queens,Douglaston,2026,2026-07-20,29,-0.3546,-0.935,summer,40.7602,-73.73242,23.986,29.1,19.157,55.571,10.2,26.071,22.929,60.143,38.9,49.1,190.8,1,1,Detected in the past 2 weeks,1,1
11362,Queens,Douglaston,2026,2026-07-27,30,-0.4647,-0.8855,summer,40.7602,-73.73242,23.771,27.943,20.8,79.857,52.0,23.986,26.071,55.571,10.2,62.2,192.3,1,2,Detected in the past 2 weeks,1,1
11362,Queens,Douglaston,2026,2026-08-03,31,-0.5681,-0.823,summer,40.7602,-73.73242,26.229,31.2,22.314,73.857,50.1,23.771,23.986,79.857,52.0,102.1,194.9,1,3,Detected in the past 2 weeks,3,1
11362,Queens,Douglaston,2026,2026-08-10,32,-0.6631,-0.7485,summer,40.7602,-73.73242,25.286,30.343,20.829,64.571,24.0,26.229,23.771,73.857,50.1,74.1,202.1,3,3,Detected in the past 2 weeks,1,1
11362,Queens,Douglaston,2026,2026-08-17,33,-0.7485,-0.6631,summer,40.7602,-73.73242,23.34,27.76,19.8,79.8,52.7,25.286,26.229,64.571,24.0,76.7,182.8,1,5,Detected in the past 2 weeks,1,1
11363,Queens,Douglas Manor,2026,2026-06-01,22,0.4647,-0.8855,summer,40.77235,-73.74629,22.114,28.471,16.1,49.429,8.3,18.757,19.571,62.143,4.7,13.0,104.1,0,0,Detected earlier this season,0,0
11363,Queens,Douglas Manor,2026,2026-06-08,23,0.3546,-0.935,summer,40.77235,-73.74629,24.3,30.057,20.071,60.0,12.5,22.114,18.757,49.429,8.3,20.8,139.2,0,0,Detected earlier this season,0,0
11363,Queens,Douglas Manor,2026,2026-06-15,24,0.2393,-0.9709,summer,40.77235,-73.74629,22.957,27.686,18.171,52.429,17.5,24.3,22.114,60.0,12.5,30.0,168.6,0,0,Detected earlier this season,0,0
11363,Queens,Douglas Manor,2026,2026-06-22,25,0.1205,-0.9927,summer,40.77235,-73.74629,22.229,26.0,18.886,75.714,76.4,22.957,24.3,52.429,17.5,93.9,166.6,0,0,Detected earlier this season,0,0
11363,Queens,Douglas Manor,2026,2026-06-29,26,-0.0,-1.0,summer,40.77235,-73.74629,28.429,34.314,23.557,62.714,37.3,22.229,22.957,75.714,76.4,113.7,194.0,0,0,Detected earlier this season,0,0
11363,Queens,Douglas Manor,2026,2026-07-06,27,-0.1205,-0.9927,summer,40.77235,-73.74629,22.929,26.714,19.843,79.857,83.6,28.429,22.229,62.714,37.3,120.9,193.7,0,0,Detected earlier this season,0,0
11363,Queens,Douglas Manor,2026,2026-07-13,28,-0.2393,-0.9709,summer,40.77235,-73.74629,26.071,30.771,22.029,60.143,38.9,22.929,28.429,79.857,83.6,122.5,217.4,0,0,Detected earlier this season,1,1
11363,Queens,Douglas Manor,2026,2026-07-20,29,-0.3546,-0.935,summer,40.77235,-73.74629,23.986,29.1,19.157,55.571,10.2,26.071,22.929,60.143,38.9,49.1,190.8,1,0,Detected earlier this season,1,1
11363,Queens,Douglas Manor,2026,2026-07-27,30,-0.4647,-0.8855,summer,40.77235,-73.74629,23.771,27.943,20.8,79.857,52.0,23.986,26.071,55.571,10.2,62.2,192.3,1,1,Detected earlier this season,0,0
11363,Queens,Douglas Manor,2026,2026-08-03,31,-0.5681,-0.823,summer,40.77235,-73.74629,26.229,31.2,22.314,73.857,50.1,23.771,23.986,79.857,52.0,102.1,194.9,0,2,Detected earlier this season,0,0
11363,Queens,Douglas Manor,2026,2026-08-10,32,-0.6631,-0.7485,summer,40.77235,-73.74629,25.286,30.343,20.829,64.571,24.0,26.229,23.771,73.857,50.1,74.1,202.1,0,2,Detected earlier this season,0,0
11363,Queens,Douglas Manor,2026,2026-08-17,33,-0.7485,-0.6631,summer,40.77235,-73.74629,23.34,27.76,19.8,79.8,52.7,25.286,26.229,64.571,24.0,76.7,182.8,0,1,Detected earlier this season,0,0
11364,Queens,Oakland Gardens,2026,2026-06-01,22,0.4647,-0.8855,summer,40.74625,-73.75606,22.171,28.571,16.414,49.0,7.2,18.871,19.557,61.714,5.0,12.2,105.3,0,0,Detected earlier this season,0,0
11364,Queens,Oakland Gardens,2026,2026-06-08,23,0.3546,-0.935,summer,40.74625,-73.75606,24.386,29.557,20.271,59.286,10.8,22.171,18.871,49.0,7.2,18.0,140.7,0,0,Detected earlier this season,0,0
11364,Queens,Oakland Gardens,2026,2026-06-15,24,0.2393,-0.9709,summer,40.74625,-73.75606,23.186,27.986,18.457,51.714,17.3,24.386,22.171,59.286,10.8,28.1,170.7,0,0,Detected earlier this season,0,0
11364,Queens,Oakland Gardens,2026,2026-06-22,25,0.1205,-0.9927,summer,40.74625,-73.75606,22.386,26.1,19.171,75.714,79.0,23.186,24.386,51.714,17.3,96.3,170.1,0,0,Detected earlier this season,0,0
11364,Queens,Oakland Gardens,2026,2026-06-29,26,-0.0,-1.0,summer,40.74625,-73.75606,28.4,33.871,23.857,63.0,42.9,22.386,23.186,75.714,79.0,121.9,196.2,0,0,Detected earlier this season,1,1
11364,Queens,Oakland Gardens,2026,2026-07-06,27,-0.1205,-0.9927,summer,40.74625,-73.75606,23.229,26.971,19.943,77.571,82.1,28.4,22.386,63.0,42.9,125.0,196.3,1,0,Detected earlier this season,1,1
11364,Queens,Oakland Gardens,2026,2026-07-13,28,-0.2393,-0.9709,summer,40.74625,-73.75606,26.629,31.271,22.571,57.571,39.7,23.229,28.4,77.571,82.1,121.8,223.2,1,1,Detected earlier this season,1,1
11364,Queens,Oakland Gardens,2026,2026-07-20,29,-0.3546,-0.935,summer,40.74625,-73.75606,23.957,28.771,19.429,55.429,17.7,26.629,23.229,57.571,39.7,57.4,196.5,1,2,Detected earlier this season,2,1
11364,Queens,Oakland Gardens,2026,2026-07-27,30,-0.4647,-0.8855,summer,40.74625,-73.75606,23.871,27.829,20.886,79.286,51.7,23.957,26.629,55.429,17.7,69.4,196.1,2,3,Detected earlier this season,0,0
11364,Queens,Oakland Gardens,2026,2026-08-03,31,-0.5681,-0.823,summer,40.74625,-73.75606,26.414,31.171,22.5,72.571,49.4,23.871,23.957,79.286,51.7,101.1,196.7,0,4,Detected earlier this season,0,0
11364,Queens,Oakland Gardens,2026,2026-08-10,32,-0.6631,-0.7485,summer,40.74625,-73.75606,25.486,30.157,21.3,63.429,23.6,26.414,23.871,72.571,49.4,73.0,205.5,0,3,Detected earlier this season,0,0
11364,Queens,Oakland Gardens,2026,2026-08-17,33,-0.7485,-0.6631,summer,40.74625,-73.75606,23.46,27.92,19.94,80.0,69.1,25.486,26.414,63.429,23.6,92.7,186.0,0,2,Detected earlier this season,0,0
11365,Queens,"Fresh Meadows, Pomonok, Auburndale",2026,2026-06-01,22,0.4647,-0.8855,summer,40.73963,-73.79449,22.171,28.571,16.414,49.0,7.2,18.871,19.557,61.714,5.0,12.2,105.3,0,0,Detected in the past 2 weeks,0,0
11365,Queens,"Fresh Meadows, Pomonok, Auburndale",2026,2026-06-08,23,0.3546,-0.935,summer,40.73963,-73.79449,24.386,29.557,20.271,59.286,10.8,22.171,18.871,49.0,7.2,18.0,140.7,0,0,Detected in the past 2 weeks,0,0
11365,Queens,"Fresh Meadows, Pomonok, Auburndale",2026,2026-06-15,24,0.2393,-0.9709,summer,40.73963,-73.79449,23.186,27.986,18.457,51.714,17.3,24.386,22.171,59.286,10.8,28.1,170.7,0,0,Detected in the past 2 weeks,0,0
11365,Queens,"Fresh Meadows, Pomonok, Auburndale",2026,2026-06-22,25,0.1205,-0.9927,summer,40.73963,-73.79449,22.386,26.1,19.171,75.714,79.0,23.186,24.386,51.714,17.3,96.3,170.1,0,0,Detected in the past 2 weeks,0,0
11365,Queens,"Fresh Meadows, Pomonok, Auburndale",2026,2026-06-29,26,-0.0,-1.0,summer,40.73963,-73.79449,28.4,33.871,23.857,63.0,42.9,22.386,23.186,75.714,79.0,121.9,196.2,0,0,Detected in the past 2 weeks,1,1
11365,Queens,"Fresh Meadows, Pomonok, Auburndale",2026,2026-07-06,27,-0.1205,-0.9927,summer,40.73963,-73.79449,23.229,26.971,19.943,77.571,82.1,28.4,22.386,63.0,42.9,125.0,196.3,1,0,Detected in the past 2 weeks,2,1
11365,Queens,"Fresh Meadows, Pomonok, Auburndale",2026,2026-07-13,28,-0.2393,-0.9709,summer,40.73963,-73.79449,26.629,31.271,22.571,57.571,39.7,23.229,28.4,77.571,82.1,121.8,223.2,2,1,Detected in the past 2 weeks,2,1
11365,Queens,"Fresh Meadows, Pomonok, Auburndale",2026,2026-07-20,29,-0.3546,-0.935,summer,40.73963,-73.79449,23.957,28.771,19.429,55.429,17.7,26.629,23.229,57.571,39.7,57.4,196.5,2,3,Detected in the past 2 weeks,1,1
11365,Queens,"Fresh Meadows, Pomonok, Auburndale",2026,2026-07-27,30,-0.4647,-0.8855,summer,40.73963,-73.79449,23.871,27.829,20.886,79.286,51.7,23.957,26.629,55.429,17.7,69.4,196.1,1,5,Detected in the past 2 weeks,1,1
11365,Queens,"Fresh Meadows, Pomonok, Auburndale",2026,2026-08-03,31,-0.5681,-0.823,summer,40.73963,-73.79449,26.414,31.171,22.5,72.571,49.4,23.871,23.957,79.286,51.7,101.1,196.7,1,5,Detected in the past 2 weeks,1,1
11365,Queens,"Fresh Meadows, Pomonok, Auburndale",2026,2026-08-10,32,-0.6631,-0.7485,summer,40.73963,-73.79449,25.486,30.157,21.3,63.429,23.6,26.414,23.871,72.571,49.4,73.0,205.5,1,4,Detected in the past 2 weeks,1,1
11365,Queens,"Fresh Meadows, Pomonok, Auburndale",2026,2026-08-17,33,-0.7485,-0.6631,summer,40.73963,-73.79449,23.46,27.92,19.94,80.0,69.1,25.486,26.414,63.429,23.6,92.7,186.0,1,3,Detected in the past 2 weeks,1,1
11366,Queens,,2026,2026-06-01,22,0.4647,-0.8855,summer,40.73112,-73.78046,22.171,28.571,16.414,49.0,7.2,18.871,19.557,61.714,5.0,12.2,105.3,0,0,Not detected,0,0
11366,Queens,,2026,2026-06-08,23,0.3546,-0.935,summer,40.73112,-73.78046,24.386,29.557,20.271,59.286,10.8,22.171,18.871,49.0,7.2,18.0,140.7,0,0,Not detected,0,0
11366,Queens,,2026,2026-06-15,24,0.2393,-0.9709,summer,40.73112,-73.78046,23.186,27.986,18.457,51.714,17.3,24.386,22.171,59.286,10.8,28.1,170.7,0,0,Not detected,0,0
11366,Queens,,2026,2026-06-22,25,0.1205,-0.9927,summer,40.73112,-73.78046,22.386,26.1,19.171,75.714,79.0,23.186,24.386,51.714,17.3,96.3,170.1,0,0,Not detected,0,0
11366,Queens,,2026,2026-06-29,26,-0.0,-1.0,summer,40.73112,-73.78046,28.4,33.871,23.857,63.0,42.9,22.386,23.186,75.714,79.0,121.9,196.2,0,0,Not detected,0,0
11366,Queens,,2026,2026-07-06,27,-0.1205,-0.9927,summer,40.73112,-73.78046,23.229,26.971,19.943,77.571,82.1,28.4,22.386,63.0,42.9,125.0,196.3,0,0,Not detected,0,0
11366,Queens,,2026,2026-07-13,28,-0.2393,-0.9709,summer,40.73112,-73.78046,26.629,31.271,22.571,57.571,39.7,23.229,28.4,77.571,82.1,121.8,223.2,0,0,Not detected,0,0
11366,Queens,,2026,2026-07-20,29,-0.3546,-0.935,summer,40.73112,-73.78046,23.957,28.771,19.429,55.429,17.7,26.629,23.229,57.571,39.7,57.4,196.5,0,0,Not detected,0,0
11366,Queens,,2026,2026-07-27,30,-0.4647,-0.8855,summer,40.73112,-73.78046,23.871,27.829,20.886,79.286,51.7,23.957,26.629,55.429,17.7,69.4,196.1,0,0,Not detected,0,0
11366,Queens,,2026,2026-08-03,31,-0.5681,-0.823,summer,40.73112,-73.78046,26.414,31.171,22.5,72.571,49.4,23.871,23.957,79.286,51.7,101.1,196.7,0,0,Not detected,0,0
11366,Queens,,2026,2026-08-10,32,-0.6631,-0.7485,summer,40.73112,-73.78046,25.486,30.157,21.3,63.429,23.6,26.414,23.871,72.571,49.4,73.0,205.5,0,0,Not detected,0,0
11366,Queens,,2026,2026-08-17,33,-0.7485,-0.6631,summer,40.73112,-73.78046,23.46,27.92,19.94,80.0,69.1,25.486,26.414,63.429,23.6,92.7,186.0,0,0,Not detected,0,0
11367,Queens,"Kew Gardens Hills, Queensboro Hill",2026,2026-06-01,22,0.4647,-0.8855,summer,40.73047,-73.82275,22.171,28.571,16.414,49.0,7.2,18.871,19.557,61.714,5.0,12.2,105.3,0,0,Detected earlier this season,0,0
11367,Queens,"Kew Gardens Hills, Queensboro Hill",2026,2026-06-08,23,0.3546,-0.935,summer,40.73047,-73.82275,24.386,29.557,20.271,59.286,10.8,22.171,18.871,49.0,7.2,18.0,140.7,0,0,Detected earlier this season,0,0
11367,Queens,"Kew Gardens Hills, Queensboro Hill",2026,2026-06-15,24,0.2393,-0.9709,summer,40.73047,-73.82275,23.186,27.986,18.457,51.714,17.3,24.386,22.171,59.286,10.8,28.1,170.7,0,0,Detected earlier this season,0,0
11367,Queens,"Kew Gardens Hills, Queensboro Hill",2026,2026-06-22,25,0.1205,-0.9927,summer,40.73047,-73.82275,22.386,26.1,19.171,75.714,79.0,23.186,24.386,51.714,17.3,96.3,170.1,0,0,Detected earlier this season,0,0
11367,Queens,"Kew Gardens Hills, Queensboro Hill",2026,2026-06-29,26,-0.0,-1.0,summer,40.73047,-73.82275,28.4,33.871,23.857,63.0,42.9,22.386,23.186,75.714,79.0,121.9,196.2,0,0,Detected earlier this season,0,0
11367,Queens,"Kew Gardens Hills, Queensboro Hill",2026,2026-07-06,27,-0.1205,-0.9927,summer,40.73047,-73.82275,23.229,26.971,19.943,77.571,82.1,28.4,22.386,63.0,42.9,125.0,196.3,0,0,Detected earlier this season,0,0
11367,Queens,"Kew Gardens Hills, Queensboro Hill",2026,2026-07-13,28,-0.2393,-0.9709,summer,40.73047,-73.82275,26.629,31.271,22.571,57.571,39.7,23.229,28.4,77.571,82.1,121.8,223.2,0,0,Detected earlier this season,1,1
11367,Queens,"Kew Gardens Hills, Queensboro Hill",2026,2026-07-20,29,-0.3546,-0.935,summer,40.73047,-73.82275,23.957,28.771,19.429,55.429,17.7,26.629,23.229,57.571,39.7,57.4,196.5,1,0,Detected earlier this season,1,1
11367,Queens,"Kew Gardens Hills, Queensboro Hill",2026,2026-07-27,30,-0.4647,-0.8855,summer,40.73047,-73.82275,23.871,27.829,20.886,79.286,51.7,23.957,26.629,55.429,17.7,69.4,196.1,1,1,Detected earlier this season,1,1
11367,Queens,"Kew Gardens Hills, Queensboro Hill",2026,2026-08-03,31,-0.5681,-0.823,summer,40.73047,-73.82275,26.414,31.171,22.5,72.571,49.4,23.871,23.957,79.286,51.7,101.1,196.7,1,2,Detected earlier this season,0,0
11367,Queens,"Kew Gardens Hills, Queensboro Hill",2026,2026-08-10,32,-0.6631,-0.7485,summer,40.73047,-73.82275,25.486,30.157,21.3,63.429,23.6,26.414,23.871,72.571,49.4,73.0,205.5,0,3,Detected earlier this season,0,0
11367,Queens,"Kew Gardens Hills, Queensboro Hill",2026,2026-08-17,33,-0.7485,-0.6631,summer,40.73047,-73.82275,23.46,27.92,19.94,80.0,69.1,25.486,26.414,63.429,23.6,92.7,186.0,0,2,Detected earlier this season,0,0
11368,Queens,"Queensboro Hill, Corona",2026,2026-06-01,22,0.4647,-0.8855,summer,40.74974,-73.85304,22.171,28.571,16.414,49.0,7.2,18.871,19.557,61.714,5.0,12.2,105.3,0,0,Detected in the past 2 weeks,0,0
11368,Queens,"Queensboro Hill, Corona",2026,2026-06-08,23,0.3546,-0.935,summer,40.74974,-73.85304,24.386,29.557,20.271,59.286,10.8,22.171,18.871,49.0,7.2,18.0,140.7,0,0,Detected in the past 2 weeks,0,0
11368,Queens,"Queensboro Hill, Corona",2026,2026-06-15,24,0.2393,-0.9709,summer,40.74974,-73.85304,23.186,27.986,18.457,51.714,17.3,24.386,22.171,59.286,10.8,28.1,170.7,0,0,Detected in the past 2 weeks,1,1
11368,Queens,"Queensboro Hill, Corona",2026,2026-06-22,25,0.1205,-0.9927,summer,40.74974,-73.85304,22.386,26.1,19.171,75.714,79.0,23.186,24.386,51.714,17.3,96.3,170.1,1,0,Detected in the past 2 weeks,0,0
11368,Queens,"Queensboro Hill, Corona",2026,2026-06-29,26,-0.0,-1.0,summer,40.74974,-73.85304,28.4,33.871,23.857,63.0,42.9,22.386,23.186,75.714,79.0,121.9,196.2,0,1,Detected in the past 2 weeks,0,0
11368,Queens,"Queensboro Hill, Corona",2026,2026-07-06,27,-0.1205,-0.9927,summer,40.74974,-73.85304,23.229,26.971,19.943,77.571,82.1,28.4,22.386,63.0,42.9,125.0,196.3,0,1,Detected in the past 2 weeks,1,1
11368,Queens,"Queensboro Hill, Corona",2026,2026-07-13,28,-0.2393,-0.9709,summer,40.74974,-73.85304,26.629,31.271,22.571,57.571,39.7,23.229,28.4,77.571,82.1,121.8,223.2,1,1,Detected in the past 2 weeks,1,1
11368,Queens,"Queensboro Hill, Corona",2026,2026-07-20,29,-0.3546,-0.935,summer,40.74974,-73.85304,23.957,28.771,19.429,55.429,17.7,26.629,23.229,57.571,39.7,57.4,196.5,1,1,Detected in the past 2 weeks,1,1
11368,Queens,"Queensboro Hill, Corona",2026,2026-07-27,30,-0.4647,-0.8855,summer,40.74974,-73.85304,23.871,27.829,20.886,79.286,51.7,23.957,26.629,55.429,17.7,69.4,196.1,1,2,Detected in the past 2 weeks,1,1
11368,Queens,"Queensboro Hill, Corona",2026,2026-08-03,31,-0.5681,-0.823,summer,40.74974,-73.85304,26.414,31.171,22.5,72.571,49.4,23.871,23.957,79.286,51.7,101.1,196.7,1,3,Detected in the past 2 weeks,1,1
11368,Queens,"Queensboro Hill, Corona",2026,2026-08-10,32,-0.6631,-0.7485,summer,40.74974,-73.85304,25.486,30.157,21.3,63.429,23.6,26.414,23.871,72.571,49.4,73.0,205.5,1,3,Detected in the past 2 weeks,1,1
11368,Queens,"Queensboro Hill, Corona",2026,2026-08-17,33,-0.7485,-0.6631,summer,40.74974,-73.85304,23.46,27.92,19.94,80.0,69.1,25.486,26.414,63.429,23.6,92.7,186.0,1,3,Detected in the past 2 weeks,1,1
11369,Queens,,2026,2026-06-01,22,0.4647,-0.8855,summer,40.76349,-73.87222,22.7,29.314,16.557,47.857,7.9,19.371,20.114,60.286,5.2,13.1,114.5,0,0,Not detected,0,0
11369,Queens,,2026,2026-06-08,23,0.3546,-0.935,summer,40.76349,-73.87222,25.029,30.429,20.414,56.857,11.5,22.7,19.371,47.857,7.9,19.4,152.1,0,0,Not detected,0,0
11369,Queens,,2026,2026-06-15,24,0.2393,-0.9709,summer,40.76349,-73.87222,23.329,28.214,18.443,52.429,18.4,25.029,22.7,56.857,11.5,29.9,179.4,0,0,Not detected,0,0
11369,Queens,,2026,2026-06-22,25,0.1205,-0.9927,summer,40.76349,-73.87222,22.757,26.429,19.457,73.571,60.5,23.329,25.029,52.429,18.4,78.9,177.6,0,0,Not detected,0,0
11369,Queens,,2026,2026-06-29,26,-0.0,-1.0,summer,40.76349,-73.87222,28.971,34.714,23.914,61.571,37.1,22.757,23.329,73.571,60.5,97.6,203.7,0,0,Not detected,0,0
11369,Queens,,2026,2026-07-06,27,-0.1205,-0.9927,summer,40.76349,-73.87222,23.371,27.371,20.043,78.429,75.9,28.971,22.757,61.571,37.1,113.0,203.3,0,0,Not detected,0,0
11369,Queens,,2026,2026-07-13,28,-0.2393,-0.9709,summer,40.76349,-73.87222,26.757,31.586,22.4,57.286,42.7,23.371,28.971,78.429,75.9,118.6,228.4,0,0,Not detected,0,0
11369,Queens,,2026,2026-07-20,29,-0.3546,-0.935,summer,40.76349,-73.87222,23.814,29.043,19.1,58.286,17.0,26.757,23.371,57.286,42.7,59.7,197.1,0,0,Not detected,0,0
11369,Queens,,2026,2026-07-27,30,-0.4647,-0.8855,summer,40.76349,-73.87222,23.971,28.114,20.871,78.857,73.1,23.814,26.757,58.286,17.0,90.1,196.5,0,0,Not detected,0,0
11369,Queens,,2026,2026-08-03,31,-0.5681,-0.823,summer,40.76349,-73.87222,26.3,31.186,22.357,74.143,50.6,23.971,23.814,78.857,73.1,123.7,195.5,0,0,Not detected,0,0
11369,Queens,,2026,2026-08-10,32,-0.6631,-0.7485,summer,40.76349,-73.87222,25.371,30.243,21.143,65.714,26.7,26.3,23.971,74.143,50.6,77.3,204.6,0,0,Not detected,0,0
11369,Queens,,2026,2026-08-17,33,-0.7485,-0.6631,summer,40.76349,-73.87222,23.72,28.46,19.96,78.8,49.2,25.371,26.3,65.714,26.7,75.9,185.6,0,0,Not detected,0,0
11370,Queens,Astoria Heights,2026,2026-06-01,22,0.4647,-0.8855,summer,40.76539,-73.89422,22.786,29.029,16.843,46.143,8.5,19.457,20.257,57.857,5.0,13.5,116.2,0,0,Detected in the past 2 weeks,0,0
11370,Queens,Astoria Heights,2026,2026-06-08,23,0.3546,-0.935,summer,40.76539,-73.89422,25.071,30.514,20.571,55.714,12.8,22.786,19.457,46.143,8.5,21.3,153.7,0,0,Detected in the past 2 weeks,0,0
11370,Queens,Astoria Heights,2026,2026-06-15,24,0.2393,-0.9709,summer,40.76539,-73.89422,23.214,27.871,18.457,51.714,19.2,25.071,22.786,55.714,12.8,32.0,179.8,0,0,Detected in the past 2 weeks,0,0
11370,Queens,Astoria Heights,2026,2026-06-22,25,0.1205,-0.9927,summer,40.76539,-73.89422,22.471,25.957,19.329,74.429,56.4,23.214,25.071,51.714,19.2,75.6,174.9,0,0,Detected in the past 2 weeks,0,0
11370,Queens,Astoria Heights,2026,2026-06-29,26,-0.0,-1.0,summer,40.76539,-73.89422,28.743,34.329,23.8,61.857,44.1,22.471,23.214,74.429,56.4,100.5,199.6,0,0,Detected in the past 2 weeks,0,0
11370,Queens,Astoria Heights,2026,2026-07-06,27,-0.1205,-0.9927,summer,40.76539,-73.89422,23.143,26.914,20.043,79.571,86.3,28.743,22.471,61.857,44.1,130.4,198.5,0,0,Detected in the past 2 weeks,0,0
11370,Queens,Astoria Heights,2026,2026-07-13,28,-0.2393,-0.9709,summer,40.76539,-73.89422,26.343,31.0,22.214,58.714,48.1,23.143,28.743,79.571,86.3,134.4,222.5,0,0,Detected in the past 2 weeks,0,0
11370,Queens,Astoria Heights,2026,2026-07-20,29,-0.3546,-0.935,summer,40.76539,-73.89422,23.871,28.914,19.186,57.143,12.4,26.343,23.143,58.714,48.1,60.5,193.1,0,0,Detected in the past 2 weeks,0,0
11370,Queens,Astoria Heights,2026,2026-07-27,30,-0.4647,-0.8855,summer,40.76539,-73.89422,23.871,28.029,20.857,78.714,69.5,23.871,26.343,57.143,12.4,81.9,193.9,0,0,Detected in the past 2 weeks,0,0
11370,Queens,Astoria Heights,2026,2026-08-03,31,-0.5681,-0.823,summer,40.76539,-73.89422,26.3,31.114,22.357,73.143,48.3,23.871,23.871,78.714,69.5,117.8,195.2,0,0,Detected in the past 2 weeks,1,1
11370,Queens,Astoria Heights,2026,2026-08-10,32,-0.6631,-0.7485,summer,40.76539,-73.89422,25.4,30.329,21.086,64.0,20.3,26.3,23.871,73.143,48.3,68.6,203.7,1,0,Detected in the past 2 weeks,1,1
11370,Queens,Astoria Heights,2026,2026-08-17,33,-0.7485,-0.6631,summer,40.76539,-73.89422,23.56,28.0,19.9,78.8,43.8,25.4,26.3,64.0,20.3,64.1,185.0,1,1,Detected in the past 2 weeks,0,0
11371,Queens,,2026,2026-06-01,22,0.4647,-0.8855,summer,40.77441,-73.87327,22.786,29.029,16.843,46.143,8.5,19.457,20.257,57.857,5.0,13.5,116.2,0,0,Not detected,0,0
11371,Queens,,2026,2026-06-08,23,0.3546,-0.935,summer,40.77441,-73.87327,25.071,30.514,20.571,55.714,12.8,22.786,19.457,46.143,8.5,21.3,153.7,0,0,Not detected,0,0
11371,Queens,,2026,2026-06-15,24,0.2393,-0.9709,summer,40.77441,-73.87327,23.214,27.871,18.457,51.714,19.2,25.071,22.786,55.714,12.8,32.0,179.8,0,0,Not detected,0,0
11371,Queens,,2026,2026-06-22,25,0.1205,-0.9927,summer,40.77441,-73.87327,22.471,25.957,19.329,74.429,56.4,23.214,25.071,51.714,19.2,75.6,174.9,0,0,Not detected,0,0
11371,Queens,,2026,2026-06-29,26,-0.0,-1.0,summer,40.77441,-73.87327,28.743,34.329,23.8,61.857,44.1,22.471,23.214,74.429,56.4,100.5,199.6,0,0,Not detected,0,0
11371,Queens,,2026,2026-07-06,27,-0.1205,-0.9927,summer,40.77441,-73.87327,23.143,26.914,20.043,79.571,86.3,28.743,22.471,61.857,44.1,130.4,198.5,0,0,Not detected,0,0
11371,Queens,,2026,2026-07-13,28,-0.2393,-0.9709,summer,40.77441,-73.87327,26.343,31.0,22.214,58.714,48.1,23.143,28.743,79.571,86.3,134.4,222.5,0,0,Not detected,0,0
11371,Queens,,2026,2026-07-20,29,-0.3546,-0.935,summer,40.77441,-73.87327,23.871,28.914,19.186,57.143,12.4,26.343,23.143,58.714,48.1,60.5,193.1,0,0,Not detected,0,0
11371,Queens,,2026,2026-07-27,30,-0.4647,-0.8855,summer,40.77441,-73.87327,23.871,28.029,20.857,78.714,69.5,23.871,26.343,57.143,12.4,81.9,193.9,0,0,Not detected,0,0
11371,Queens,,2026,2026-08-03,31,-0.5681,-0.823,summer,40.77441,-73.87327,26.3,31.114,22.357,73.143,48.3,23.871,23.871,78.714,69.5,117.8,195.2,0,0,Not detected,0,0
11371,Queens,,2026,2026-08-10,32,-0.6631,-0.7485,summer,40.77441,-73.87327,25.4,30.329,21.086,64.0,20.3,26.3,23.871,73.143,48.3,68.6,203.7,0,0,Not detected,0,0
11371,Queens,,2026,2026-08-17,33,-0.7485,-0.6631,summer,40.77441,-73.87327,23.56,28.0,19.9,78.8,43.8,25.4,26.3,64.0,20.3,64.1,185.0,0,0,Not detected,0,0
11372,Queens,,2026,2026-06-01,22,0.4647,-0.8855,summer,40.75172,-73.88367,22.7,29.314,16.557,47.857,7.9,19.371,20.114,60.286,5.2,13.1,114.5,0,0,Not detected,0,0
11372,Queens,,2026,2026-06-08,23,0.3546,-0.935,summer,40.75172,-73.88367,25.029,30.429,20.414,56.857,11.5,22.7,19.371,47.857,7.9,19.4,152.1,0,0,Not detected,0,0
11372,Queens,,2026,2026-06-15,24,0.2393,-0.9709,summer,40.75172,-73.88367,23.329,28.214,18.443,52.429,18.4,25.029,22.7,56.857,11.5,29.9,179.4,0,0,Not detected,0,0
11372,Queens,,2026,2026-06-22,25,0.1205,-0.9927,summer,40.75172,-73.88367,22.757,26.429,19.457,73.571,60.5,23.329,25.029,52.429,18.4,78.9,177.6,0,0,Not detected,0,0
11372,Queens,,2026,2026-06-29,26,-0.0,-1.0,summer,40.75172,-73.88367,28.971,34.714,23.914,61.571,37.1,22.757,23.329,73.571,60.5,97.6,203.7,0,0,Not detected,0,0
11372,Queens,,2026,2026-07-06,27,-0.1205,-0.9927,summer,40.75172,-73.88367,23.371,27.371,20.043,78.429,75.9,28.971,22.757,61.571,37.1,113.0,203.3,0,0,Not detected,0,0
11372,Queens,,2026,2026-07-13,28,-0.2393,-0.9709,summer,40.75172,-73.88367,26.757,31.586,22.4,57.286,42.7,23.371,28.971,78.429,75.9,118.6,228.4,0,0,Not detected,0,0
11372,Queens,,2026,2026-07-20,29,-0.3546,-0.935,summer,40.75172,-73.88367,23.814,29.043,19.1,58.286,17.0,26.757,23.371,57.286,42.7,59.7,197.1,0,0,Not detected,0,0
11372,Queens,,2026,2026-07-27,30,-0.4647,-0.8855,summer,40.75172,-73.88367,23.971,28.114,20.871,78.857,73.1,23.814,26.757,58.286,17.0,90.1,196.5,0,0,Not detected,0,0
11372,Queens,,2026,2026-08-03,31,-0.5681,-0.823,summer,40.75172,-73.88367,26.3,31.186,22.357,74.143,50.6,23.971,23.814,78.857,73.1,123.7,195.5,0,0,Not detected,0,0
11372,Queens,,2026,2026-08-10,32,-0.6631,-0.7485,summer,40.75172,-73.88367,25.371,30.243,21.143,65.714,26.7,26.3,23.971,74.143,50.6,77.3,204.6,0,0,Not detected,0,0
11372,Queens,,2026,2026-08-17,33,-0.7485,-0.6631,summer,40.75172,-73.88367,23.72,28.46,19.96,78.8,49.2,25.371,26.3,65.714,26.7,75.9,185.6,0,0,Not detected,0,0
11373,Queens,,2026,2026-06-01,22,0.4647,-0.8855,summer,40.73895,-73.87856,22.7,29.314,16.557,47.857,7.9,19.371,20.114,60.286,5.2,13.1,114.5,0,0,Not detected,0,0
11373,Queens,,2026,2026-06-08,23,0.3546,-0.935,summer,40.73895,-73.87856,25.029,30.429,20.414,56.857,11.5,22.7,19.371,47.857,7.9,19.4,152.1,0,0,Not detected,0,0
11373,Queens,,2026,2026-06-15,24,0.2393,-0.9709,summer,40.73895,-73.87856,23.329,28.214,18.443,52.429,18.4,25.029,22.7,56.857,11.5,29.9,179.4,0,0,Not detected,0,0
11373,Queens,,2026,2026-06-22,25,0.1205,-0.9927,summer,40.73895,-73.87856,22.757,26.429,19.457,73.571,60.5,23.329,25.029,52.429,18.4,78.9,177.6,0,0,Not detected,0,0
11373,Queens,,2026,2026-06-29,26,-0.0,-1.0,summer,40.73895,-73.87856,28.971,34.714,23.914,61.571,37.1,22.757,23.329,73.571,60.5,97.6,203.7,0,0,Not detected,0,0
11373,Queens,,2026,2026-07-06,27,-0.1205,-0.9927,summer,40.73895,-73.87856,23.371,27.371,20.043,78.429,75.9,28.971,22.757,61.571,37.1,113.0,203.3,0,0,Not detected,0,0
11373,Queens,,2026,2026-07-13,28,-0.2393,-0.9709,summer,40.73895,-73.87856,26.757,31.586,22.4,57.286,42.7,23.371,28.971,78.429,75.9,118.6,228.4,0,0,Not detected,0,0
11373,Queens,,2026,2026-07-20,29,-0.3546,-0.935,summer,40.73895,-73.87856,23.814,29.043,19.1,58.286,17.0,26.757,23.371,57.286,42.7,59.7,197.1,0,0,Not detected,0,0
11373,Queens,,2026,2026-07-27,30,-0.4647,-0.8855,summer,40.73895,-73.87856,23.971,28.114,20.871,78.857,73.1,23.814,26.757,58.286,17.0,90.1,196.5,0,0,Not detected,0,0
11373,Queens,,2026,2026-08-03,31,-0.5681,-0.823,summer,40.73895,-73.87856,26.3,31.186,22.357,74.143,50.6,23.971,23.814,78.857,73.1,123.7,195.5,0,0,Not detected,0,0
11373,Queens,,2026,2026-08-10,32,-0.6631,-0.7485,summer,40.73895,-73.87856,25.371,30.243,21.143,65.714,26.7,26.3,23.971,74.143,50.6,77.3,204.6,0,0,Not detected,0,0
11373,Queens,,2026,2026-08-17,33,-0.7485,-0.6631,summer,40.73895,-73.87856,23.72,28.46,19.96,78.8,49.2,25.371,26.3,65.714,26.7,75.9,185.6,0,0,Not detected,0,0
11374,Queens,Rego Park,2026,2026-06-01,22,0.4647,-0.8855,summer,40.72646,-73.86146,22.7,29.314,16.557,47.857,7.9,19.371,20.114,60.286,5.2,13.1,114.5,0,0,Detected earlier this season,0,0
11374,Queens,Rego Park,2026,2026-06-08,23,0.3546,-0.935,summer,40.72646,-73.86146,25.029,30.429,20.414,56.857,11.5,22.7,19.371,47.857,7.9,19.4,152.1,0,0,Detected earlier this season,0,0
11374,Queens,Rego Park,2026,2026-06-15,24,0.2393,-0.9709,summer,40.72646,-73.86146,23.329,28.214,18.443,52.429,18.4,25.029,22.7,56.857,11.5,29.9,179.4,0,0,Detected earlier this season,0,0
11374,Queens,Rego Park,2026,2026-06-22,25,0.1205,-0.9927,summer,40.72646,-73.86146,22.757,26.429,19.457,73.571,60.5,23.329,25.029,52.429,18.4,78.9,177.6,0,0,Detected earlier this season,0,0
11374,Queens,Rego Park,2026,2026-06-29,26,-0.0,-1.0,summer,40.72646,-73.86146,28.971,34.714,23.914,61.571,37.1,22.757,23.329,73.571,60.5,97.6,203.7,0,0,Detected earlier this season,0,0
11374,Queens,Rego Park,2026,2026-07-06,27,-0.1205,-0.9927,summer,40.72646,-73.86146,23.371,27.371,20.043,78.429,75.9,28.971,22.757,61.571,37.1,113.0,203.3,0,0,Detected earlier this season,1,1
11374,Queens,Rego Park,2026,2026-07-13,28,-0.2393,-0.9709,summer,40.72646,-73.86146,26.757,31.586,22.4,57.286,42.7,23.371,28.971,78.429,75.9,118.6,228.4,1,0,Detected earlier this season,1,1
11374,Queens,Rego Park,2026,2026-07-20,29,-0.3546,-0.935,summer,40.72646,-73.86146,23.814,29.043,19.1,58.286,17.0,26.757,23.371,57.286,42.7,59.7,197.1,1,1,Detected earlier this season,1,1
11374,Queens,Rego Park,2026,2026-07-27,30,-0.4647,-0.8855,summer,40.72646,-73.86146,23.971,28.114,20.871,78.857,73.1,23.814,26.757,58.286,17.0,90.1,196.5,1,2,Detected earlier this season,1,1
11374,Queens,Rego Park,2026,2026-08-03,31,-0.5681,-0.823,summer,40.72646,-73.86146,26.3,31.186,22.357,74.143,50.6,23.971,23.814,78.857,73.1,123.7,195.5,1,3,Detected earlier this season,0,0
11374,Queens,Rego Park,2026,2026-08-10,32,-0.6631,-0.7485,summer,40.72646,-73.86146,25.371,30.243,21.143,65.714,26.7,26.3,23.971,74.143,50.6,77.3,204.6,0,3,Detected earlier this season,0,0
11374,Queens,Rego Park,2026,2026-08-17,33,-0.7485,-0.6631,summer,40.72646,-73.86146,23.72,28.46,19.96,78.8,49.2,25.371,26.3,65.714,26.7,75.9,185.6,0,2,Detected earlier this season,0,0
11375,Queens,Forest Hills Gardens,2026,2026-06-01,22,0.4647,-0.8855,summer,40.72297,-73.84318,22.171,28.571,16.414,49.0,7.2,18.871,19.557,61.714,5.0,12.2,105.3,0,0,Detected earlier this season,0,0
11375,Queens,Forest Hills Gardens,2026,2026-06-08,23,0.3546,-0.935,summer,40.72297,-73.84318,24.386,29.557,20.271,59.286,10.8,22.171,18.871,49.0,7.2,18.0,140.7,0,0,Detected earlier this season,0,0
11375,Queens,Forest Hills Gardens,2026,2026-06-15,24,0.2393,-0.9709,summer,40.72297,-73.84318,23.186,27.986,18.457,51.714,17.3,24.386,22.171,59.286,10.8,28.1,170.7,0,0,Detected earlier this season,0,0
11375,Queens,Forest Hills Gardens,2026,2026-06-22,25,0.1205,-0.9927,summer,40.72297,-73.84318,22.386,26.1,19.171,75.714,79.0,23.186,24.386,51.714,17.3,96.3,170.1,0,0,Detected earlier this season,0,0
11375,Queens,Forest Hills Gardens,2026,2026-06-29,26,-0.0,-1.0,summer,40.72297,-73.84318,28.4,33.871,23.857,63.0,42.9,22.386,23.186,75.714,79.0,121.9,196.2,0,0,Detected earlier this season,0,0
11375,Queens,Forest Hills Gardens,2026,2026-07-06,27,-0.1205,-0.9927,summer,40.72297,-73.84318,23.229,26.971,19.943,77.571,82.1,28.4,22.386,63.0,42.9,125.0,196.3,0,0,Detected earlier this season,0,0
11375,Queens,Forest Hills Gardens,2026,2026-07-13,28,-0.2393,-0.9709,summer,40.72297,-73.84318,26.629,31.271,22.571,57.571,39.7,23.229,28.4,77.571,82.1,121.8,223.2,0,0,Detected earlier this season,1,1
11375,Queens,Forest Hills Gardens,2026,2026-07-20,29,-0.3546,-0.935,summer,40.72297,-73.84318,23.957,28.771,19.429,55.429,17.7,26.629,23.229,57.571,39.7,57.4,196.5,1,0,Detected earlier this season,1,1
11375,Queens,Forest Hills Gardens,2026,2026-07-27,30,-0.4647,-0.8855,summer,40.72297,-73.84318,23.871,27.829,20.886,79.286,51.7,23.957,26.629,55.429,17.7,69.4,196.1,1,1,Detected earlier this season,1,1
11375,Queens,Forest Hills Gardens,2026,2026-08-03,31,-0.5681,-0.823,summer,40.72297,-73.84318,26.414,31.171,22.5,72.571,49.4,23.871,23.957,79.286,51.7,101.1,196.7,1,2,Detected earlier this season,0,0
11375,Queens,Forest Hills Gardens,2026,2026-08-10,32,-0.6631,-0.7485,summer,40.72297,-73.84318,25.486,30.157,21.3,63.429,23.6,26.414,23.871,72.571,49.4,73.0,205.5,0,3,Detected earlier this season,0,0
11375,Queens,Forest Hills Gardens,2026,2026-08-17,33,-0.7485,-0.6631,summer,40.72297,-73.84318,23.46,27.92,19.94,80.0,69.1,25.486,26.414,63.429,23.6,92.7,186.0,0,2,Detected earlier this season,0,0
11377,Queens,"Maspeth, Astoria Heights, Sunnyside Gardens",2026,2026-06-01,22,0.4647,-0.8855,summer,40.74477,-73.90516,22.7,29.314,16.557,47.857,7.9,19.371,20.114,60.286,5.2,13.1,114.5,0,0,Detected in the past 2 weeks,0,0
11377,Queens,"Maspeth, Astoria Heights, Sunnyside Gardens",2026,2026-06-08,23,0.3546,-0.935,summer,40.74477,-73.90516,25.029,30.429,20.414,56.857,11.5,22.7,19.371,47.857,7.9,19.4,152.1,0,0,Detected in the past 2 weeks,0,0
11377,Queens,"Maspeth, Astoria Heights, Sunnyside Gardens",2026,2026-06-15,24,0.2393,-0.9709,summer,40.74477,-73.90516,23.329,28.214,18.443,52.429,18.4,25.029,22.7,56.857,11.5,29.9,179.4,0,0,Detected in the past 2 weeks,0,0
11377,Queens,"Maspeth, Astoria Heights, Sunnyside Gardens",2026,2026-06-22,25,0.1205,-0.9927,summer,40.74477,-73.90516,22.757,26.429,19.457,73.571,60.5,23.329,25.029,52.429,18.4,78.9,177.6,0,0,Detected in the past 2 weeks,0,0
11377,Queens,"Maspeth, Astoria Heights, Sunnyside Gardens",2026,2026-06-29,26,-0.0,-1.0,summer,40.74477,-73.90516,28.971,34.714,23.914,61.571,37.1,22.757,23.329,73.571,60.5,97.6,203.7,0,0,Detected in the past 2 weeks,0,0
11377,Queens,"Maspeth, Astoria Heights, Sunnyside Gardens",2026,2026-07-06,27,-0.1205,-0.9927,summer,40.74477,-73.90516,23.371,27.371,20.043,78.429,75.9,28.971,22.757,61.571,37.1,113.0,203.3,0,0,Detected in the past 2 weeks,0,0
11377,Queens,"Maspeth, Astoria Heights, Sunnyside Gardens",2026,2026-07-13,28,-0.2393,-0.9709,summer,40.74477,-73.90516,26.757,31.586,22.4,57.286,42.7,23.371,28.971,78.429,75.9,118.6,228.4,0,0,Detected in the past 2 weeks,1,1
11377,Queens,"Maspeth, Astoria Heights, Sunnyside Gardens",2026,2026-07-20,29,-0.3546,-0.935,summer,40.74477,-73.90516,23.814,29.043,19.1,58.286,17.0,26.757,23.371,57.286,42.7,59.7,197.1,1,0,Detected in the past 2 weeks,2,1
11377,Queens,"Maspeth, Astoria Heights, Sunnyside Gardens",2026,2026-07-27,30,-0.4647,-0.8855,summer,40.74477,-73.90516,23.971,28.114,20.871,78.857,73.1,23.814,26.757,58.286,17.0,90.1,196.5,2,1,Detected in the past 2 weeks,2,1
11377,Queens,"Maspeth, Astoria Heights, Sunnyside Gardens",2026,2026-08-03,31,-0.5681,-0.823,summer,40.74477,-73.90516,26.3,31.186,22.357,74.143,50.6,23.971,23.814,78.857,73.1,123.7,195.5,2,3,Detected in the past 2 weeks,1,1
11377,Queens,"Maspeth, Astoria Heights, Sunnyside Gardens",2026,2026-08-10,32,-0.6631,-0.7485,summer,40.74477,-73.90516,25.371,30.243,21.143,65.714,26.7,26.3,23.971,74.143,50.6,77.3,204.6,1,5,Detected in the past 2 weeks,1,1
11377,Queens,"Maspeth, Astoria Heights, Sunnyside Gardens",2026,2026-08-17,33,-0.7485,-0.6631,summer,40.74477,-73.90516,23.72,28.46,19.96,78.8,49.2,25.371,26.3,65.714,26.7,75.9,185.6,1,5,Detected in the past 2 weeks,0,0
11378,Queens,Maspeth,2026,2026-06-01,22,0.4647,-0.8855,summer,40.72474,-73.90964,22.7,29.314,16.557,47.857,7.9,19.371,20.114,60.286,5.2,13.1,114.5,0,0,Detected in the past 2 weeks,0,0
11378,Queens,Maspeth,2026,2026-06-08,23,0.3546,-0.935,summer,40.72474,-73.90964,25.029,30.429,20.414,56.857,11.5,22.7,19.371,47.857,7.9,19.4,152.1,0,0,Detected in the past 2 weeks,0,0
11378,Queens,Maspeth,2026,2026-06-15,24,0.2393,-0.9709,summer,40.72474,-73.90964,23.329,28.214,18.443,52.429,18.4,25.029,22.7,56.857,11.5,29.9,179.4,0,0,Detected in the past 2 weeks,0,0
11378,Queens,Maspeth,2026,2026-06-22,25,0.1205,-0.9927,summer,40.72474,-73.90964,22.757,26.429,19.457,73.571,60.5,23.329,25.029,52.429,18.4,78.9,177.6,0,0,Detected in the past 2 weeks,0,0
11378,Queens,Maspeth,2026,2026-06-29,26,-0.0,-1.0,summer,40.72474,-73.90964,28.971,34.714,23.914,61.571,37.1,22.757,23.329,73.571,60.5,97.6,203.7,0,0,Detected in the past 2 weeks,0,0
11378,Queens,Maspeth,2026,2026-07-06,27,-0.1205,-0.9927,summer,40.72474,-73.90964,23.371,27.371,20.043,78.429,75.9,28.971,22.757,61.571,37.1,113.0,203.3,0,0,Detected in the past 2 weeks,1,1
11378,Queens,Maspeth,2026,2026-07-13,28,-0.2393,-0.9709,summer,40.72474,-73.90964,26.757,31.586,22.4,57.286,42.7,23.371,28.971,78.429,75.9,118.6,228.4,1,0,Detected in the past 2 weeks,1,1
11378,Queens,Maspeth,2026,2026-07-20,29,-0.3546,-0.935,summer,40.72474,-73.90964,23.814,29.043,19.1,58.286,17.0,26.757,23.371,57.286,42.7,59.7,197.1,1,1,Detected in the past 2 weeks,1,1
11378,Queens,Maspeth,2026,2026-07-27,30,-0.4647,-0.8855,summer,40.72474,-73.90964,23.971,28.114,20.871,78.857,73.1,23.814,26.757,58.286,17.0,90.1,196.5,1,2,Detected in the past 2 weeks,1,1
11378,Queens,Maspeth,2026,2026-08-03,31,-0.5681,-0.823,summer,40.72474,-73.90964,26.3,31.186,22.357,74.143,50.6,23.971,23.814,78.857,73.1,123.7,195.5,1,3,Detected in the past 2 weeks,0,0
11378,Queens,Maspeth,2026,2026-08-10,32,-0.6631,-0.7485,summer,40.72474,-73.90964,25.371,30.243,21.143,65.714,26.7,26.3,23.971,74.143,50.6,77.3,204.6,0,3,Detected in the past 2 weeks,2,1
11378,Queens,Maspeth,2026,2026-08-17,33,-0.7485,-0.6631,summer,40.72474,-73.90964,23.72,28.46,19.96,78.8,49.2,25.371,26.3,65.714,26.7,75.9,185.6,2,2,Detected in the past 2 weeks,0,0
11379,Queens,Middle Village,2026,2026-06-01,22,0.4647,-0.8855,summer,40.71706,-73.88052,22.7,29.314,16.557,47.857,7.9,19.371,20.114,60.286,5.2,13.1,114.5,0,0,Detected in the past 2 weeks,0,0
11379,Queens,Middle Village,2026,2026-06-08,23,0.3546,-0.935,summer,40.71706,-73.88052,25.029,30.429,20.414,56.857,11.5,22.7,19.371,47.857,7.9,19.4,152.1,0,0,Detected in the past 2 weeks,0,0
11379,Queens,Middle Village,2026,2026-06-15,24,0.2393,-0.9709,summer,40.71706,-73.88052,23.329,28.214,18.443,52.429,18.4,25.029,22.7,56.857,11.5,29.9,179.4,0,0,Detected in the past 2 weeks,0,0
11379,Queens,Middle Village,2026,2026-06-22,25,0.1205,-0.9927,summer,40.71706,-73.88052,22.757,26.429,19.457,73.571,60.5,23.329,25.029,52.429,18.4,78.9,177.6,0,0,Detected in the past 2 weeks,0,0
11379,Queens,Middle Village,2026,2026-06-29,26,-0.0,-1.0,summer,40.71706,-73.88052,28.971,34.714,23.914,61.571,37.1,22.757,23.329,73.571,60.5,97.6,203.7,0,0,Detected in the past 2 weeks,1,1
11379,Queens,Middle Village,2026,2026-07-06,27,-0.1205,-0.9927,summer,40.71706,-73.88052,23.371,27.371,20.043,78.429,75.9,28.971,22.757,61.571,37.1,113.0,203.3,1,0,Detected in the past 2 weeks,1,1
11379,Queens,Middle Village,2026,2026-07-13,28,-0.2393,-0.9709,summer,40.71706,-73.88052,26.757,31.586,22.4,57.286,42.7,23.371,28.971,78.429,75.9,118.6,228.4,1,1,Detected in the past 2 weeks,1,1
11379,Queens,Middle Village,2026,2026-07-20,29,-0.3546,-0.935,summer,40.71706,-73.88052,23.814,29.043,19.1,58.286,17.0,26.757,23.371,57.286,42.7,59.7,197.1,1,2,Detected in the past 2 weeks,2,1
11379,Queens,Middle Village,2026,2026-07-27,30,-0.4647,-0.8855,summer,40.71706,-73.88052,23.971,28.114,20.871,78.857,73.1,23.814,26.757,58.286,17.0,90.1,196.5,2,3,Detected in the past 2 weeks,2,1
11379,Queens,Middle Village,2026,2026-08-03,31,-0.5681,-0.823,summer,40.71706,-73.88052,26.3,31.186,22.357,74.143,50.6,23.971,23.814,78.857,73.1,123.7,195.5,2,4,Detected in the past 2 weeks,1,1
11379,Queens,Middle Village,2026,2026-08-10,32,-0.6631,-0.7485,summer,40.71706,-73.88052,25.371,30.243,21.143,65.714,26.7,26.3,23.971,74.143,50.6,77.3,204.6,1,5,Detected in the past 2 weeks,2,1
11379,Queens,Middle Village,2026,2026-08-17,33,-0.7485,-0.6631,summer,40.71706,-73.88052,23.72,28.46,19.96,78.8,49.2,25.371,26.3,65.714,26.7,75.9,185.6,2,5,Detected in the past 2 weeks,0,0
11385,Queens,Glendale,2026,2026-06-01,22,0.4647,-0.8855,summer,40.70065,-73.88942,22.7,29.314,16.557,47.857,7.9,19.371,20.114,60.286,5.2,13.1,114.5,0,0,Detected earlier this season,0,0
11385,Queens,Glendale,2026,2026-06-08,23,0.3546,-0.935,summer,40.70065,-73.88942,25.029,30.429,20.414,56.857,11.5,22.7,19.371,47.857,7.9,19.4,152.1,0,0,Detected earlier this season,0,0
11385,Queens,Glendale,2026,2026-06-15,24,0.2393,-0.9709,summer,40.70065,-73.88942,23.329,28.214,18.443,52.429,18.4,25.029,22.7,56.857,11.5,29.9,179.4,0,0,Detected earlier this season,0,0
11385,Queens,Glendale,2026,2026-06-22,25,0.1205,-0.9927,summer,40.70065,-73.88942,22.757,26.429,19.457,73.571,60.5,23.329,25.029,52.429,18.4,78.9,177.6,0,0,Detected earlier this season,0,0
11385,Queens,Glendale,2026,2026-06-29,26,-0.0,-1.0,summer,40.70065,-73.88942,28.971,34.714,23.914,61.571,37.1,22.757,23.329,73.571,60.5,97.6,203.7,0,0,Detected earlier this season,0,0
11385,Queens,Glendale,2026,2026-07-06,27,-0.1205,-0.9927,summer,40.70065,-73.88942,23.371,27.371,20.043,78.429,75.9,28.971,22.757,61.571,37.1,113.0,203.3,0,0,Detected earlier this season,0,0
11385,Queens,Glendale,2026,2026-07-13,28,-0.2393,-0.9709,summer,40.70065,-73.88942,26.757,31.586,22.4,57.286,42.7,23.371,28.971,78.429,75.9,118.6,228.4,0,0,Detected earlier this season,1,1
11385,Queens,Glendale,2026,2026-07-20,29,-0.3546,-0.935,summer,40.70065,-73.88942,23.814,29.043,19.1,58.286,17.0,26.757,23.371,57.286,42.7,59.7,197.1,1,0,Detected earlier this season,1,1
11385,Queens,Glendale,2026,2026-07-27,30,-0.4647,-0.8855,summer,40.70065,-73.88942,23.971,28.114,20.871,78.857,73.1,23.814,26.757,58.286,17.0,90.1,196.5,1,1,Detected earlier this season,1,1
11385,Queens,Glendale,2026,2026-08-03,31,-0.5681,-0.823,summer,40.70065,-73.88942,26.3,31.186,22.357,74.143,50.6,23.971,23.814,78.857,73.1,123.7,195.5,1,2,Detected earlier this season,0,0
11385,Queens,Glendale,2026,2026-08-10,32,-0.6631,-0.7485,summer,40.70065,-73.88942,25.371,30.243,21.143,65.714,26.7,26.3,23.971,74.143,50.6,77.3,204.6,0,3,Detected earlier this season,0,0
11385,Queens,Glendale,2026,2026-08-17,33,-0.7485,-0.6631,summer,40.70065,-73.88942,23.72,28.46,19.96,78.8,49.2,25.371,26.3,65.714,26.7,75.9,185.6,0,2,Detected earlier this season,0,0
11411,Queens,,2026,2026-06-01,22,0.4647,-0.8855,summer,40.69406,-73.73627,20.571,26.157,15.986,56.286,7.6,17.957,17.9,67.0,4.6,12.2,79.6,0,0,Not detected,0,0
11411,Queens,,2026,2026-06-08,23,0.3546,-0.935,summer,40.69406,-73.73627,22.671,26.057,19.743,68.143,8.5,20.571,17.957,56.286,7.6,16.1,112.0,0,0,Not detected,0,0
11411,Queens,,2026,2026-06-15,24,0.2393,-0.9709,summer,40.69406,-73.73627,22.643,26.643,18.671,54.857,18.4,22.671,20.571,68.143,8.5,26.9,144.6,0,0,Not detected,0,0
11411,Queens,,2026,2026-06-22,25,0.1205,-0.9927,summer,40.69406,-73.73627,21.914,24.914,19.086,79.143,77.1,22.643,22.671,54.857,18.4,95.5,152.0,0,0,Not detected,0,0
11411,Queens,,2026,2026-06-29,26,-0.0,-1.0,summer,40.69406,-73.73627,26.714,30.114,23.7,70.429,29.5,21.914,22.643,79.143,77.1,106.6,177.1,0,0,Not detected,0,0
11411,Queens,,2026,2026-07-06,27,-0.1205,-0.9927,summer,40.69406,-73.73627,23.0,25.914,20.114,78.571,56.0,26.714,21.914,70.429,29.5,85.5,180.2,0,0,Not detected,0,0
11411,Queens,,2026,2026-07-13,28,-0.2393,-0.9709,summer,40.69406,-73.73627,25.957,29.686,22.729,62.286,34.2,23.0,26.714,78.571,56.0,90.2,206.5,0,0,Not detected,0,0
11411,Queens,,2026,2026-07-20,29,-0.3546,-0.935,summer,40.69406,-73.73627,23.271,26.8,19.371,59.0,37.7,25.957,23.0,62.286,34.2,71.9,185.2,0,0,Not detected,0,0
11411,Queens,,2026,2026-07-27,30,-0.4647,-0.8855,summer,40.69406,-73.73627,23.557,26.429,21.129,82.143,44.8,23.271,25.957,59.0,37.7,82.5,185.5,0,0,Not detected,0,0
11411,Queens,,2026,2026-08-03,31,-0.5681,-0.823,summer,40.69406,-73.73627,25.657,29.0,22.671,78.143,41.2,23.557,23.271,82.143,44.8,86.0,185.1,0,0,Not detected,0,0
11411,Queens,,2026,2026-08-10,32,-0.6631,-0.7485,summer,40.69406,-73.73627,25.1,28.9,21.429,66.857,22.2,25.657,23.557,78.143,41.2,63.4,196.3,0,0,Not detected,0,0
11411,Queens,,2026,2026-08-17,33,-0.7485,-0.6631,summer,40.69406,-73.73627,23.56,26.92,20.28,80.6,79.7,25.1,25.657,66.857,22.2,101.9,178.8,0,0,Not detected,0,0
11412,Queens,,2026,2026-06-01,22,0.4647,-0.8855,summer,40.69802,-73.75908,22.171,28.571,16.414,49.0,7.2,18.871,19.557,61.714,5.0,12.2,105.3,0,0,Not detected,0,0
11412,Queens,,2026,2026-06-08,23,0.3546,-0.935,summer,40.69802,-73.75908,24.386,29.557,20.271,59.286,10.8,22.171,18.871,49.0,7.2,18.0,140.7,0,0,Not detected,0,0
11412,Queens,,2026,2026-06-15,24,0.2393,-0.9709,summer,40.69802,-73.75908,23.186,27.986,18.457,51.714,17.3,24.386,22.171,59.286,10.8,28.1,170.7,0,0,Not detected,0,0
11412,Queens,,2026,2026-06-22,25,0.1205,-0.9927,summer,40.69802,-73.75908,22.386,26.1,19.171,75.714,79.0,23.186,24.386,51.714,17.3,96.3,170.1,0,0,Not detected,0,0
11412,Queens,,2026,2026-06-29,26,-0.0,-1.0,summer,40.69802,-73.75908,28.4,33.871,23.857,63.0,42.9,22.386,23.186,75.714,79.0,121.9,196.2,0,0,Not detected,0,0
11412,Queens,,2026,2026-07-06,27,-0.1205,-0.9927,summer,40.69802,-73.75908,23.229,26.971,19.943,77.571,82.1,28.4,22.386,63.0,42.9,125.0,196.3,0,0,Not detected,0,0
11412,Queens,,2026,2026-07-13,28,-0.2393,-0.9709,summer,40.69802,-73.75908,26.629,31.271,22.571,57.571,39.7,23.229,28.4,77.571,82.1,121.8,223.2,0,0,Not detected,0,0
11412,Queens,,2026,2026-07-20,29,-0.3546,-0.935,summer,40.69802,-73.75908,23.957,28.771,19.429,55.429,17.7,26.629,23.229,57.571,39.7,57.4,196.5,0,0,Not detected,0,0
11412,Queens,,2026,2026-07-27,30,-0.4647,-0.8855,summer,40.69802,-73.75908,23.871,27.829,20.886,79.286,51.7,23.957,26.629,55.429,17.7,69.4,196.1,0,0,Not detected,0,0
11412,Queens,,2026,2026-08-03,31,-0.5681,-0.823,summer,40.69802,-73.75908,26.414,31.171,22.5,72.571,49.4,23.871,23.957,79.286,51.7,101.1,196.7,0,0,Not detected,0,0
11412,Queens,,2026,2026-08-10,32,-0.6631,-0.7485,summer,40.69802,-73.75908,25.486,30.157,21.3,63.429,23.6,26.414,23.871,72.571,49.4,73.0,205.5,0,0,Not detected,0,0
11412,Queens,,2026,2026-08-17,33,-0.7485,-0.6631,summer,40.69802,-73.75908,23.46,27.92,19.94,80.0,69.1,25.486,26.414,63.429,23.6,92.7,186.0,0,0,Not detected,0,0
11413,Queens,"Brookville, Laurelton",2026,2026-06-01,22,0.4647,-0.8855,summer,40.67117,-73.75206,21.257,26.629,16.386,52.714,8.7,18.629,18.8,62.857,4.9,13.6,93.5,0,0,Detected in the past 2 weeks,0,0
11413,Queens,"Brookville, Laurelton",2026,2026-06-08,23,0.3546,-0.935,summer,40.67117,-73.75206,23.471,27.043,20.229,63.571,8.5,21.257,18.629,52.714,8.7,17.2,126.5,0,0,Detected in the past 2 weeks,0,0
11413,Queens,"Brookville, Laurelton",2026,2026-06-15,24,0.2393,-0.9709,summer,40.67117,-73.75206,22.886,27.057,18.657,53.571,17.3,23.471,21.257,63.571,8.5,25.8,156.2,0,0,Detected in the past 2 weeks,0,0
11413,Queens,"Brookville, Laurelton",2026,2026-06-22,25,0.1205,-0.9927,summer,40.67117,-73.75206,22.143,25.286,19.3,77.714,63.0,22.886,23.471,53.571,17.3,80.3,160.4,0,0,Detected in the past 2 weeks,0,0
11413,Queens,"Brookville, Laurelton",2026,2026-06-29,26,-0.0,-1.0,summer,40.67117,-73.75206,27.429,31.143,23.9,66.714,26.1,22.143,22.886,77.714,63.0,89.1,185.4,0,0,Detected in the past 2 weeks,0,0
11413,Queens,"Brookville, Laurelton",2026,2026-07-06,27,-0.1205,-0.9927,summer,40.67117,-73.75206,23.186,26.3,20.1,78.0,69.0,27.429,22.143,66.714,26.1,95.1,187.7,0,0,Detected in the past 2 weeks,0,0
11413,Queens,"Brookville, Laurelton",2026,2026-07-13,28,-0.2393,-0.9709,summer,40.67117,-73.75206,26.457,30.329,22.843,59.143,33.0,23.186,27.429,78.0,69.0,102.0,215.4,0,0,Detected in the past 2 weeks,1,1
11413,Queens,"Brookville, Laurelton",2026,2026-07-20,29,-0.3546,-0.935,summer,40.67117,-73.75206,23.514,27.257,19.514,58.143,28.5,26.457,23.186,59.143,33.0,61.5,191.6,1,0,Detected in the past 2 weeks,1,1
11413,Queens,"Brookville, Laurelton",2026,2026-07-27,30,-0.4647,-0.8855,summer,40.67117,-73.75206,23.657,26.814,21.114,80.857,51.6,23.514,26.457,58.143,28.5,80.1,191.1,1,1,Detected in the past 2 weeks,2,1
11413,Queens,"Brookville, Laurelton",2026,2026-08-03,31,-0.5681,-0.823,summer,40.67117,-73.75206,26.071,29.657,22.743,75.0,41.3,23.657,23.514,80.857,51.6,92.9,190.1,2,2,Detected in the past 2 weeks,1,1
11413,Queens,"Brookville, Laurelton",2026,2026-08-10,32,-0.6631,-0.7485,summer,40.67117,-73.75206,25.171,28.9,21.6,66.286,22.4,26.071,23.657,75.0,41.3,63.7,200.1,1,4,Detected in the past 2 weeks,2,1
11413,Queens,"Brookville, Laurelton",2026,2026-08-17,33,-0.7485,-0.6631,summer,40.67117,-73.75206,23.54,27.18,20.3,81.0,74.3,25.171,26.071,66.286,22.4,96.7,181.9,2,4,Detected in the past 2 weeks,1,1
11414,Queens,Howard Beach,2026,2026-06-01,22,0.4647,-0.8855,summer,40.6576,-73.8448,21.257,26.629,16.386,52.714,8.7,18.629,18.8,62.857,4.9,13.6,93.5,0,0,Detected in the past 2 weeks,0,0
11414,Queens,Howard Beach,2026,2026-06-08,23,0.3546,-0.935,summer,40.6576,-73.8448,23.471,27.043,20.229,63.571,8.5,21.257,18.629,52.714,8.7,17.2,126.5,0,0,Detected in the past 2 weeks,0,0
11414,Queens,Howard Beach,2026,2026-06-15,24,0.2393,-0.9709,summer,40.6576,-73.8448,22.886,27.057,18.657,53.571,17.3,23.471,21.257,63.571,8.5,25.8,156.2,0,0,Detected in the past 2 weeks,0,0
11414,Queens,Howard Beach,2026,2026-06-22,25,0.1205,-0.9927,summer,40.6576,-73.8448,22.143,25.286,19.3,77.714,63.0,22.886,23.471,53.571,17.3,80.3,160.4,0,0,Detected in the past 2 weeks,0,0
11414,Queens,Howard Beach,2026,2026-06-29,26,-0.0,-1.0,summer,40.6576,-73.8448,27.429,31.143,23.9,66.714,26.1,22.143,22.886,77.714,63.0,89.1,185.4,0,0,Detected in the past 2 weeks,0,0
11414,Queens,Howard Beach,2026,2026-07-06,27,-0.1205,-0.9927,summer,40.6576,-73.8448,23.186,26.3,20.1,78.0,69.0,27.429,22.143,66.714,26.1,95.1,187.7,0,0,Detected in the past 2 weeks,0,0
11414,Queens,Howard Beach,2026,2026-07-13,28,-0.2393,-0.9709,summer,40.6576,-73.8448,26.457,30.329,22.843,59.143,33.0,23.186,27.429,78.0,69.0,102.0,215.4,0,0,Detected in the past 2 weeks,1,1
11414,Queens,Howard Beach,2026,2026-07-20,29,-0.3546,-0.935,summer,40.6576,-73.8448,23.514,27.257,19.514,58.143,28.5,26.457,23.186,59.143,33.0,61.5,191.6,1,0,Detected in the past 2 weeks,1,1
11414,Queens,Howard Beach,2026,2026-07-27,30,-0.4647,-0.8855,summer,40.6576,-73.8448,23.657,26.814,21.114,80.857,51.6,23.514,26.457,58.143,28.5,80.1,191.1,1,1,Detected in the past 2 weeks,1,1
11414,Queens,Howard Beach,2026,2026-08-03,31,-0.5681,-0.823,summer,40.6576,-73.8448,26.071,29.657,22.743,75.0,41.3,23.657,23.514,80.857,51.6,92.9,190.1,1,2,Detected in the past 2 weeks,1,1
11414,Queens,Howard Beach,2026,2026-08-10,32,-0.6631,-0.7485,summer,40.6576,-73.8448,25.171,28.9,21.6,66.286,22.4,26.071,23.657,75.0,41.3,63.7,200.1,1,3,Detected in the past 2 weeks,1,1
11414,Queens,Howard Beach,2026,2026-08-17,33,-0.7485,-0.6631,summer,40.6576,-73.8448,23.54,27.18,20.3,81.0,74.3,25.171,26.071,66.286,22.4,96.7,181.9,1,3,Detected in the past 2 weeks,0,0
11415,Queens,kew Gardens,2026,2026-06-01,22,0.4647,-0.8855,summer,40.70808,-73.82804,21.257,26.629,16.386,52.714,8.7,18.629,18.8,62.857,4.9,13.6,93.5,0,0,Detected in the past 2 weeks,0,0
11415,Queens,kew Gardens,2026,2026-06-08,23,0.3546,-0.935,summer,40.70808,-73.82804,23.471,27.043,20.229,63.571,8.5,21.257,18.629,52.714,8.7,17.2,126.5,0,0,Detected in the past 2 weeks,0,0
11415,Queens,kew Gardens,2026,2026-06-15,24,0.2393,-0.9709,summer,40.70808,-73.82804,22.886,27.057,18.657,53.571,17.3,23.471,21.257,63.571,8.5,25.8,156.2,0,0,Detected in the past 2 weeks,0,0
11415,Queens,kew Gardens,2026,2026-06-22,25,0.1205,-0.9927,summer,40.70808,-73.82804,22.143,25.286,19.3,77.714,63.0,22.886,23.471,53.571,17.3,80.3,160.4,0,0,Detected in the past 2 weeks,0,0
11415,Queens,kew Gardens,2026,2026-06-29,26,-0.0,-1.0,summer,40.70808,-73.82804,27.429,31.143,23.9,66.714,26.1,22.143,22.886,77.714,63.0,89.1,185.4,0,0,Detected in the past 2 weeks,1,1
11415,Queens,kew Gardens,2026,2026-07-06,27,-0.1205,-0.9927,summer,40.70808,-73.82804,23.186,26.3,20.1,78.0,69.0,27.429,22.143,66.714,26.1,95.1,187.7,1,0,Detected in the past 2 weeks,1,1
11415,Queens,kew Gardens,2026,2026-07-13,28,-0.2393,-0.9709,summer,40.70808,-73.82804,26.457,30.329,22.843,59.143,33.0,23.186,27.429,78.0,69.0,102.0,215.4,1,1,Detected in the past 2 weeks,1,1
11415,Queens,kew Gardens,2026,2026-07-20,29,-0.3546,-0.935,summer,40.70808,-73.82804,23.514,27.257,19.514,58.143,28.5,26.457,23.186,59.143,33.0,61.5,191.6,1,2,Detected in the past 2 weeks,1,1
11415,Queens,kew Gardens,2026,2026-07-27,30,-0.4647,-0.8855,summer,40.70808,-73.82804,23.657,26.814,21.114,80.857,51.6,23.514,26.457,58.143,28.5,80.1,191.1,1,3,Detected in the past 2 weeks,1,1
11415,Queens,kew Gardens,2026,2026-08-03,31,-0.5681,-0.823,summer,40.70808,-73.82804,26.071,29.657,22.743,75.0,41.3,23.657,23.514,80.857,51.6,92.9,190.1,1,3,Detected in the past 2 weeks,1,1
11415,Queens,kew Gardens,2026,2026-08-10,32,-0.6631,-0.7485,summer,40.70808,-73.82804,25.171,28.9,21.6,66.286,22.4,26.071,23.657,75.0,41.3,63.7,200.1,1,3,Detected in the past 2 weeks,1,1
11415,Queens,kew Gardens,2026,2026-08-17,33,-0.7485,-0.6631,summer,40.70808,-73.82804,23.54,27.18,20.3,81.0,74.3,25.171,26.071,66.286,22.4,96.7,181.9,1,3,Detected in the past 2 weeks,0,0
11416,Queens,,2026,2026-06-01,22,0.4647,-0.8855,summer,40.68459,-73.84971,21.257,26.629,16.386,52.714,8.7,18.629,18.8,62.857,4.9,13.6,93.5,0,0,Not detected,0,0
11416,Queens,,2026,2026-06-08,23,0.3546,-0.935,summer,40.68459,-73.84971,23.471,27.043,20.229,63.571,8.5,21.257,18.629,52.714,8.7,17.2,126.5,0,0,Not detected,0,0
11416,Queens,,2026,2026-06-15,24,0.2393,-0.9709,summer,40.68459,-73.84971,22.886,27.057,18.657,53.571,17.3,23.471,21.257,63.571,8.5,25.8,156.2,0,0,Not detected,0,0
11416,Queens,,2026,2026-06-22,25,0.1205,-0.9927,summer,40.68459,-73.84971,22.143,25.286,19.3,77.714,63.0,22.886,23.471,53.571,17.3,80.3,160.4,0,0,Not detected,0,0
11416,Queens,,2026,2026-06-29,26,-0.0,-1.0,summer,40.68459,-73.84971,27.429,31.143,23.9,66.714,26.1,22.143,22.886,77.714,63.0,89.1,185.4,0,0,Not detected,0,0
11416,Queens,,2026,2026-07-06,27,-0.1205,-0.9927,summer,40.68459,-73.84971,23.186,26.3,20.1,78.0,69.0,27.429,22.143,66.714,26.1,95.1,187.7,0,0,Not detected,0,0
11416,Queens,,2026,2026-07-13,28,-0.2393,-0.9709,summer,40.68459,-73.84971,26.457,30.329,22.843,59.143,33.0,23.186,27.429,78.0,69.0,102.0,215.4,0,0,Not detected,0,0
11416,Queens,,2026,2026-07-20,29,-0.3546,-0.935,summer,40.68459,-73.84971,23.514,27.257,19.514,58.143,28.5,26.457,23.186,59.143,33.0,61.5,191.6,0,0,Not detected,0,0
11416,Queens,,2026,2026-07-27,30,-0.4647,-0.8855,summer,40.68459,-73.84971,23.657,26.814,21.114,80.857,51.6,23.514,26.457,58.143,28.5,80.1,191.1,0,0,Not detected,0,0
11416,Queens,,2026,2026-08-03,31,-0.5681,-0.823,summer,40.68459,-73.84971,26.071,29.657,22.743,75.0,41.3,23.657,23.514,80.857,51.6,92.9,190.1,0,0,Not detected,0,0
11416,Queens,,2026,2026-08-10,32,-0.6631,-0.7485,summer,40.68459,-73.84971,25.171,28.9,21.6,66.286,22.4,26.071,23.657,75.0,41.3,63.7,200.1,0,0,Not detected,0,0
11416,Queens,,2026,2026-08-17,33,-0.7485,-0.6631,summer,40.68459,-73.84971,23.54,27.18,20.3,81.0,74.3,25.171,26.071,66.286,22.4,96.7,181.9,0,0,Not detected,0,0
11417,Queens,Ozone Park,2026,2026-06-01,22,0.4647,-0.8855,summer,40.67641,-73.84459,21.257,26.629,16.386,52.714,8.7,18.629,18.8,62.857,4.9,13.6,93.5,0,0,Detected in the past 2 weeks,0,0
11417,Queens,Ozone Park,2026,2026-06-08,23,0.3546,-0.935,summer,40.67641,-73.84459,23.471,27.043,20.229,63.571,8.5,21.257,18.629,52.714,8.7,17.2,126.5,0,0,Detected in the past 2 weeks,0,0
11417,Queens,Ozone Park,2026,2026-06-15,24,0.2393,-0.9709,summer,40.67641,-73.84459,22.886,27.057,18.657,53.571,17.3,23.471,21.257,63.571,8.5,25.8,156.2,0,0,Detected in the past 2 weeks,0,0
11417,Queens,Ozone Park,2026,2026-06-22,25,0.1205,-0.9927,summer,40.67641,-73.84459,22.143,25.286,19.3,77.714,63.0,22.886,23.471,53.571,17.3,80.3,160.4,0,0,Detected in the past 2 weeks,0,0
11417,Queens,Ozone Park,2026,2026-06-29,26,-0.0,-1.0,summer,40.67641,-73.84459,27.429,31.143,23.9,66.714,26.1,22.143,22.886,77.714,63.0,89.1,185.4,0,0,Detected in the past 2 weeks,0,0
11417,Queens,Ozone Park,2026,2026-07-06,27,-0.1205,-0.9927,summer,40.67641,-73.84459,23.186,26.3,20.1,78.0,69.0,27.429,22.143,66.714,26.1,95.1,187.7,0,0,Detected in the past 2 weeks,0,0
11417,Queens,Ozone Park,2026,2026-07-13,28,-0.2393,-0.9709,summer,40.67641,-73.84459,26.457,30.329,22.843,59.143,33.0,23.186,27.429,78.0,69.0,102.0,215.4,0,0,Detected in the past 2 weeks,0,0
11417,Queens,Ozone Park,2026,2026-07-20,29,-0.3546,-0.935,summer,40.67641,-73.84459,23.514,27.257,19.514,58.143,28.5,26.457,23.186,59.143,33.0,61.5,191.6,0,0,Detected in the past 2 weeks,1,1
11417,Queens,Ozone Park,2026,2026-07-27,30,-0.4647,-0.8855,summer,40.67641,-73.84459,23.657,26.814,21.114,80.857,51.6,23.514,26.457,58.143,28.5,80.1,191.1,1,0,Detected in the past 2 weeks,1,1
11417,Queens,Ozone Park,2026,2026-08-03,31,-0.5681,-0.823,summer,40.67641,-73.84459,26.071,29.657,22.743,75.0,41.3,23.657,23.514,80.857,51.6,92.9,190.1,1,1,Detected in the past 2 weeks,1,1
11417,Queens,Ozone Park,2026,2026-08-10,32,-0.6631,-0.7485,summer,40.67641,-73.84459,25.171,28.9,21.6,66.286,22.4,26.071,23.657,75.0,41.3,63.7,200.1,1,2,Detected in the past 2 weeks,1,1
11417,Queens,Ozone Park,2026,2026-08-17,33,-0.7485,-0.6631,summer,40.67641,-73.84459,23.54,27.18,20.3,81.0,74.3,25.171,26.071,66.286,22.4,96.7,181.9,1,3,Detected in the past 2 weeks,0,0
11418,Queens,kew Gardens,2026,2026-06-01,22,0.4647,-0.8855,summer,40.70032,-73.83602,21.257,26.629,16.386,52.714,8.7,18.629,18.8,62.857,4.9,13.6,93.5,0,0,Detected earlier this season,0,0
11418,Queens,kew Gardens,2026,2026-06-08,23,0.3546,-0.935,summer,40.70032,-73.83602,23.471,27.043,20.229,63.571,8.5,21.257,18.629,52.714,8.7,17.2,126.5,0,0,Detected earlier this season,0,0
11418,Queens,kew Gardens,2026,2026-06-15,24,0.2393,-0.9709,summer,40.70032,-73.83602,22.886,27.057,18.657,53.571,17.3,23.471,21.257,63.571,8.5,25.8,156.2,0,0,Detected earlier this season,0,0
11418,Queens,kew Gardens,2026,2026-06-22,25,0.1205,-0.9927,summer,40.70032,-73.83602,22.143,25.286,19.3,77.714,63.0,22.886,23.471,53.571,17.3,80.3,160.4,0,0,Detected earlier this season,0,0
11418,Queens,kew Gardens,2026,2026-06-29,26,-0.0,-1.0,summer,40.70032,-73.83602,27.429,31.143,23.9,66.714,26.1,22.143,22.886,77.714,63.0,89.1,185.4,0,0,Detected earlier this season,0,0
11418,Queens,kew Gardens,2026,2026-07-06,27,-0.1205,-0.9927,summer,40.70032,-73.83602,23.186,26.3,20.1,78.0,69.0,27.429,22.143,66.714,26.1,95.1,187.7,0,0,Detected earlier this season,0,0
11418,Queens,kew Gardens,2026,2026-07-13,28,-0.2393,-0.9709,summer,40.70032,-73.83602,26.457,30.329,22.843,59.143,33.0,23.186,27.429,78.0,69.0,102.0,215.4,0,0,Detected earlier this season,1,1
11418,Queens,kew Gardens,2026,2026-07-20,29,-0.3546,-0.935,summer,40.70032,-73.83602,23.514,27.257,19.514,58.143,28.5,26.457,23.186,59.143,33.0,61.5,191.6,1,0,Detected earlier this season,1,1
11418,Queens,kew Gardens,2026,2026-07-27,30,-0.4647,-0.8855,summer,40.70032,-73.83602,23.657,26.814,21.114,80.857,51.6,23.514,26.457,58.143,28.5,80.1,191.1,1,1,Detected earlier this season,1,1
11418,Queens,kew Gardens,2026,2026-08-03,31,-0.5681,-0.823,summer,40.70032,-73.83602,26.071,29.657,22.743,75.0,41.3,23.657,23.514,80.857,51.6,92.9,190.1,1,2,Detected earlier this season,0,0
11418,Queens,kew Gardens,2026,2026-08-10,32,-0.6631,-0.7485,summer,40.70032,-73.83602,25.171,28.9,21.6,66.286,22.4,26.071,23.657,75.0,41.3,63.7,200.1,0,3,Detected earlier this season,0,0
11418,Queens,kew Gardens,2026,2026-08-17,33,-0.7485,-0.6631,summer,40.70032,-73.83602,23.54,27.18,20.3,81.0,74.3,25.171,26.071,66.286,22.4,96.7,181.9,0,2,Detected earlier this season,0,0
11419,Queens,,2026,2026-06-01,22,0.4647,-0.8855,summer,40.68861,-73.82306,21.257,26.629,16.386,52.714,8.7,18.629,18.8,62.857,4.9,13.6,93.5,0,0,Not detected,0,0
11419,Queens,,2026,2026-06-08,23,0.3546,-0.935,summer,40.68861,-73.82306,23.471,27.043,20.229,63.571,8.5,21.257,18.629,52.714,8.7,17.2,126.5,0,0,Not detected,0,0
11419,Queens,,2026,2026-06-15,24,0.2393,-0.9709,summer,40.68861,-73.82306,22.886,27.057,18.657,53.571,17.3,23.471,21.257,63.571,8.5,25.8,156.2,0,0,Not detected,0,0
11419,Queens,,2026,2026-06-22,25,0.1205,-0.9927,summer,40.68861,-73.82306,22.143,25.286,19.3,77.714,63.0,22.886,23.471,53.571,17.3,80.3,160.4,0,0,Not detected,0,0
11419,Queens,,2026,2026-06-29,26,-0.0,-1.0,summer,40.68861,-73.82306,27.429,31.143,23.9,66.714,26.1,22.143,22.886,77.714,63.0,89.1,185.4,0,0,Not detected,0,0
11419,Queens,,2026,2026-07-06,27,-0.1205,-0.9927,summer,40.68861,-73.82306,23.186,26.3,20.1,78.0,69.0,27.429,22.143,66.714,26.1,95.1,187.7,0,0,Not detected,0,0
11419,Queens,,2026,2026-07-13,28,-0.2393,-0.9709,summer,40.68861,-73.82306,26.457,30.329,22.843,59.143,33.0,23.186,27.429,78.0,69.0,102.0,215.4,0,0,Not detected,0,0
11419,Queens,,2026,2026-07-20,29,-0.3546,-0.935,summer,40.68861,-73.82306,23.514,27.257,19.514,58.143,28.5,26.457,23.186,59.143,33.0,61.5,191.6,0,0,Not detected,0,0
11419,Queens,,2026,2026-07-27,30,-0.4647,-0.8855,summer,40.68861,-73.82306,23.657,26.814,21.114,80.857,51.6,23.514,26.457,58.143,28.5,80.1,191.1,0,0,Not detected,0,0
11419,Queens,,2026,2026-08-03,31,-0.5681,-0.823,summer,40.68861,-73.82306,26.071,29.657,22.743,75.0,41.3,23.657,23.514,80.857,51.6,92.9,190.1,0,0,Not detected,0,0
11419,Queens,,2026,2026-08-10,32,-0.6631,-0.7485,summer,40.68861,-73.82306,25.171,28.9,21.6,66.286,22.4,26.071,23.657,75.0,41.3,63.7,200.1,0,0,Not detected,0,0
11419,Queens,,2026,2026-08-17,33,-0.7485,-0.6631,summer,40.68861,-73.82306,23.54,27.18,20.3,81.0,74.3,25.171,26.071,66.286,22.4,96.7,181.9,0,0,Not detected,0,0
11420,Queens,"Ozone Park, South Ozone Park",2026,2026-06-01,22,0.4647,-0.8855,summer,40.6735,-73.8177,21.257,26.629,16.386,52.714,8.7,18.629,18.8,62.857,4.9,13.6,93.5,0,0,Detected in the past 2 weeks,0,0
11420,Queens,"Ozone Park, South Ozone Park",2026,2026-06-08,23,0.3546,-0.935,summer,40.6735,-73.8177,23.471,27.043,20.229,63.571,8.5,21.257,18.629,52.714,8.7,17.2,126.5,0,0,Detected in the past 2 weeks,0,0
11420,Queens,"Ozone Park, South Ozone Park",2026,2026-06-15,24,0.2393,-0.9709,summer,40.6735,-73.8177,22.886,27.057,18.657,53.571,17.3,23.471,21.257,63.571,8.5,25.8,156.2,0,0,Detected in the past 2 weeks,0,0
11420,Queens,"Ozone Park, South Ozone Park",2026,2026-06-22,25,0.1205,-0.9927,summer,40.6735,-73.8177,22.143,25.286,19.3,77.714,63.0,22.886,23.471,53.571,17.3,80.3,160.4,0,0,Detected in the past 2 weeks,0,0
11420,Queens,"Ozone Park, South Ozone Park",2026,2026-06-29,26,-0.0,-1.0,summer,40.6735,-73.8177,27.429,31.143,23.9,66.714,26.1,22.143,22.886,77.714,63.0,89.1,185.4,0,0,Detected in the past 2 weeks,0,0
11420,Queens,"Ozone Park, South Ozone Park",2026,2026-07-06,27,-0.1205,-0.9927,summer,40.6735,-73.8177,23.186,26.3,20.1,78.0,69.0,27.429,22.143,66.714,26.1,95.1,187.7,0,0,Detected in the past 2 weeks,0,0
11420,Queens,"Ozone Park, South Ozone Park",2026,2026-07-13,28,-0.2393,-0.9709,summer,40.6735,-73.8177,26.457,30.329,22.843,59.143,33.0,23.186,27.429,78.0,69.0,102.0,215.4,0,0,Detected in the past 2 weeks,0,0
11420,Queens,"Ozone Park, South Ozone Park",2026,2026-07-20,29,-0.3546,-0.935,summer,40.6735,-73.8177,23.514,27.257,19.514,58.143,28.5,26.457,23.186,59.143,33.0,61.5,191.6,0,0,Detected in the past 2 weeks,1,1
11420,Queens,"Ozone Park, South Ozone Park",2026,2026-07-27,30,-0.4647,-0.8855,summer,40.6735,-73.8177,23.657,26.814,21.114,80.857,51.6,23.514,26.457,58.143,28.5,80.1,191.1,1,0,Detected in the past 2 weeks,1,1
11420,Queens,"Ozone Park, South Ozone Park",2026,2026-08-03,31,-0.5681,-0.823,summer,40.6735,-73.8177,26.071,29.657,22.743,75.0,41.3,23.657,23.514,80.857,51.6,92.9,190.1,1,1,Detected in the past 2 weeks,2,1
11420,Queens,"Ozone Park, South Ozone Park",2026,2026-08-10,32,-0.6631,-0.7485,summer,40.6735,-73.8177,25.171,28.9,21.6,66.286,22.4,26.071,23.657,75.0,41.3,63.7,200.1,2,2,Detected in the past 2 weeks,2,1
11420,Queens,"Ozone Park, South Ozone Park",2026,2026-08-17,33,-0.7485,-0.6631,summer,40.6735,-73.8177,23.54,27.18,20.3,81.0,74.3,25.171,26.071,66.286,22.4,96.7,181.9,2,4,Detected in the past 2 weeks,0,0
11421,Queens,Woodhaven,2026,2026-06-01,22,0.4647,-0.8855,summer,40.69403,-73.85866,21.257,26.629,16.386,52.714,8.7,18.629,18.8,62.857,4.9,13.6,93.5,0,0,Detected in the past 2 weeks,0,0
11421,Queens,Woodhaven,2026,2026-06-08,23,0.3546,-0.935,summer,40.69403,-73.85866,23.471,27.043,20.229,63.571,8.5,21.257,18.629,52.714,8.7,17.2,126.5,0,0,Detected in the past 2 weeks,0,0
11421,Queens,Woodhaven,2026,2026-06-15,24,0.2393,-0.9709,summer,40.69403,-73.85866,22.886,27.057,18.657,53.571,17.3,23.471,21.257,63.571,8.5,25.8,156.2,0,0,Detected in the past 2 weeks,0,0
11421,Queens,Woodhaven,2026,2026-06-22,25,0.1205,-0.9927,summer,40.69403,-73.85866,22.143,25.286,19.3,77.714,63.0,22.886,23.471,53.571,17.3,80.3,160.4,0,0,Detected in the past 2 weeks,0,0
11421,Queens,Woodhaven,2026,2026-06-29,26,-0.0,-1.0,summer,40.69403,-73.85866,27.429,31.143,23.9,66.714,26.1,22.143,22.886,77.714,63.0,89.1,185.4,0,0,Detected in the past 2 weeks,0,0
11421,Queens,Woodhaven,2026,2026-07-06,27,-0.1205,-0.9927,summer,40.69403,-73.85866,23.186,26.3,20.1,78.0,69.0,27.429,22.143,66.714,26.1,95.1,187.7,0,0,Detected in the past 2 weeks,1,1
11421,Queens,Woodhaven,2026,2026-07-13,28,-0.2393,-0.9709,summer,40.69403,-73.85866,26.457,30.329,22.843,59.143,33.0,23.186,27.429,78.0,69.0,102.0,215.4,1,0,Detected in the past 2 weeks,1,1
11421,Queens,Woodhaven,2026,2026-07-20,29,-0.3546,-0.935,summer,40.69403,-73.85866,23.514,27.257,19.514,58.143,28.5,26.457,23.186,59.143,33.0,61.5,191.6,1,1,Detected in the past 2 weeks,1,1
11421,Queens,Woodhaven,2026,2026-07-27,30,-0.4647,-0.8855,summer,40.69403,-73.85866,23.657,26.814,21.114,80.857,51.6,23.514,26.457,58.143,28.5,80.1,191.1,1,2,Detected in the past 2 weeks,2,1
11421,Queens,Woodhaven,2026,2026-08-03,31,-0.5681,-0.823,summer,40.69403,-73.85866,26.071,29.657,22.743,75.0,41.3,23.657,23.514,80.857,51.6,92.9,190.1,2,3,Detected in the past 2 weeks,1,1
11421,Queens,Woodhaven,2026,2026-08-10,32,-0.6631,-0.7485,summer,40.69403,-73.85866,25.171,28.9,21.6,66.286,22.4,26.071,23.657,75.0,41.3,63.7,200.1,1,4,Detected in the past 2 weeks,1,1
11421,Queens,Woodhaven,2026,2026-08-17,33,-0.7485,-0.6631,summer,40.69403,-73.85866,23.54,27.18,20.3,81.0,74.3,25.171,26.071,66.286,22.4,96.7,181.9,1,4,Detected in the past 2 weeks,0,0
11422,Queens,"Laurelton, Rosedale",2026,2026-06-01,22,0.4647,-0.8855,summer,40.66079,-73.73757,20.571,26.157,15.986,56.286,7.6,17.957,17.9,67.0,4.6,12.2,79.6,0,0,Detected in the past 2 weeks,0,0
11422,Queens,"Laurelton, Rosedale",2026,2026-06-08,23,0.3546,-0.935,summer,40.66079,-73.73757,22.671,26.057,19.743,68.143,8.5,20.571,17.957,56.286,7.6,16.1,112.0,0,0,Detected in the past 2 weeks,0,0
11422,Queens,"Laurelton, Rosedale",2026,2026-06-15,24,0.2393,-0.9709,summer,40.66079,-73.73757,22.643,26.643,18.671,54.857,18.4,22.671,20.571,68.143,8.5,26.9,144.6,0,0,Detected in the past 2 weeks,0,0
11422,Queens,"Laurelton, Rosedale",2026,2026-06-22,25,0.1205,-0.9927,summer,40.66079,-73.73757,21.914,24.914,19.086,79.143,77.1,22.643,22.671,54.857,18.4,95.5,152.0,0,0,Detected in the past 2 weeks,0,0
11422,Queens,"Laurelton, Rosedale",2026,2026-06-29,26,-0.0,-1.0,summer,40.66079,-73.73757,26.714,30.114,23.7,70.429,29.5,21.914,22.643,79.143,77.1,106.6,177.1,0,0,Detected in the past 2 weeks,0,0
11422,Queens,"Laurelton, Rosedale",2026,2026-07-06,27,-0.1205,-0.9927,summer,40.66079,-73.73757,23.0,25.914,20.114,78.571,56.0,26.714,21.914,70.429,29.5,85.5,180.2,0,0,Detected in the past 2 weeks,1,1
11422,Queens,"Laurelton, Rosedale",2026,2026-07-13,28,-0.2393,-0.9709,summer,40.66079,-73.73757,25.957,29.686,22.729,62.286,34.2,23.0,26.714,78.571,56.0,90.2,206.5,1,0,Detected in the past 2 weeks,1,1
11422,Queens,"Laurelton, Rosedale",2026,2026-07-20,29,-0.3546,-0.935,summer,40.66079,-73.73757,23.271,26.8,19.371,59.0,37.7,25.957,23.0,62.286,34.2,71.9,185.2,1,1,Detected in the past 2 weeks,1,1
11422,Queens,"Laurelton, Rosedale",2026,2026-07-27,30,-0.4647,-0.8855,summer,40.66079,-73.73757,23.557,26.429,21.129,82.143,44.8,23.271,25.957,59.0,37.7,82.5,185.5,1,2,Detected in the past 2 weeks,2,1
11422,Queens,"Laurelton, Rosedale",2026,2026-08-03,31,-0.5681,-0.823,summer,40.66079,-73.73757,25.657,29.0,22.671,78.143,41.2,23.557,23.271,82.143,44.8,86.0,185.1,2,3,Detected in the past 2 weeks,1,1
11422,Queens,"Laurelton, Rosedale",2026,2026-08-10,32,-0.6631,-0.7485,summer,40.66079,-73.73757,25.1,28.9,21.429,66.857,22.2,25.657,23.557,78.143,41.2,63.4,196.3,1,4,Detected in the past 2 weeks,2,1
11422,Queens,"Laurelton, Rosedale",2026,2026-08-17,33,-0.7485,-0.6631,summer,40.66079,-73.73757,23.56,26.92,20.28,80.6,79.7,25.1,25.657,66.857,22.2,101.9,178.8,2,4,Detected in the past 2 weeks,2,1
11423,Queens,Holliswood,2026,2026-06-01,22,0.4647,-0.8855,summer,40.71567,-73.7683,22.171,28.571,16.414,49.0,7.2,18.871,19.557,61.714,5.0,12.2,105.3,0,0,Detected in the past 2 weeks,0,0
11423,Queens,Holliswood,2026,2026-06-08,23,0.3546,-0.935,summer,40.71567,-73.7683,24.386,29.557,20.271,59.286,10.8,22.171,18.871,49.0,7.2,18.0,140.7,0,0,Detected in the past 2 weeks,0,0
11423,Queens,Holliswood,2026,2026-06-15,24,0.2393,-0.9709,summer,40.71567,-73.7683,23.186,27.986,18.457,51.714,17.3,24.386,22.171,59.286,10.8,28.1,170.7,0,0,Detected in the past 2 weeks,1,1
11423,Queens,Holliswood,2026,2026-06-22,25,0.1205,-0.9927,summer,40.71567,-73.7683,22.386,26.1,19.171,75.714,79.0,23.186,24.386,51.714,17.3,96.3,170.1,1,0,Detected in the past 2 weeks,1,1
11423,Queens,Holliswood,2026,2026-06-29,26,-0.0,-1.0,summer,40.71567,-73.7683,28.4,33.871,23.857,63.0,42.9,22.386,23.186,75.714,79.0,121.9,196.2,1,1,Detected in the past 2 weeks,1,1
11423,Queens,Holliswood,2026,2026-07-06,27,-0.1205,-0.9927,summer,40.71567,-73.7683,23.229,26.971,19.943,77.571,82.1,28.4,22.386,63.0,42.9,125.0,196.3,1,2,Detected in the past 2 weeks,1,1
11423,Queens,Holliswood,2026,2026-07-13,28,-0.2393,-0.9709,summer,40.71567,-73.7683,26.629,31.271,22.571,57.571,39.7,23.229,28.4,77.571,82.1,121.8,223.2,1,3,Detected in the past 2 weeks,1,1
11423,Queens,Holliswood,2026,2026-07-20,29,-0.3546,-0.935,summer,40.71567,-73.7683,23.957,28.771,19.429,55.429,17.7,26.629,23.229,57.571,39.7,57.4,196.5,1,3,Detected in the past 2 weeks,1,1
11423,Queens,Holliswood,2026,2026-07-27,30,-0.4647,-0.8855,summer,40.71567,-73.7683,23.871,27.829,20.886,79.286,51.7,23.957,26.629,55.429,17.7,69.4,196.1,1,3,Detected in the past 2 weeks,1,1
11423,Queens,Holliswood,2026,2026-08-03,31,-0.5681,-0.823,summer,40.71567,-73.7683,26.414,31.171,22.5,72.571,49.4,23.871,23.957,79.286,51.7,101.1,196.7,1,3,Detected in the past 2 weeks,1,1
11423,Queens,Holliswood,2026,2026-08-10,32,-0.6631,-0.7485,summer,40.71567,-73.7683,25.486,30.157,21.3,63.429,23.6,26.414,23.871,72.571,49.4,73.0,205.5,1,3,Detected in the past 2 weeks,1,1
11423,Queens,Holliswood,2026,2026-08-17,33,-0.7485,-0.6631,summer,40.71567,-73.7683,23.46,27.92,19.94,80.0,69.1,25.486,26.414,63.429,23.6,92.7,186.0,1,3,Detected in the past 2 weeks,1,1
11426,Queens,"Glen Oaks, Bellaire",2026,2026-06-01,22,0.4647,-0.8855,summer,40.73641,-73.72236,21.443,28.057,15.714,52.571,7.5,18.2,18.786,65.429,4.2,11.7,92.4,0,0,Detected in the past 2 weeks,0,0
11426,Queens,"Glen Oaks, Bellaire",2026,2026-06-08,23,0.3546,-0.935,summer,40.73641,-73.72236,23.629,28.829,19.786,63.143,11.3,21.443,18.2,52.571,7.5,18.8,126.5,0,0,Detected in the past 2 weeks,0,0
11426,Queens,"Glen Oaks, Bellaire",2026,2026-06-15,24,0.2393,-0.9709,summer,40.73641,-73.72236,22.9,27.571,18.157,52.857,17.6,23.629,21.443,63.143,11.3,28.9,159.1,0,0,Detected in the past 2 weeks,0,0
11426,Queens,"Glen Oaks, Bellaire",2026,2026-06-22,25,0.1205,-0.9927,summer,40.73641,-73.72236,22.214,26.186,18.743,76.571,78.1,22.9,23.629,52.857,17.6,95.7,162.2,0,0,Detected in the past 2 weeks,1,1
11426,Queens,"Glen Oaks, Bellaire",2026,2026-06-29,26,-0.0,-1.0,summer,40.73641,-73.72236,28.143,33.9,23.657,63.286,37.9,22.214,22.9,76.571,78.1,116.0,191.3,1,0,Detected in the past 2 weeks,0,0
11426,Queens,"Glen Oaks, Bellaire",2026,2026-07-06,27,-0.1205,-0.9927,summer,40.73641,-73.72236,22.929,26.643,19.629,78.714,61.7,28.143,22.214,63.286,37.9,99.6,191.6,0,1,Detected in the past 2 weeks,1,1
11426,Queens,"Glen Oaks, Bellaire",2026,2026-07-13,28,-0.2393,-0.9709,summer,40.73641,-73.72236,26.2,30.929,22.257,59.571,32.3,22.929,28.143,78.714,61.7,94.0,216.6,1,1,Detected in the past 2 weeks,1,1
11426,Queens,"Glen Oaks, Bellaire",2026,2026-07-20,29,-0.3546,-0.935,summer,40.73641,-73.72236,23.657,28.571,18.986,56.429,26.1,26.2,22.929,59.571,32.3,58.4,189.6,1,2,Detected in the past 2 weeks,1,1
11426,Queens,"Glen Oaks, Bellaire",2026,2026-07-27,30,-0.4647,-0.8855,summer,40.73641,-73.72236,23.6,27.429,20.629,80.857,47.7,23.657,26.2,56.429,26.1,73.8,189.5,1,2,Detected in the past 2 weeks,1,1
11426,Queens,"Glen Oaks, Bellaire",2026,2026-08-03,31,-0.5681,-0.823,summer,40.73641,-73.72236,25.971,30.571,22.214,75.429,49.0,23.6,23.657,80.857,47.7,96.7,190.0,1,3,Detected in the past 2 weeks,1,1
11426,Queens,"Glen Oaks, Bellaire",2026,2026-08-10,32,-0.6631,-0.7485,summer,40.73641,-73.72236,25.371,30.229,20.671,63.571,29.7,25.971,23.6,75.429,49.0,78.7,200.3,1,3,Detected in the past 2 weeks,0,0
11426,Queens,"Glen Oaks, Bellaire",2026,2026-08-17,33,-0.7485,-0.6631,summer,40.73641,-73.72236,23.28,27.5,19.76,81.2,74.1,25.371,25.971,63.571,29.7,103.8,181.5,0,3,Detected in the past 2 weeks,1,1
11427,Queens,Holliswood,2026,2026-06-01,22,0.4647,-0.8855,summer,40.73094,-73.74572,22.171,28.571,16.414,49.0,7.2,18.871,19.557,61.714,5.0,12.2,105.3,0,0,Detected earlier this season,0,0
11427,Queens,Holliswood,2026,2026-06-08,23,0.3546,-0.935,summer,40.73094,-73.74572,24.386,29.557,20.271,59.286,10.8,22.171,18.871,49.0,7.2,18.0,140.7,0,0,Detected earlier this season,0,0
11427,Queens,Holliswood,2026,2026-06-15,24,0.2393,-0.9709,summer,40.73094,-73.74572,23.186,27.986,18.457,51.714,17.3,24.386,22.171,59.286,10.8,28.1,170.7,0,0,Detected earlier this season,0,0
11427,Queens,Holliswood,2026,2026-06-22,25,0.1205,-0.9927,summer,40.73094,-73.74572,22.386,26.1,19.171,75.714,79.0,23.186,24.386,51.714,17.3,96.3,170.1,0,0,Detected earlier this season,0,0
11427,Queens,Holliswood,2026,2026-06-29,26,-0.0,-1.0,summer,40.73094,-73.74572,28.4,33.871,23.857,63.0,42.9,22.386,23.186,75.714,79.0,121.9,196.2,0,0,Detected earlier this season,0,0
11427,Queens,Holliswood,2026,2026-07-06,27,-0.1205,-0.9927,summer,40.73094,-73.74572,23.229,26.971,19.943,77.571,82.1,28.4,22.386,63.0,42.9,125.0,196.3,0,0,Detected earlier this season,0,0
11427,Queens,Holliswood,2026,2026-07-13,28,-0.2393,-0.9709,summer,40.73094,-73.74572,26.629,31.271,22.571,57.571,39.7,23.229,28.4,77.571,82.1,121.8,223.2,0,0,Detected earlier this season,0,0
11427,Queens,Holliswood,2026,2026-07-20,29,-0.3546,-0.935,summer,40.73094,-73.74572,23.957,28.771,19.429,55.429,17.7,26.629,23.229,57.571,39.7,57.4,196.5,0,0,Detected earlier this season,0,0
11427,Queens,Holliswood,2026,2026-07-27,30,-0.4647,-0.8855,summer,40.73094,-73.74572,23.871,27.829,20.886,79.286,51.7,23.957,26.629,55.429,17.7,69.4,196.1,0,0,Detected earlier this season,0,0
11427,Queens,Holliswood,2026,2026-08-03,31,-0.5681,-0.823,summer,40.73094,-73.74572,26.414,31.171,22.5,72.571,49.4,23.871,23.957,79.286,51.7,101.1,196.7,0,0,Detected earlier this season,1,1
11427,Queens,Holliswood,2026,2026-08-10,32,-0.6631,-0.7485,summer,40.73094,-73.74572,25.486,30.157,21.3,63.429,23.6,26.414,23.871,72.571,49.4,73.0,205.5,1,0,Detected earlier this season,0,0
11427,Queens,Holliswood,2026,2026-08-17,33,-0.7485,-0.6631,summer,40.73094,-73.74572,23.46,27.92,19.94,80.0,69.1,25.486,26.414,63.429,23.6,92.7,186.0,0,1,Detected earlier this season,0,0
11428,Queens,,2026,2026-06-01,22,0.4647,-0.8855,summer,40.72099,-73.7422,22.171,28.571,16.414,49.0,7.2,18.871,19.557,61.714,5.0,12.2,105.3,0,0,Not detected,0,0
11428,Queens,,2026,2026-06-08,23,0.3546,-0.935,summer,40.72099,-73.7422,24.386,29.557,20.271,59.286,10.8,22.171,18.871,49.0,7.2,18.0,140.7,0,0,Not detected,0,0
11428,Queens,,2026,2026-06-15,24,0.2393,-0.9709,summer,40.72099,-73.7422,23.186,27.986,18.457,51.714,17.3,24.386,22.171,59.286,10.8,28.1,170.7,0,0,Not detected,0,0
11428,Queens,,2026,2026-06-22,25,0.1205,-0.9927,summer,40.72099,-73.7422,22.386,26.1,19.171,75.714,79.0,23.186,24.386,51.714,17.3,96.3,170.1,0,0,Not detected,0,0
11428,Queens,,2026,2026-06-29,26,-0.0,-1.0,summer,40.72099,-73.7422,28.4,33.871,23.857,63.0,42.9,22.386,23.186,75.714,79.0,121.9,196.2,0,0,Not detected,0,0
11428,Queens,,2026,2026-07-06,27,-0.1205,-0.9927,summer,40.72099,-73.7422,23.229,26.971,19.943,77.571,82.1,28.4,22.386,63.0,42.9,125.0,196.3,0,0,Not detected,0,0
11428,Queens,,2026,2026-07-13,28,-0.2393,-0.9709,summer,40.72099,-73.7422,26.629,31.271,22.571,57.571,39.7,23.229,28.4,77.571,82.1,121.8,223.2,0,0,Not detected,0,0
11428,Queens,,2026,2026-07-20,29,-0.3546,-0.935,summer,40.72099,-73.7422,23.957,28.771,19.429,55.429,17.7,26.629,23.229,57.571,39.7,57.4,196.5,0,0,Not detected,0,0
11428,Queens,,2026,2026-07-27,30,-0.4647,-0.8855,summer,40.72099,-73.7422,23.871,27.829,20.886,79.286,51.7,23.957,26.629,55.429,17.7,69.4,196.1,0,0,Not detected,0,0
11428,Queens,,2026,2026-08-03,31,-0.5681,-0.823,summer,40.72099,-73.7422,26.414,31.171,22.5,72.571,49.4,23.871,23.957,79.286,51.7,101.1,196.7,0,0,Not detected,0,0
11428,Queens,,2026,2026-08-10,32,-0.6631,-0.7485,summer,40.72099,-73.7422,25.486,30.157,21.3,63.429,23.6,26.414,23.871,72.571,49.4,73.0,205.5,0,0,Not detected,0,0
11428,Queens,,2026,2026-08-17,33,-0.7485,-0.6631,summer,40.72099,-73.7422,23.46,27.92,19.94,80.0,69.1,25.486,26.414,63.429,23.6,92.7,186.0,0,0,Not detected,0,0
11429,Queens,,2026,2026-06-01,22,0.4647,-0.8855,summer,40.70956,-73.73848,22.171,28.571,16.414,49.0,7.2,18.871,19.557,61.714,5.0,12.2,105.3,0,0,Not detected,0,0
11429,Queens,,2026,2026-06-08,23,0.3546,-0.935,summer,40.70956,-73.73848,24.386,29.557,20.271,59.286,10.8,22.171,18.871,49.0,7.2,18.0,140.7,0,0,Not detected,0,0
11429,Queens,,2026,2026-06-15,24,0.2393,-0.9709,summer,40.70956,-73.73848,23.186,27.986,18.457,51.714,17.3,24.386,22.171,59.286,10.8,28.1,170.7,0,0,Not detected,0,0
11429,Queens,,2026,2026-06-22,25,0.1205,-0.9927,summer,40.70956,-73.73848,22.386,26.1,19.171,75.714,79.0,23.186,24.386,51.714,17.3,96.3,170.1,0,0,Not detected,0,0
11429,Queens,,2026,2026-06-29,26,-0.0,-1.0,summer,40.70956,-73.73848,28.4,33.871,23.857,63.0,42.9,22.386,23.186,75.714,79.0,121.9,196.2,0,0,Not detected,0,0
11429,Queens,,2026,2026-07-06,27,-0.1205,-0.9927,summer,40.70956,-73.73848,23.229,26.971,19.943,77.571,82.1,28.4,22.386,63.0,42.9,125.0,196.3,0,0,Not detected,0,0
11429,Queens,,2026,2026-07-13,28,-0.2393,-0.9709,summer,40.70956,-73.73848,26.629,31.271,22.571,57.571,39.7,23.229,28.4,77.571,82.1,121.8,223.2,0,0,Not detected,0,0
11429,Queens,,2026,2026-07-20,29,-0.3546,-0.935,summer,40.70956,-73.73848,23.957,28.771,19.429,55.429,17.7,26.629,23.229,57.571,39.7,57.4,196.5,0,0,Not detected,0,0
11429,Queens,,2026,2026-07-27,30,-0.4647,-0.8855,summer,40.70956,-73.73848,23.871,27.829,20.886,79.286,51.7,23.957,26.629,55.429,17.7,69.4,196.1,0,0,Not detected,0,0
11429,Queens,,2026,2026-08-03,31,-0.5681,-0.823,summer,40.70956,-73.73848,26.414,31.171,22.5,72.571,49.4,23.871,23.957,79.286,51.7,101.1,196.7,0,0,Not detected,0,0
11429,Queens,,2026,2026-08-10,32,-0.6631,-0.7485,summer,40.70956,-73.73848,25.486,30.157,21.3,63.429,23.6,26.414,23.871,72.571,49.4,73.0,205.5,0,0,Not detected,0,0
11429,Queens,,2026,2026-08-17,33,-0.7485,-0.6631,summer,40.70956,-73.73848,23.46,27.92,19.94,80.0,69.1,25.486,26.414,63.429,23.6,92.7,186.0,0,0,Not detected,0,0
11430,Queens,,2026,2026-06-01,22,0.4647,-0.8855,summer,40.64697,-73.7873,21.257,26.629,16.386,52.714,8.7,18.629,18.8,62.857,4.9,13.6,93.5,0,0,Not detected,0,0
11430,Queens,,2026,2026-06-08,23,0.3546,-0.935,summer,40.64697,-73.7873,23.471,27.043,20.229,63.571,8.5,21.257,18.629,52.714,8.7,17.2,126.5,0,0,Not detected,0,0
11430,Queens,,2026,2026-06-15,24,0.2393,-0.9709,summer,40.64697,-73.7873,22.886,27.057,18.657,53.571,17.3,23.471,21.257,63.571,8.5,25.8,156.2,0,0,Not detected,0,0
11430,Queens,,2026,2026-06-22,25,0.1205,-0.9927,summer,40.64697,-73.7873,22.143,25.286,19.3,77.714,63.0,22.886,23.471,53.571,17.3,80.3,160.4,0,0,Not detected,0,0
11430,Queens,,2026,2026-06-29,26,-0.0,-1.0,summer,40.64697,-73.7873,27.429,31.143,23.9,66.714,26.1,22.143,22.886,77.714,63.0,89.1,185.4,0,0,Not detected,0,0
11430,Queens,,2026,2026-07-06,27,-0.1205,-0.9927,summer,40.64697,-73.7873,23.186,26.3,20.1,78.0,69.0,27.429,22.143,66.714,26.1,95.1,187.7,0,0,Not detected,0,0
11430,Queens,,2026,2026-07-13,28,-0.2393,-0.9709,summer,40.64697,-73.7873,26.457,30.329,22.843,59.143,33.0,23.186,27.429,78.0,69.0,102.0,215.4,0,0,Not detected,0,0
11430,Queens,,2026,2026-07-20,29,-0.3546,-0.935,summer,40.64697,-73.7873,23.514,27.257,19.514,58.143,28.5,26.457,23.186,59.143,33.0,61.5,191.6,0,0,Not detected,0,0
11430,Queens,,2026,2026-07-27,30,-0.4647,-0.8855,summer,40.64697,-73.7873,23.657,26.814,21.114,80.857,51.6,23.514,26.457,58.143,28.5,80.1,191.1,0,0,Not detected,0,0
11430,Queens,,2026,2026-08-03,31,-0.5681,-0.823,summer,40.64697,-73.7873,26.071,29.657,22.743,75.0,41.3,23.657,23.514,80.857,51.6,92.9,190.1,0,0,Not detected,0,0
11430,Queens,,2026,2026-08-10,32,-0.6631,-0.7485,summer,40.64697,-73.7873,25.171,28.9,21.6,66.286,22.4,26.071,23.657,75.0,41.3,63.7,200.1,0,0,Not detected,0,0
11430,Queens,,2026,2026-08-17,33,-0.7485,-0.6631,summer,40.64697,-73.7873,23.54,27.18,20.3,81.0,74.3,25.171,26.071,66.286,22.4,96.7,181.9,0,0,Not detected,0,0
11432,Queens,Jamaica Hills,2026,2026-06-01,22,0.4647,-0.8855,summer,40.71493,-73.79296,22.171,28.571,16.414,49.0,7.2,18.871,19.557,61.714,5.0,12.2,105.3,0,0,Detected earlier this season,0,0
11432,Queens,Jamaica Hills,2026,2026-06-08,23,0.3546,-0.935,summer,40.71493,-73.79296,24.386,29.557,20.271,59.286,10.8,22.171,18.871,49.0,7.2,18.0,140.7,0,0,Detected earlier this season,0,0
11432,Queens,Jamaica Hills,2026,2026-06-15,24,0.2393,-0.9709,summer,40.71493,-73.79296,23.186,27.986,18.457,51.714,17.3,24.386,22.171,59.286,10.8,28.1,170.7,0,0,Detected earlier this season,0,0
11432,Queens,Jamaica Hills,2026,2026-06-22,25,0.1205,-0.9927,summer,40.71493,-73.79296,22.386,26.1,19.171,75.714,79.0,23.186,24.386,51.714,17.3,96.3,170.1,0,0,Detected earlier this season,0,0
11432,Queens,Jamaica Hills,2026,2026-06-29,26,-0.0,-1.0,summer,40.71493,-73.79296,28.4,33.871,23.857,63.0,42.9,22.386,23.186,75.714,79.0,121.9,196.2,0,0,Detected earlier this season,0,0
11432,Queens,Jamaica Hills,2026,2026-07-06,27,-0.1205,-0.9927,summer,40.71493,-73.79296,23.229,26.971,19.943,77.571,82.1,28.4,22.386,63.0,42.9,125.0,196.3,0,0,Detected earlier this season,0,0
11432,Queens,Jamaica Hills,2026,2026-07-13,28,-0.2393,-0.9709,summer,40.71493,-73.79296,26.629,31.271,22.571,57.571,39.7,23.229,28.4,77.571,82.1,121.8,223.2,0,0,Detected earlier this season,1,1
11432,Queens,Jamaica Hills,2026,2026-07-20,29,-0.3546,-0.935,summer,40.71493,-73.79296,23.957,28.771,19.429,55.429,17.7,26.629,23.229,57.571,39.7,57.4,196.5,1,0,Detected earlier this season,1,1
11432,Queens,Jamaica Hills,2026,2026-07-27,30,-0.4647,-0.8855,summer,40.71493,-73.79296,23.871,27.829,20.886,79.286,51.7,23.957,26.629,55.429,17.7,69.4,196.1,1,1,Detected earlier this season,1,1
11432,Queens,Jamaica Hills,2026,2026-08-03,31,-0.5681,-0.823,summer,40.71493,-73.79296,26.414,31.171,22.5,72.571,49.4,23.871,23.957,79.286,51.7,101.1,196.7,1,2,Detected earlier this season,0,0
11432,Queens,Jamaica Hills,2026,2026-08-10,32,-0.6631,-0.7485,summer,40.71493,-73.79296,25.486,30.157,21.3,63.429,23.6,26.414,23.871,72.571,49.4,73.0,205.5,0,3,Detected earlier this season,0,0
11432,Queens,Jamaica Hills,2026,2026-08-17,33,-0.7485,-0.6631,summer,40.71493,-73.79296,23.46,27.92,19.94,80.0,69.1,25.486,26.414,63.429,23.6,92.7,186.0,0,2,Detected earlier this season,0,0
11433,Queens,South Jamaica,2026,2026-06-01,22,0.4647,-0.8855,summer,40.69809,-73.78675,21.257,26.629,16.386,52.714,8.7,18.629,18.8,62.857,4.9,13.6,93.5,0,0,Detected in the past 2 weeks,0,0
11433,Queens,South Jamaica,2026,2026-06-08,23,0.3546,-0.935,summer,40.69809,-73.78675,23.471,27.043,20.229,63.571,8.5,21.257,18.629,52.714,8.7,17.2,126.5,0,0,Detected in the past 2 weeks,0,0
11433,Queens,South Jamaica,2026,2026-06-15,24,0.2393,-0.9709,summer,40.69809,-73.78675,22.886,27.057,18.657,53.571,17.3,23.471,21.257,63.571,8.5,25.8,156.2,0,0,Detected in the past 2 weeks,0,0
11433,Queens,South Jamaica,2026,2026-06-22,25,0.1205,-0.9927,summer,40.69809,-73.78675,22.143,25.286,19.3,77.714,63.0,22.886,23.471,53.571,17.3,80.3,160.4,0,0,Detected in the past 2 weeks,0,0
11433,Queens,South Jamaica,2026,2026-06-29,26,-0.0,-1.0,summer,40.69809,-73.78675,27.429,31.143,23.9,66.714,26.1,22.143,22.886,77.714,63.0,89.1,185.4,0,0,Detected in the past 2 weeks,0,0
11433,Queens,South Jamaica,2026,2026-07-06,27,-0.1205,-0.9927,summer,40.69809,-73.78675,23.186,26.3,20.1,78.0,69.0,27.429,22.143,66.714,26.1,95.1,187.7,0,0,Detected in the past 2 weeks,0,0
11433,Queens,South Jamaica,2026,2026-07-13,28,-0.2393,-0.9709,summer,40.69809,-73.78675,26.457,30.329,22.843,59.143,33.0,23.186,27.429,78.0,69.0,102.0,215.4,0,0,Detected in the past 2 weeks,0,0
11433,Queens,South Jamaica,2026,2026-07-20,29,-0.3546,-0.935,summer,40.69809,-73.78675,23.514,27.257,19.514,58.143,28.5,26.457,23.186,59.143,33.0,61.5,191.6,0,0,Detected in the past 2 weeks,1,1
11433,Queens,South Jamaica,2026,2026-07-27,30,-0.4647,-0.8855,summer,40.69809,-73.78675,23.657,26.814,21.114,80.857,51.6,23.514,26.457,58.143,28.5,80.1,191.1,1,0,Detected in the past 2 weeks,1,1
11433,Queens,South Jamaica,2026,2026-08-03,31,-0.5681,-0.823,summer,40.69809,-73.78675,26.071,29.657,22.743,75.0,41.3,23.657,23.514,80.857,51.6,92.9,190.1,1,1,Detected in the past 2 weeks,1,1
11433,Queens,South Jamaica,2026,2026-08-10,32,-0.6631,-0.7485,summer,40.69809,-73.78675,25.171,28.9,21.6,66.286,22.4,26.071,23.657,75.0,41.3,63.7,200.1,1,2,Detected in the past 2 weeks,1,1
11433,Queens,South Jamaica,2026,2026-08-17,33,-0.7485,-0.6631,summer,40.69809,-73.78675,23.54,27.18,20.3,81.0,74.3,25.171,26.071,66.286,22.4,96.7,181.9,1,3,Detected in the past 2 weeks,1,1
11434,Queens,Rochdale,2026,2026-06-01,22,0.4647,-0.8855,summer,40.67786,-73.77707,21.257,26.629,16.386,52.714,8.7,18.629,18.8,62.857,4.9,13.6,93.5,0,0,Detected in the past 2 weeks,0,0
11434,Queens,Rochdale,2026,2026-06-08,23,0.3546,-0.935,summer,40.67786,-73.77707,23.471,27.043,20.229,63.571,8.5,21.257,18.629,52.714,8.7,17.2,126.5,0,0,Detected in the past 2 weeks,0,0
11434,Queens,Rochdale,2026,2026-06-15,24,0.2393,-0.9709,summer,40.67786,-73.77707,22.886,27.057,18.657,53.571,17.3,23.471,21.257,63.571,8.5,25.8,156.2,0,0,Detected in the past 2 weeks,0,0
11434,Queens,Rochdale,2026,2026-06-22,25,0.1205,-0.9927,summer,40.67786,-73.77707,22.143,25.286,19.3,77.714,63.0,22.886,23.471,53.571,17.3,80.3,160.4,0,0,Detected in the past 2 weeks,0,0
11434,Queens,Rochdale,2026,2026-06-29,26,-0.0,-1.0,summer,40.67786,-73.77707,27.429,31.143,23.9,66.714,26.1,22.143,22.886,77.714,63.0,89.1,185.4,0,0,Detected in the past 2 weeks,0,0
11434,Queens,Rochdale,2026,2026-07-06,27,-0.1205,-0.9927,summer,40.67786,-73.77707,23.186,26.3,20.1,78.0,69.0,27.429,22.143,66.714,26.1,95.1,187.7,0,0,Detected in the past 2 weeks,1,1
11434,Queens,Rochdale,2026,2026-07-13,28,-0.2393,-0.9709,summer,40.67786,-73.77707,26.457,30.329,22.843,59.143,33.0,23.186,27.429,78.0,69.0,102.0,215.4,1,0,Detected in the past 2 weeks,2,1
11434,Queens,Rochdale,2026,2026-07-20,29,-0.3546,-0.935,summer,40.67786,-73.77707,23.514,27.257,19.514,58.143,28.5,26.457,23.186,59.143,33.0,61.5,191.6,2,1,Detected in the past 2 weeks,1,1
11434,Queens,Rochdale,2026,2026-07-27,30,-0.4647,-0.8855,summer,40.67786,-73.77707,23.657,26.814,21.114,80.857,51.6,23.514,26.457,58.143,28.5,80.1,191.1,1,3,Detected in the past 2 weeks,2,1
11434,Queens,Rochdale,2026,2026-08-03,31,-0.5681,-0.823,summer,40.67786,-73.77707,26.071,29.657,22.743,75.0,41.3,23.657,23.514,80.857,51.6,92.9,190.1,2,4,Detected in the past 2 weeks,2,1
11434,Queens,Rochdale,2026,2026-08-10,32,-0.6631,-0.7485,summer,40.67786,-73.77707,25.171,28.9,21.6,66.286,22.4,26.071,23.657,75.0,41.3,63.7,200.1,2,5,Detected in the past 2 weeks,2,1
11434,Queens,Rochdale,2026,2026-08-17,33,-0.7485,-0.6631,summer,40.67786,-73.77707,23.54,27.18,20.3,81.0,74.3,25.171,26.071,66.286,22.4,96.7,181.9,2,5,Detected in the past 2 weeks,2,1
11435,Queens,Briarwood,2026,2026-06-01,22,0.4647,-0.8855,summer,40.70108,-73.80964,21.257,26.629,16.386,52.714,8.7,18.629,18.8,62.857,4.9,13.6,93.5,0,0,Detected earlier this season,0,0
11435,Queens,Briarwood,2026,2026-06-08,23,0.3546,-0.935,summer,40.70108,-73.80964,23.471,27.043,20.229,63.571,8.5,21.257,18.629,52.714,8.7,17.2,126.5,0,0,Detected earlier this season,0,0
11435,Queens,Briarwood,2026,2026-06-15,24,0.2393,-0.9709,summer,40.70108,-73.80964,22.886,27.057,18.657,53.571,17.3,23.471,21.257,63.571,8.5,25.8,156.2,0,0,Detected earlier this season,0,0
11435,Queens,Briarwood,2026,2026-06-22,25,0.1205,-0.9927,summer,40.70108,-73.80964,22.143,25.286,19.3,77.714,63.0,22.886,23.471,53.571,17.3,80.3,160.4,0,0,Detected earlier this season,0,0
11435,Queens,Briarwood,2026,2026-06-29,26,-0.0,-1.0,summer,40.70108,-73.80964,27.429,31.143,23.9,66.714,26.1,22.143,22.886,77.714,63.0,89.1,185.4,0,0,Detected earlier this season,0,0
11435,Queens,Briarwood,2026,2026-07-06,27,-0.1205,-0.9927,summer,40.70108,-73.80964,23.186,26.3,20.1,78.0,69.0,27.429,22.143,66.714,26.1,95.1,187.7,0,0,Detected earlier this season,0,0
11435,Queens,Briarwood,2026,2026-07-13,28,-0.2393,-0.9709,summer,40.70108,-73.80964,26.457,30.329,22.843,59.143,33.0,23.186,27.429,78.0,69.0,102.0,215.4,0,0,Detected earlier this season,1,1
11435,Queens,Briarwood,2026,2026-07-20,29,-0.3546,-0.935,summer,40.70108,-73.80964,23.514,27.257,19.514,58.143,28.5,26.457,23.186,59.143,33.0,61.5,191.6,1,0,Detected earlier this season,0,0
11435,Queens,Briarwood,2026,2026-07-27,30,-0.4647,-0.8855,summer,40.70108,-73.80964,23.657,26.814,21.114,80.857,51.6,23.514,26.457,58.143,28.5,80.1,191.1,0,1,Detected earlier this season,1,1
11435,Queens,Briarwood,2026,2026-08-03,31,-0.5681,-0.823,summer,40.70108,-73.80964,26.071,29.657,22.743,75.0,41.3,23.657,23.514,80.857,51.6,92.9,190.1,1,1,Detected earlier this season,1,1
11435,Queens,Briarwood,2026,2026-08-10,32,-0.6631,-0.7485,summer,40.70108,-73.80964,25.171,28.9,21.6,66.286,22.4,26.071,23.657,75.0,41.3,63.7,200.1,1,2,Detected earlier this season,0,0
11435,Queens,Briarwood,2026,2026-08-17,33,-0.7485,-0.6631,summer,40.70108,-73.80964,23.54,27.18,20.3,81.0,74.3,25.171,26.071,66.286,22.4,96.7,181.9,0,2,Detected earlier this season,0,0
11436,Queens,Rochdale,2026,2026-06-01,22,0.4647,-0.8855,summer,40.67586,-73.79665,21.257,26.629,16.386,52.714,8.7,18.629,18.8,62.857,4.9,13.6,93.5,0,0,Detected in the past 2 weeks,0,0
11436,Queens,Rochdale,2026,2026-06-08,23,0.3546,-0.935,summer,40.67586,-73.79665,23.471,27.043,20.229,63.571,8.5,21.257,18.629,52.714,8.7,17.2,126.5,0,0,Detected in the past 2 weeks,0,0
11436,Queens,Rochdale,2026,2026-06-15,24,0.2393,-0.9709,summer,40.67586,-73.79665,22.886,27.057,18.657,53.571,17.3,23.471,21.257,63.571,8.5,25.8,156.2,0,0,Detected in the past 2 weeks,0,0
11436,Queens,Rochdale,2026,2026-06-22,25,0.1205,-0.9927,summer,40.67586,-73.79665,22.143,25.286,19.3,77.714,63.0,22.886,23.471,53.571,17.3,80.3,160.4,0,0,Detected in the past 2 weeks,0,0
11436,Queens,Rochdale,2026,2026-06-29,26,-0.0,-1.0,summer,40.67586,-73.79665,27.429,31.143,23.9,66.714,26.1,22.143,22.886,77.714,63.0,89.1,185.4,0,0,Detected in the past 2 weeks,0,0
11436,Queens,Rochdale,2026,2026-07-06,27,-0.1205,-0.9927,summer,40.67586,-73.79665,23.186,26.3,20.1,78.0,69.0,27.429,22.143,66.714,26.1,95.1,187.7,0,0,Detected in the past 2 weeks,0,0
11436,Queens,Rochdale,2026,2026-07-13,28,-0.2393,-0.9709,summer,40.67586,-73.79665,26.457,30.329,22.843,59.143,33.0,23.186,27.429,78.0,69.0,102.0,215.4,0,0,Detected in the past 2 weeks,1,1
11436,Queens,Rochdale,2026,2026-07-20,29,-0.3546,-0.935,summer,40.67586,-73.79665,23.514,27.257,19.514,58.143,28.5,26.457,23.186,59.143,33.0,61.5,191.6,1,0,Detected in the past 2 weeks,1,1
11436,Queens,Rochdale,2026,2026-07-27,30,-0.4647,-0.8855,summer,40.67586,-73.79665,23.657,26.814,21.114,80.857,51.6,23.514,26.457,58.143,28.5,80.1,191.1,1,1,Detected in the past 2 weeks,1,1
11436,Queens,Rochdale,2026,2026-08-03,31,-0.5681,-0.823,summer,40.67586,-73.79665,26.071,29.657,22.743,75.0,41.3,23.657,23.514,80.857,51.6,92.9,190.1,1,2,Detected in the past 2 weeks,1,1
11436,Queens,Rochdale,2026,2026-08-10,32,-0.6631,-0.7485,summer,40.67586,-73.79665,25.171,28.9,21.6,66.286,22.4,26.071,23.657,75.0,41.3,63.7,200.1,1,3,Detected in the past 2 weeks,1,1
11436,Queens,Rochdale,2026,2026-08-17,33,-0.7485,-0.6631,summer,40.67586,-73.79665,23.54,27.18,20.3,81.0,74.3,25.171,26.071,66.286,22.4,96.7,181.9,1,3,Detected in the past 2 weeks,1,1
11451,Queens,,2026,2026-06-01,22,0.4647,-0.8855,summer,40.70119,-73.79578,21.257,26.629,16.386,52.714,8.7,18.629,18.8,62.857,4.9,13.6,93.5,0,0,Not detected,0,0
11451,Queens,,2026,2026-06-08,23,0.3546,-0.935,summer,40.70119,-73.79578,23.471,27.043,20.229,63.571,8.5,21.257,18.629,52.714,8.7,17.2,126.5,0,0,Not detected,0,0
11451,Queens,,2026,2026-06-15,24,0.2393,-0.9709,summer,40.70119,-73.79578,22.886,27.057,18.657,53.571,17.3,23.471,21.257,63.571,8.5,25.8,156.2,0,0,Not detected,0,0
11451,Queens,,2026,2026-06-22,25,0.1205,-0.9927,summer,40.70119,-73.79578,22.143,25.286,19.3,77.714,63.0,22.886,23.471,53.571,17.3,80.3,160.4,0,0,Not detected,0,0
11451,Queens,,2026,2026-06-29,26,-0.0,-1.0,summer,40.70119,-73.79578,27.429,31.143,23.9,66.714,26.1,22.143,22.886,77.714,63.0,89.1,185.4,0,0,Not detected,0,0
11451,Queens,,2026,2026-07-06,27,-0.1205,-0.9927,summer,40.70119,-73.79578,23.186,26.3,20.1,78.0,69.0,27.429,22.143,66.714,26.1,95.1,187.7,0,0,Not detected,0,0
11451,Queens,,2026,2026-07-13,28,-0.2393,-0.9709,summer,40.70119,-73.79578,26.457,30.329,22.843,59.143,33.0,23.186,27.429,78.0,69.0,102.0,215.4,0,0,Not detected,0,0
11451,Queens,,2026,2026-07-20,29,-0.3546,-0.935,summer,40.70119,-73.79578,23.514,27.257,19.514,58.143,28.5,26.457,23.186,59.143,33.0,61.5,191.6,0,0,Not detected,0,0
11451,Queens,,2026,2026-07-27,30,-0.4647,-0.8855,summer,40.70119,-73.79578,23.657,26.814,21.114,80.857,51.6,23.514,26.457,58.143,28.5,80.1,191.1,0,0,Not detected,0,0
11451,Queens,,2026,2026-08-03,31,-0.5681,-0.823,summer,40.70119,-73.79578,26.071,29.657,22.743,75.0,41.3,23.657,23.514,80.857,51.6,92.9,190.1,0,0,Not detected,0,0
11451,Queens,,2026,2026-08-10,32,-0.6631,-0.7485,summer,40.70119,-73.79578,25.171,28.9,21.6,66.286,22.4,26.071,23.657,75.0,41.3,63.7,200.1,0,0,Not detected,0,0
11451,Queens,,2026,2026-08-17,33,-0.7485,-0.6631,summer,40.70119,-73.79578,23.54,27.18,20.3,81.0,74.3,25.171,26.071,66.286,22.4,96.7,181.9,0,0,Not detected,0,0
11691,Queens,"Far Rockaway, Edgemere",2026,2026-06-01,22,0.4647,-0.8855,summer,40.6021,-73.76179,21.286,26.629,16.386,52.714,8.7,18.671,18.8,63.0,4.9,13.6,94.0,0,0,Detected in the past 2 weeks,0,0
11691,Queens,"Far Rockaway, Edgemere",2026,2026-06-08,23,0.3546,-0.935,summer,40.6021,-73.76179,23.5,27.043,20.229,63.571,8.5,21.286,18.671,52.714,8.7,17.2,127.2,0,0,Detected in the past 2 weeks,0,0
11691,Queens,"Far Rockaway, Edgemere",2026,2026-06-15,24,0.2393,-0.9709,summer,40.6021,-73.76179,22.886,27.057,18.657,53.571,17.3,23.5,21.286,63.571,8.5,25.8,156.6,0,0,Detected in the past 2 weeks,0,0
11691,Queens,"Far Rockaway, Edgemere",2026,2026-06-22,25,0.1205,-0.9927,summer,40.6021,-73.76179,22.143,25.286,19.3,77.714,63.0,22.886,23.5,53.571,17.3,80.3,160.6,0,0,Detected in the past 2 weeks,0,0
11691,Queens,"Far Rockaway, Edgemere",2026,2026-06-29,26,-0.0,-1.0,summer,40.6021,-73.76179,27.457,31.143,23.9,66.714,26.1,22.143,22.886,77.714,63.0,89.1,185.6,0,0,Detected in the past 2 weeks,0,0
11691,Queens,"Far Rockaway, Edgemere",2026,2026-07-06,27,-0.1205,-0.9927,summer,40.6021,-73.76179,23.186,26.3,20.1,78.0,69.0,27.457,22.143,66.714,26.1,95.1,187.9,0,0,Detected in the past 2 weeks,0,0
11691,Queens,"Far Rockaway, Edgemere",2026,2026-07-13,28,-0.2393,-0.9709,summer,40.6021,-73.76179,26.471,30.329,22.843,59.143,33.0,23.186,27.457,78.0,69.0,102.0,215.7,0,0,Detected in the past 2 weeks,0,0
11691,Queens,"Far Rockaway, Edgemere",2026,2026-07-20,29,-0.3546,-0.935,summer,40.6021,-73.76179,23.514,27.257,19.514,58.143,28.5,26.471,23.186,59.143,33.0,61.5,191.7,0,0,Detected in the past 2 weeks,0,0
11691,Queens,"Far Rockaway, Edgemere",2026,2026-07-27,30,-0.4647,-0.8855,summer,40.6021,-73.76179,23.714,26.814,21.114,80.857,51.6,23.514,26.471,58.143,28.5,80.1,191.5,0,0,Detected in the past 2 weeks,1,1
11691,Queens,"Far Rockaway, Edgemere",2026,2026-08-03,31,-0.5681,-0.823,summer,40.6021,-73.76179,26.1,29.657,22.743,75.0,41.3,23.714,23.514,80.857,51.6,92.9,190.7,1,0,Detected in the past 2 weeks,1,1
11691,Queens,"Far Rockaway, Edgemere",2026,2026-08-10,32,-0.6631,-0.7485,summer,40.6021,-73.76179,25.171,28.9,21.6,66.286,22.4,26.1,23.714,75.0,41.3,63.7,200.6,1,1,Detected in the past 2 weeks,1,1
11691,Queens,"Far Rockaway, Edgemere",2026,2026-08-17,33,-0.7485,-0.6631,summer,40.6021,-73.76179,23.54,27.18,20.3,81.0,74.3,25.171,26.1,66.286,22.4,96.7,182.0,1,2,Detected in the past 2 weeks,1,1
11692,Queens,Somerville,2026,2026-06-01,22,0.4647,-0.8855,summer,40.59415,-73.79199,21.3,26.629,16.386,52.714,8.7,18.671,18.843,63.0,4.9,13.6,94.3,0,0,Detected in the past 2 weeks,0,0
11692,Queens,Somerville,2026,2026-06-08,23,0.3546,-0.935,summer,40.59415,-73.79199,23.514,27.043,20.229,63.571,8.5,21.3,18.671,52.714,8.7,17.2,127.4,0,0,Detected in the past 2 weeks,0,0
11692,Queens,Somerville,2026,2026-06-15,24,0.2393,-0.9709,summer,40.59415,-73.79199,22.914,27.057,18.657,53.571,17.3,23.514,21.3,63.571,8.5,25.8,157.0,0,0,Detected in the past 2 weeks,0,0
11692,Queens,Somerville,2026,2026-06-22,25,0.1205,-0.9927,summer,40.59415,-73.79199,22.143,25.286,19.3,77.714,63.0,22.914,23.514,53.571,17.3,80.3,160.9,0,0,Detected in the past 2 weeks,0,0
11692,Queens,Somerville,2026,2026-06-29,26,-0.0,-1.0,summer,40.59415,-73.79199,27.457,31.143,23.9,66.714,26.1,22.143,22.914,77.714,63.0,89.1,185.8,0,0,Detected in the past 2 weeks,0,0
11692,Queens,Somerville,2026,2026-07-06,27,-0.1205,-0.9927,summer,40.59415,-73.79199,23.186,26.3,20.1,78.0,69.0,27.457,22.143,66.714,26.1,95.1,187.9,0,0,Detected in the past 2 weeks,0,0
11692,Queens,Somerville,2026,2026-07-13,28,-0.2393,-0.9709,summer,40.59415,-73.79199,26.486,30.329,22.843,59.143,33.0,23.186,27.457,78.0,69.0,102.0,215.8,0,0,Detected in the past 2 weeks,0,0
11692,Queens,Somerville,2026,2026-07-20,29,-0.3546,-0.935,summer,40.59415,-73.79199,23.529,27.257,19.514,58.143,28.5,26.486,23.186,59.143,33.0,61.5,191.9,0,0,Detected in the past 2 weeks,0,0
11692,Queens,Somerville,2026,2026-07-27,30,-0.4647,-0.8855,summer,40.59415,-73.79199,23.757,26.814,21.114,80.857,51.6,23.529,26.486,58.143,28.5,80.1,192.0,0,0,Detected in the past 2 weeks,0,0
11692,Queens,Somerville,2026,2026-08-03,31,-0.5681,-0.823,summer,40.59415,-73.79199,26.129,29.657,22.743,75.0,41.3,23.757,23.529,80.857,51.6,92.9,191.3,0,0,Detected in the past 2 weeks,0,0
11692,Queens,Somerville,2026,2026-08-10,32,-0.6631,-0.7485,summer,40.59415,-73.79199,25.214,28.9,21.6,66.286,22.4,26.129,23.757,75.0,41.3,63.7,201.4,0,0,Detected in the past 2 weeks,1,1
11692,Queens,Somerville,2026,2026-08-17,33,-0.7485,-0.6631,summer,40.59415,-73.79199,23.56,27.18,20.3,81.0,74.3,25.214,26.129,66.286,22.4,96.7,182.6,1,0,Detected in the past 2 weeks,1,1
11693,Queens,,2026,2026-06-01,22,0.4647,-0.8855,summer,40.59166,-73.80967,21.3,26.629,16.386,52.714,8.7,18.671,18.843,63.0,4.9,13.6,94.3,0,0,Not detected,0,0
11693,Queens,,2026,2026-06-08,23,0.3546,-0.935,summer,40.59166,-73.80967,23.514,27.043,20.229,63.571,8.5,21.3,18.671,52.714,8.7,17.2,127.4,0,0,Not detected,0,0
11693,Queens,,2026,2026-06-15,24,0.2393,-0.9709,summer,40.59166,-73.80967,22.914,27.057,18.657,53.571,17.3,23.514,21.3,63.571,8.5,25.8,157.0,0,0,Not detected,0,0
11693,Queens,,2026,2026-06-22,25,0.1205,-0.9927,summer,40.59166,-73.80967,22.143,25.286,19.3,77.714,63.0,22.914,23.514,53.571,17.3,80.3,160.9,0,0,Not detected,0,0
11693,Queens,,2026,2026-06-29,26,-0.0,-1.0,summer,40.59166,-73.80967,27.457,31.143,23.9,66.714,26.1,22.143,22.914,77.714,63.0,89.1,185.8,0,0,Not detected,0,0
11693,Queens,,2026,2026-07-06,27,-0.1205,-0.9927,summer,40.59166,-73.80967,23.186,26.3,20.1,78.0,69.0,27.457,22.143,66.714,26.1,95.1,187.9,0,0,Not detected,0,0
11693,Queens,,2026,2026-07-13,28,-0.2393,-0.9709,summer,40.59166,-73.80967,26.486,30.329,22.843,59.143,33.0,23.186,27.457,78.0,69.0,102.0,215.8,0,0,Not detected,0,0
11693,Queens,,2026,2026-07-20,29,-0.3546,-0.935,summer,40.59166,-73.80967,23.529,27.257,19.514,58.143,28.5,26.486,23.186,59.143,33.0,61.5,191.9,0,0,Not detected,0,0
11693,Queens,,2026,2026-07-27,30,-0.4647,-0.8855,summer,40.59166,-73.80967,23.757,26.814,21.114,80.857,51.6,23.529,26.486,58.143,28.5,80.1,192.0,0,0,Not detected,0,0
11693,Queens,,2026,2026-08-03,31,-0.5681,-0.823,summer,40.59166,-73.80967,26.129,29.657,22.743,75.0,41.3,23.757,23.529,80.857,51.6,92.9,191.3,0,0,Not detected,0,0
11693,Queens,,2026,2026-08-10,32,-0.6631,-0.7485,summer,40.59166,-73.80967,25.214,28.9,21.6,66.286,22.4,26.129,23.757,75.0,41.3,63.7,201.4,0,0,Not detected,0,0
11693,Queens,,2026,2026-08-17,33,-0.7485,-0.6631,summer,40.59166,-73.80967,23.56,27.18,20.3,81.0,74.3,25.214,26.129,66.286,22.4,96.7,182.6,0,0,Not detected,0,0
11694,Queens,,2026,2026-06-01,22,0.4647,-0.8855,summer,40.57531,-73.85124,21.314,26.629,16.386,52.714,8.7,18.671,18.843,63.0,4.9,13.6,94.4,0,0,Not detected,0,0
11694,Queens,,2026,2026-06-08,23,0.3546,-0.935,summer,40.57531,-73.85124,23.514,27.043,20.229,63.571,8.5,21.314,18.671,52.714,8.7,17.2,127.5,0,0,Not detected,0,0
11694,Queens,,2026,2026-06-15,24,0.2393,-0.9709,summer,40.57531,-73.85124,22.914,27.057,18.657,53.571,17.3,23.514,21.314,63.571,8.5,25.8,157.1,0,0,Not detected,0,0
11694,Queens,,2026,2026-06-22,25,0.1205,-0.9927,summer,40.57531,-73.85124,22.157,25.286,19.3,77.714,63.0,22.914,23.514,53.571,17.3,80.3,161.0,0,0,Not detected,0,0
11694,Queens,,2026,2026-06-29,26,-0.0,-1.0,summer,40.57531,-73.85124,27.471,31.143,23.9,66.714,26.1,22.157,22.914,77.714,63.0,89.1,186.0,0,0,Not detected,0,0
11694,Queens,,2026,2026-07-06,27,-0.1205,-0.9927,summer,40.57531,-73.85124,23.186,26.3,20.1,78.0,69.0,27.471,22.157,66.714,26.1,95.1,188.1,0,0,Not detected,0,0
11694,Queens,,2026,2026-07-13,28,-0.2393,-0.9709,summer,40.57531,-73.85124,26.486,30.329,22.843,59.143,33.0,23.186,27.471,78.0,69.0,102.0,215.9,0,0,Not detected,0,0
11694,Queens,,2026,2026-07-20,29,-0.3546,-0.935,summer,40.57531,-73.85124,23.529,27.257,19.514,58.143,28.5,26.486,23.186,59.143,33.0,61.5,191.9,0,0,Not detected,0,0
11694,Queens,,2026,2026-07-27,30,-0.4647,-0.8855,summer,40.57531,-73.85124,23.757,26.814,21.114,80.857,51.6,23.529,26.486,58.143,28.5,80.1,192.0,0,0,Not detected,0,0
11694,Queens,,2026,2026-08-03,31,-0.5681,-0.823,summer,40.57531,-73.85124,26.143,29.657,22.743,75.0,41.3,23.757,23.529,80.857,51.6,92.9,191.4,0,0,Not detected,0,0
11694,Queens,,2026,2026-08-10,32,-0.6631,-0.7485,summer,40.57531,-73.85124,25.214,28.9,21.6,66.286,22.4,26.143,23.757,75.0,41.3,63.7,201.5,0,0,Not detected,0,0
11694,Queens,,2026,2026-08-17,33,-0.7485,-0.6631,summer,40.57531,-73.85124,23.56,27.18,20.3,81.0,74.3,25.214,26.143,66.286,22.4,96.7,182.7,0,0,Not detected,0,0
11697,Queens,,2026,2026-06-01,22,0.4647,-0.8855,summer,40.55713,-73.91372,21.171,26.471,16.543,54.571,8.9,18.9,18.871,62.714,4.7,13.6,95.1,0,0,Not detected,0,0
11697,Queens,,2026,2026-06-08,23,0.3546,-0.935,summer,40.55713,-73.91372,23.514,27.086,20.214,64.286,13.7,21.171,18.9,54.571,8.9,22.6,128.0,0,0,Not detected,0,0
11697,Queens,,2026,2026-06-15,24,0.2393,-0.9709,summer,40.55713,-73.91372,22.586,26.371,18.643,55.714,18.2,23.514,21.171,64.286,13.7,31.9,154.4,0,0,Not detected,0,0
11697,Queens,,2026,2026-06-22,25,0.1205,-0.9927,summer,40.55713,-73.91372,21.986,24.771,19.371,79.429,46.0,22.586,23.514,55.714,18.2,64.2,157.4,0,0,Not detected,0,0
11697,Queens,,2026,2026-06-29,26,-0.0,-1.0,summer,40.55713,-73.91372,27.614,31.9,23.9,66.429,23.9,21.986,22.586,79.429,46.0,69.9,183.5,0,0,Not detected,0,0
11697,Queens,,2026,2026-07-06,27,-0.1205,-0.9927,summer,40.55713,-73.91372,23.143,26.257,20.357,79.286,56.3,27.614,21.986,66.429,23.9,80.2,187.6,0,0,Not detected,0,0
11697,Queens,,2026,2026-07-13,28,-0.2393,-0.9709,summer,40.55713,-73.91372,26.343,30.257,22.829,59.714,31.4,23.143,27.614,79.286,56.3,87.7,215.9,0,0,Not detected,0,0
11697,Queens,,2026,2026-07-20,29,-0.3546,-0.935,summer,40.55713,-73.91372,23.129,26.6,19.529,61.143,15.1,26.343,23.143,59.714,31.4,46.5,187.4,0,0,Not detected,0,0
11697,Queens,,2026,2026-07-27,30,-0.4647,-0.8855,summer,40.55713,-73.91372,23.614,26.457,21.3,81.714,61.4,23.129,26.343,61.143,15.1,76.5,187.4,0,0,Not detected,0,0
11697,Queens,,2026,2026-08-03,31,-0.5681,-0.823,summer,40.55713,-73.91372,25.843,29.314,22.771,76.429,42.3,23.614,23.129,81.714,61.4,103.7,185.7,0,0,Not detected,0,0
11697,Queens,,2026,2026-08-10,32,-0.6631,-0.7485,summer,40.55713,-73.91372,25.157,28.386,21.8,66.714,20.1,25.843,23.614,76.429,42.3,62.4,198.6,0,0,Not detected,0,0
11697,Queens,,2026,2026-08-17,33,-0.7485,-0.6631,summer,40.55713,-73.91372,23.68,27.08,20.66,80.6,63.7,25.157,25.843,66.714,20.1,83.8,180.8,0,0,Not detected,0,0
